seq_id	go_terms
DATABASE|AP00002	GO:0005576|GO:0042381
DATABASE|AP00003	GO:0006952
DATABASE|AP00004	GO:0006952
DATABASE|AP00005	GO:0005576|GO:0019731
DATABASE|AP00011	GO:0005576|GO:0019731
DATABASE|AP00012	GO:0006952
DATABASE|AP00013	GO:0006952
DATABASE|AP00015	GO:0006952
DATABASE|AP00016	GO:0006952
DATABASE|AP00017	GO:0006952
DATABASE|AP00018	GO:0006952
DATABASE|AP00019	GO:0006952
DATABASE|AP00020	GO:0006952
DATABASE|AP00021	GO:0006952
DATABASE|AP00022	GO:0006952
DATABASE|AP00032	GO:0005576|GO:0019731
DATABASE|AP00033	GO:0005576|GO:0019731
DATABASE|AP00034	GO:0005576|GO:0019731
DATABASE|AP00036	GO:0005576|GO:0005615|GO:0006952|GO:0031731|GO:0042056|GO:0042742|GO:0060326
DATABASE|AP00037	GO:0005576|GO:0006952
DATABASE|AP00038	GO:0005576|GO:0006952
DATABASE|AP00039	GO:0005576|GO:0006952
DATABASE|AP00040	GO:0005576|GO:0005615|GO:0006952|GO:0031731|GO:0042056|GO:0042742|GO:0060326
DATABASE|AP00041	GO:0005576|GO:0005615|GO:0006952|GO:0031731|GO:0042056|GO:0042742|GO:0060326
DATABASE|AP00042	GO:0005576|GO:0006952
DATABASE|AP00043	GO:0005576|GO:0006952
DATABASE|AP00044	GO:0005576|GO:0006952
DATABASE|AP00045	GO:0005576|GO:0006952
DATABASE|AP00046	GO:0005576|GO:0006952
DATABASE|AP00047	GO:0005576|GO:0006952
DATABASE|AP00048	GO:0005576|GO:0005615|GO:0006952|GO:0031731|GO:0042056|GO:0042742|GO:0060326
DATABASE|AP00050	GO:0005576|GO:0042742
DATABASE|AP00051	GO:0005576|GO:0042742
DATABASE|AP00052	GO:0005576|GO:0042742
DATABASE|AP00054	GO:0005576|GO:0042742
DATABASE|AP00058	GO:0005576|GO:0042742
DATABASE|AP00059	GO:0005576|GO:0042742
DATABASE|AP00060	GO:0005576|GO:0042742
DATABASE|AP00062	GO:0005576|GO:0042742
DATABASE|AP00063	GO:0005576|GO:0042742
DATABASE|AP00064	GO:0005576|GO:0042742
DATABASE|AP00065	GO:0005576|GO:0042742
DATABASE|AP00066	GO:0005576
DATABASE|AP00067	GO:0005576
DATABASE|AP00068	GO:0005576
DATABASE|AP00069	GO:0005576
DATABASE|AP00071	GO:0098542
DATABASE|AP00072	GO:0098542
DATABASE|AP00073	GO:0098542
DATABASE|AP00074	GO:0098542
DATABASE|AP00075	GO:0005576|GO:0006952
DATABASE|AP00076	GO:0005576|GO:0006952
DATABASE|AP00077	GO:0005576|GO:0006952
DATABASE|AP00078	GO:0005576|GO:0006952
DATABASE|AP00079	GO:0005576|GO:0006952
DATABASE|AP00080	GO:0005576|GO:0006952
DATABASE|AP00081	GO:0005576|GO:0006952
DATABASE|AP00082	GO:0005576|GO:0006952
DATABASE|AP00083	GO:0005576|GO:0006952
DATABASE|AP00084	GO:0005576|GO:0006952
DATABASE|AP00085	GO:0005576|GO:0006952
DATABASE|AP00086	GO:0005576|GO:0006952
DATABASE|AP00087	GO:0005576|GO:0006952
DATABASE|AP00088	GO:0005576|GO:0006952
DATABASE|AP00089	GO:0098542
DATABASE|AP00090	GO:0098542
DATABASE|AP00091	GO:0005576|GO:0006952
DATABASE|AP00092	GO:0005576|GO:0006952
DATABASE|AP00093	GO:0005576|GO:0006952
DATABASE|AP00103	GO:0006952
DATABASE|AP00113	GO:0005576|GO:0006952
DATABASE|AP00114	GO:0005576|GO:0006952
DATABASE|AP00115	GO:0005576|GO:0006952
DATABASE|AP00117	GO:0098542
DATABASE|AP00118	GO:0005576|GO:0006952
DATABASE|AP00119	GO:0005576|GO:0006952
DATABASE|AP00120	GO:0005576|GO:0006952
DATABASE|AP00121	GO:0005576|GO:0006952
DATABASE|AP00122	GO:0005576|GO:0006952
DATABASE|AP00124	GO:0005576|GO:0006952
DATABASE|AP00125	GO:0005576|GO:0019731
DATABASE|AP00126	GO:0005576|GO:0005615|GO:0019731|GO:0050829|GO:0050830
DATABASE|AP00127	GO:0005576|GO:0019731
DATABASE|AP00128	GO:0005576|GO:0019731
DATABASE|AP00129	GO:0005576|GO:0005615|GO:0019731|GO:0050829|GO:0050830
DATABASE|AP00130	GO:0005576|GO:0005615|GO:0019731|GO:0050829|GO:0050830
DATABASE|AP00131	GO:0005576|GO:0019731
DATABASE|AP00132	GO:0005576|GO:0005615|GO:0019731|GO:0050829|GO:0050830
DATABASE|AP00133	GO:0005576|GO:0005615|GO:0019731|GO:0050829|GO:0050830
DATABASE|AP00135	GO:0005576|GO:0005615|GO:0019731|GO:0050829|GO:0050830
DATABASE|AP00137	GO:0005576|GO:0006952
DATABASE|AP00138	GO:0005576|GO:0006952
DATABASE|AP00139	GO:0005576|GO:0019731
DATABASE|AP00140	GO:0005739|GO:0032780|GO:0042030
DATABASE|AP00145	GO:0005576|GO:0042742
DATABASE|AP00146	GO:0004860|GO:0005576
DATABASE|AP00147	GO:0005576|GO:0042742
DATABASE|AP00148	GO:0050832
DATABASE|AP00168	GO:0042381|GO:0042742
DATABASE|AP00169	GO:0042381|GO:0042742
DATABASE|AP00171	GO:0019731|GO:0019732
DATABASE|AP00173	GO:0005576|GO:0006952
DATABASE|AP00174	GO:0005576|GO:0006952
DATABASE|AP00176	GO:0005576|GO:0006952
DATABASE|AP00177	GO:0005576|GO:0006952
DATABASE|AP00178	GO:0005576|GO:0006952
DATABASE|AP00179	GO:0005576|GO:0006952
DATABASE|AP00180	GO:0005576|GO:0006952
DATABASE|AP00181	GO:0005576|GO:0006952
DATABASE|AP00182	GO:0006952
DATABASE|AP00183	GO:0005576|GO:0019731
DATABASE|AP00184	GO:0050832
DATABASE|AP00186	GO:0005576|GO:0006952
DATABASE|AP00187	GO:0005576|GO:0006952
DATABASE|AP00188	GO:0005576|GO:0006952
DATABASE|AP00189	GO:0005576|GO:0006952
DATABASE|AP00192	GO:0005576|GO:0006879
DATABASE|AP00193	GO:0005576|GO:0006879
DATABASE|AP00194	GO:0008061
DATABASE|AP00199	GO:0005576|GO:0042742
DATABASE|AP00204	GO:0005576|GO:0042742
DATABASE|AP00205	GO:0005576|GO:0042742
DATABASE|AP00206	GO:0005576|GO:0042742
DATABASE|AP00216	GO:0005615|GO:0006952|GO:0006959|GO:0042742
DATABASE|AP00217	GO:0005576|GO:0006952
DATABASE|AP00222	GO:0005576|GO:0006952
DATABASE|AP00223	GO:0005576|GO:0006952
DATABASE|AP00224	GO:0005576|GO:0006952
DATABASE|AP00225	GO:0005576|GO:0006952
DATABASE|AP00226	GO:0006952
DATABASE|AP00227	GO:0005615|GO:0006952|GO:0006959|GO:0042742
DATABASE|AP00228	GO:0006952
DATABASE|AP00229	GO:0005615|GO:0006952|GO:0006959|GO:0042742
DATABASE|AP00230	GO:0005576|GO:0005615|GO:0019731|GO:0050829|GO:0050830
DATABASE|AP00231	GO:0005576|GO:0005615|GO:0019731|GO:0050829|GO:0050830
DATABASE|AP00232	GO:0005576|GO:0005615|GO:0019731|GO:0050829|GO:0050830
DATABASE|AP00233	GO:0005576|GO:0005615|GO:0019731|GO:0050829|GO:0050830
DATABASE|AP00235	GO:0005576|GO:0006952
DATABASE|AP00236	GO:0006952
DATABASE|AP00237	GO:0006952
DATABASE|AP00238	GO:0005576|GO:0030550
DATABASE|AP00240	GO:0005576
DATABASE|AP00241	GO:0005576
DATABASE|AP00242	GO:0005576
DATABASE|AP00243	GO:0005576
DATABASE|AP00244	GO:0005576
DATABASE|AP00245	GO:0005576
DATABASE|AP00246	GO:0005576
DATABASE|AP00247	GO:0005576
DATABASE|AP00248	GO:0005576
DATABASE|AP00249	GO:0005576|GO:0006952
DATABASE|AP00250	GO:0005576|GO:0006952
DATABASE|AP00251	GO:0005576|GO:0006952
DATABASE|AP00262	GO:0006952
DATABASE|AP00268	GO:0005576|GO:0006952
DATABASE|AP00270	GO:0008061
DATABASE|AP00274	GO:0006952
DATABASE|AP00275	GO:0006952
DATABASE|AP00276	GO:0005576
DATABASE|AP00277	GO:0005576
DATABASE|AP00278	GO:0005576
DATABASE|AP00279	GO:0005576
DATABASE|AP00280	GO:0005576
DATABASE|AP00282	GO:0006952
DATABASE|AP00283	GO:0005615|GO:0031731|GO:0042056|GO:0042742|GO:0060326
DATABASE|AP00285	GO:0005576|GO:0006952
DATABASE|AP00286	GO:0006952
DATABASE|AP00287	GO:0006952
DATABASE|AP00296	GO:0006952
DATABASE|AP00297	GO:0006952
DATABASE|AP00301	GO:0005576|GO:0042742|GO:0044179
DATABASE|AP00302	GO:0005576|GO:0006879
DATABASE|AP00307	GO:0046982
DATABASE|AP00309	GO:0042742
DATABASE|AP00310	GO:0042742
DATABASE|AP00312	GO:0005576|GO:0006952
DATABASE|AP00313	GO:0005576|GO:0006952
DATABASE|AP00314	GO:0005576|GO:0006952
DATABASE|AP00316	GO:0006952
DATABASE|AP00317	GO:0006952
DATABASE|AP00318	GO:0006952
DATABASE|AP00319	GO:0006952
DATABASE|AP00321	GO:0006952
DATABASE|AP00323	GO:0005576
DATABASE|AP00324	GO:0005576
DATABASE|AP00326	GO:0005576
DATABASE|AP00335	GO:0000786|GO:0003677|GO:0006334|GO:0030527
DATABASE|AP00336	GO:0000786|GO:0003677|GO:0030527|GO:0046982
DATABASE|AP00339	GO:0042742
DATABASE|AP00340	GO:0042742
DATABASE|AP00343	GO:0005576|GO:0019731
DATABASE|AP00345	GO:0005576
DATABASE|AP00346	GO:0005576|GO:0019731
DATABASE|AP00347	GO:0005576|GO:0019731
DATABASE|AP00348	GO:0005576|GO:0019731
DATABASE|AP00349	GO:0005576|GO:0019731
DATABASE|AP00350	GO:0005576|GO:0019731
DATABASE|AP00351	GO:0006952
DATABASE|AP00352	GO:0006952
DATABASE|AP00353	GO:0006952
DATABASE|AP00354	GO:0005615|GO:0006952|GO:0006959|GO:0042742
DATABASE|AP00368	GO:0042742
DATABASE|AP00372	GO:0005576|GO:0042742
DATABASE|AP00373	GO:0005576|GO:0042742
DATABASE|AP00374	GO:0005576|GO:0042742|GO:0044179
DATABASE|AP00375	GO:0005576|GO:0042742|GO:0044179
DATABASE|AP00376	GO:0005576
DATABASE|AP00377	GO:0005576
DATABASE|AP00378	GO:0005576
DATABASE|AP00379	GO:0005576
DATABASE|AP00380	GO:0005576
DATABASE|AP00383	GO:0005576|GO:0045087
DATABASE|AP00384	GO:0005576|GO:0045087
DATABASE|AP00386	GO:0005576|GO:0098542
DATABASE|AP00387	GO:0005576|GO:0098542
DATABASE|AP00388	GO:0005576|GO:0098542
DATABASE|AP00389	GO:0005576|GO:0098542
DATABASE|AP00390	GO:0005576|GO:0098542
DATABASE|AP00392	GO:0005737|GO:0008061|GO:0098542
DATABASE|AP00393	GO:0005737|GO:0008061|GO:0098542
DATABASE|AP00394	GO:0005737|GO:0008061|GO:0098542
DATABASE|AP00395	GO:0005737|GO:0008061|GO:0098542
DATABASE|AP00400	GO:0005179|GO:0005184|GO:0005576|GO:0005615|GO:0007218|GO:0007631|GO:0031841
DATABASE|AP00401	GO:0005576|GO:0005615|GO:0006952|GO:0031731|GO:0042056|GO:0042742|GO:0060326
DATABASE|AP00402	GO:0006952
DATABASE|AP00406	GO:0005576|GO:0006952
DATABASE|AP00407	GO:0005576|GO:0006952
DATABASE|AP00410	GO:0000785|GO:0005634|GO:0031492
DATABASE|AP00411	GO:0000786|GO:0003677|GO:0006334|GO:0030527
DATABASE|AP00412	GO:0005576|GO:0042742
DATABASE|AP00413	GO:0005576|GO:0042742
DATABASE|AP00418	GO:0042742
DATABASE|AP00419	GO:0005576|GO:0042742
DATABASE|AP00420	GO:0005737|GO:0008061|GO:0098542
DATABASE|AP00421	GO:0005737|GO:0008061|GO:0098542
DATABASE|AP00422	GO:0005737|GO:0008061|GO:0098542
DATABASE|AP00423	GO:0005737|GO:0008061|GO:0098542
DATABASE|AP00428	GO:0006952|GO:0045926
DATABASE|AP00429	GO:0006629|GO:0031640|GO:0042742|GO:0044194|GO:0061844
DATABASE|AP00433	GO:0005576|GO:0008233|GO:0031640
DATABASE|AP00436	GO:0006952
DATABASE|AP00437	GO:0005576|GO:0008200
DATABASE|AP00438	GO:0006952
DATABASE|AP00439	GO:0005576|GO:0006952
DATABASE|AP00440	GO:0005576|GO:0006952
DATABASE|AP00441	GO:0005576|GO:0006952
DATABASE|AP00442	GO:0005576|GO:0006952
DATABASE|AP00443	GO:0005576|GO:0006952
DATABASE|AP00444	GO:0005576|GO:0006952
DATABASE|AP00451	GO:0002227|GO:0005615|GO:0031731|GO:0050829|GO:0050830
DATABASE|AP00452	GO:0098542
DATABASE|AP00453	GO:0098542
DATABASE|AP00454	GO:0098542
DATABASE|AP00455	GO:0098542
DATABASE|AP00456	GO:0098542
DATABASE|AP00460	GO:0098542
DATABASE|AP00461	GO:0098542
DATABASE|AP00462	GO:0098542
DATABASE|AP00463	GO:0098542
DATABASE|AP00464	GO:0098542
DATABASE|AP00465	GO:0098542
DATABASE|AP00466	GO:0098542
DATABASE|AP00467	GO:0098542
DATABASE|AP00468	GO:0098542
DATABASE|AP00469	GO:0098542
DATABASE|AP00470	GO:0098542
DATABASE|AP00471	GO:0098542
DATABASE|AP00472	GO:0098542
DATABASE|AP00473	GO:0042742
DATABASE|AP00474	GO:0042742
DATABASE|AP00475	GO:0006952
DATABASE|AP00476	GO:0006952
DATABASE|AP00477	GO:0006952
DATABASE|AP00478	GO:0006952
DATABASE|AP00483	GO:0006952
DATABASE|AP00484	GO:0042742|GO:0050832
DATABASE|AP00485	GO:0042742
DATABASE|AP00486	GO:0042742
DATABASE|AP00487	GO:0042742
DATABASE|AP00488	GO:0042742
DATABASE|AP00489	GO:0000786|GO:0003677|GO:0030527|GO:0046982
DATABASE|AP00490	GO:0005576|GO:0006952
DATABASE|AP00491	GO:0005576|GO:0006952
DATABASE|AP00495	GO:0008061
DATABASE|AP00498	GO:0042742
DATABASE|AP00502	GO:0005576
DATABASE|AP00507	GO:0042742
DATABASE|AP00508	GO:0005576|GO:0006952
DATABASE|AP00513	GO:0098542
DATABASE|AP00514	GO:0098542
DATABASE|AP00515	GO:0098542
DATABASE|AP00524	GO:0005576|GO:0006952
DATABASE|AP00525	GO:0005576|GO:0042742
DATABASE|AP00526	GO:0005576|GO:0042742
DATABASE|AP00529	GO:0005576|GO:0042742
DATABASE|AP00533	GO:0005576|GO:0019836
DATABASE|AP00534	GO:0006952
DATABASE|AP00538	GO:0042742
DATABASE|AP00539	GO:0006952
DATABASE|AP00543	GO:0005576|GO:0019836
DATABASE|AP00544	GO:0005576|GO:0019836
DATABASE|AP00545	GO:0005576|GO:0019836
DATABASE|AP00549	GO:0006952
DATABASE|AP00550	GO:0006952
DATABASE|AP00552	GO:0005576|GO:0042742
DATABASE|AP00554	GO:0005576|GO:0042742
DATABASE|AP00561	GO:0005576|GO:0019731
DATABASE|AP00562	GO:0005576|GO:0042742|GO:0044179
DATABASE|AP00563	GO:0006952
DATABASE|AP00566	GO:0005576|GO:0006952
DATABASE|AP00568	GO:0005576|GO:0006952
DATABASE|AP00572	GO:0005576|GO:0006952
DATABASE|AP00574	GO:0005576|GO:0006952
DATABASE|AP00575	GO:0005576|GO:0006952
DATABASE|AP00576	GO:0005576|GO:0006952
DATABASE|AP00577	GO:0005576|GO:0006952
DATABASE|AP00578	GO:0098542
DATABASE|AP00579	GO:0042742
DATABASE|AP00580	GO:0042742
DATABASE|AP00581	GO:0042742
DATABASE|AP00583	GO:0005576|GO:0006952
DATABASE|AP00585	GO:0005576|GO:0006952
DATABASE|AP00587	GO:0005576|GO:0006952
DATABASE|AP00592	GO:0005576|GO:0006952
DATABASE|AP00593	GO:0098542
DATABASE|AP00601	GO:0098542
DATABASE|AP00602	GO:0098542
DATABASE|AP00603	GO:0098542
DATABASE|AP00606	GO:0005576|GO:0006952
DATABASE|AP00609	GO:0005576|GO:0006952
DATABASE|AP00610	GO:0005576|GO:0006952
DATABASE|AP00612	GO:0005615|GO:0030141
DATABASE|AP00614	GO:0005576|GO:0006952
DATABASE|AP00615	GO:0005576|GO:0006952
DATABASE|AP00616	GO:0005576|GO:0006952
DATABASE|AP00617	GO:0005576|GO:0006952
DATABASE|AP00618	GO:0005576|GO:0006952
DATABASE|AP00619	GO:0005576|GO:0006952
DATABASE|AP00620	GO:0005576|GO:0006952
DATABASE|AP00623	GO:0005576|GO:0005615|GO:0019731|GO:0050829|GO:0050830
DATABASE|AP00624	GO:0042742
DATABASE|AP00625	GO:0042742
DATABASE|AP00626	GO:0042742
DATABASE|AP00627	GO:0042742
DATABASE|AP00628	GO:0042742
DATABASE|AP00629	GO:0042742
DATABASE|AP00631	GO:0005576|GO:0042742
DATABASE|AP00632	GO:0005576|GO:0042742
DATABASE|AP00633	GO:0005576|GO:0042742
DATABASE|AP00634	GO:0005576|GO:0042742
DATABASE|AP00635	GO:0005576|GO:0042742
DATABASE|AP00636	GO:0005576|GO:0042742
DATABASE|AP00637	GO:0005576|GO:0042742
DATABASE|AP00638	GO:0005576|GO:0006952
DATABASE|AP00639	GO:0005576|GO:0006952
DATABASE|AP00641	GO:0005576
DATABASE|AP00642	GO:0005576
DATABASE|AP00643	GO:0005576
DATABASE|AP00644	GO:0005576
DATABASE|AP00645	GO:0005576
DATABASE|AP00646	GO:0098542
DATABASE|AP00647	GO:0098542
DATABASE|AP00648	GO:0098542
DATABASE|AP00649	GO:0005576|GO:0006952
DATABASE|AP00650	GO:0005576|GO:0006952
DATABASE|AP00651	GO:0005576|GO:0006952
DATABASE|AP00652	GO:0005576|GO:0006952
DATABASE|AP00653	GO:0005576|GO:0006952
DATABASE|AP00654	GO:0005576|GO:0006952
DATABASE|AP00655	GO:0005576|GO:0006952
DATABASE|AP00656	GO:0005576|GO:0006952
DATABASE|AP00657	GO:0005576|GO:0006952
DATABASE|AP00659	GO:0098542
DATABASE|AP00660	GO:0005576|GO:0098542
DATABASE|AP00662	GO:0005576|GO:0006952
DATABASE|AP00663	GO:0005576|GO:0006952
DATABASE|AP00666	GO:0007218
DATABASE|AP00672	GO:0006952
DATABASE|AP00676	GO:0042742
DATABASE|AP00678	GO:0042742
DATABASE|AP00679	GO:0005576|GO:0006952
DATABASE|AP00680	GO:0042742
DATABASE|AP00685	GO:0005576|GO:0006952
DATABASE|AP00694	GO:0004860|GO:0005576
DATABASE|AP00696	GO:0006952
DATABASE|AP00697	GO:0006952
DATABASE|AP00704	GO:0005576|GO:0006952
DATABASE|AP00709	GO:0006952
DATABASE|AP00710	GO:0006952
DATABASE|AP00711	GO:0006952
DATABASE|AP00712	GO:0006952
DATABASE|AP00713	GO:0006952
DATABASE|AP00714	GO:0006952
DATABASE|AP00717	GO:0006952
DATABASE|AP00718	GO:0006952
DATABASE|AP00719	GO:0006952
DATABASE|AP00720	GO:0006952
DATABASE|AP00721	GO:0006952
DATABASE|AP00729	GO:0006952
DATABASE|AP00730	GO:0006952
DATABASE|AP00733	GO:0042742
DATABASE|AP00734	GO:0042742
DATABASE|AP00735	GO:0042742
DATABASE|AP00736	GO:0042742
DATABASE|AP00738	GO:0005179|GO:0005184|GO:0005576|GO:0005615|GO:0007218|GO:0007631|GO:0031841
DATABASE|AP00741	GO:0001530|GO:0005576|GO:0005615|GO:0006952|GO:0045087|GO:0050829|GO:0050830|GO:0061844
DATABASE|AP00745	GO:0042742|GO:0061844
DATABASE|AP00751	GO:0006952
DATABASE|AP00752	GO:0006952
DATABASE|AP00753	GO:0005576|GO:0006869|GO:0008289
DATABASE|AP00755	GO:0005576|GO:0019731
DATABASE|AP00769	GO:0005576
DATABASE|AP00773	GO:0005576|GO:0019836
DATABASE|AP00774	GO:0005576|GO:0019836
DATABASE|AP00775	GO:0005576|GO:0019836
DATABASE|AP00776	GO:0005576|GO:0019836
DATABASE|AP00781	GO:0042742
DATABASE|AP00792	GO:0042742
DATABASE|AP00798	GO:0005576|GO:0042742
DATABASE|AP00810	GO:0005576|GO:0006879
DATABASE|AP00811	GO:0042742|GO:0061844
DATABASE|AP00821	GO:0005576|GO:0006952
DATABASE|AP00822	GO:0005576|GO:0006952
DATABASE|AP00827	GO:0005576|GO:0006952
DATABASE|AP00828	GO:0005576|GO:0006952
DATABASE|AP00829	GO:0098542
DATABASE|AP00830	GO:0005576|GO:0006952
DATABASE|AP00831	GO:0042742
DATABASE|AP00834	GO:0005576|GO:0042742
DATABASE|AP00835	GO:0005576|GO:0042742
DATABASE|AP00836	GO:0005576|GO:0042742
DATABASE|AP00837	GO:0005576|GO:0042742
DATABASE|AP00838	GO:0005576|GO:0042742
DATABASE|AP00839	GO:0005576|GO:0042742
DATABASE|AP00840	GO:0005576|GO:0042742
DATABASE|AP00841	GO:0005576|GO:0042742
DATABASE|AP00842	GO:0005576|GO:0042742
DATABASE|AP00843	GO:0005576|GO:0042742
DATABASE|AP00844	GO:0005576|GO:0042742
DATABASE|AP00845	GO:0005576|GO:0042742
DATABASE|AP00846	GO:0005576|GO:0042742
DATABASE|AP00847	GO:0005576|GO:0042742
DATABASE|AP00848	GO:0005576|GO:0042742
DATABASE|AP00849	GO:0005576|GO:0042742
DATABASE|AP00850	GO:0005576|GO:0042742
DATABASE|AP00851	GO:0005576|GO:0042742
DATABASE|AP00852	GO:0005576|GO:0042742
DATABASE|AP00853	GO:0005576|GO:0042742
DATABASE|AP00854	GO:0005576|GO:0042742
DATABASE|AP00860	GO:0098542
DATABASE|AP00861	GO:0098542
DATABASE|AP00862	GO:0098542
DATABASE|AP00865	GO:0005576|GO:0042742
DATABASE|AP00870	GO:0005576|GO:0006952
DATABASE|AP00878	GO:0098542
DATABASE|AP00879	GO:0042742
DATABASE|AP00881	GO:0005576|GO:0006952
DATABASE|AP00882	GO:0005576|GO:0006952
DATABASE|AP00883	GO:0098542
DATABASE|AP00885	GO:0098542
DATABASE|AP00886	GO:0098542
DATABASE|AP00887	GO:0005576|GO:0006952
DATABASE|AP00888	GO:0005576|GO:0006952
DATABASE|AP00912	GO:0008061
DATABASE|AP00915	GO:0008061
DATABASE|AP00916	GO:0005576|GO:0006952
DATABASE|AP00918	GO:0006952
DATABASE|AP00919	GO:0006952
DATABASE|AP00920	GO:0006952
DATABASE|AP00921	GO:0006952
DATABASE|AP00922	GO:0006952
DATABASE|AP00924	GO:0006952
DATABASE|AP00925	GO:0006952
DATABASE|AP00926	GO:0006952
DATABASE|AP00978	GO:0006952
DATABASE|AP00979	GO:0006952
DATABASE|AP00980	GO:0005615|GO:0006952|GO:0006959|GO:0042742
DATABASE|AP00983	GO:0006952
DATABASE|AP00984	GO:0006952
DATABASE|AP00985	GO:0006952
DATABASE|AP00986	GO:0006952
DATABASE|AP00993	GO:0006952
DATABASE|AP00997	GO:0005576|GO:0042742
DATABASE|AP00998	GO:0005576|GO:0042742
DATABASE|AP01000	GO:0005576|GO:0042742
DATABASE|AP01001	GO:0005576|GO:0042742
DATABASE|AP01002	GO:0005576|GO:0042742
DATABASE|AP01003	GO:0005576|GO:0042742
DATABASE|AP01022	GO:0006952
DATABASE|AP01023	GO:0006952
DATABASE|AP01024	GO:0006952
DATABASE|AP01025	GO:0006952
DATABASE|AP01026	GO:0006952
DATABASE|AP01027	GO:0006952
DATABASE|AP01028	GO:0006952
DATABASE|AP01029	GO:0006952
DATABASE|AP01030	GO:0006952
DATABASE|AP01031	GO:0006952
DATABASE|AP01032	GO:0006952
DATABASE|AP01033	GO:0006952
DATABASE|AP01034	GO:0006952
DATABASE|AP01035	GO:0006952
DATABASE|AP01036	GO:0006952
DATABASE|AP01037	GO:0006952
DATABASE|AP01038	GO:0006952
DATABASE|AP01039	GO:0006952
DATABASE|AP01040	GO:0006952
DATABASE|AP01041	GO:0006952
DATABASE|AP01042	GO:0006952
DATABASE|AP01043	GO:0006952
DATABASE|AP01044	GO:0006952
DATABASE|AP01045	GO:0006952
DATABASE|AP01046	GO:0006952
DATABASE|AP01047	GO:0006952
DATABASE|AP01049	GO:0006952
DATABASE|AP01050	GO:0006952
DATABASE|AP01052	GO:0008061
DATABASE|AP01053	GO:0006952
DATABASE|AP01054	GO:0006952
DATABASE|AP01055	GO:0006952
DATABASE|AP01056	GO:0006952
DATABASE|AP01057	GO:0006952
DATABASE|AP01058	GO:0006952
DATABASE|AP01059	GO:0006952
DATABASE|AP01060	GO:0006952
DATABASE|AP01061	GO:0006952
DATABASE|AP01062	GO:0006952
DATABASE|AP01063	GO:0006952
DATABASE|AP01064	GO:0006952
DATABASE|AP01065	GO:0006952
DATABASE|AP01066	GO:0006952
DATABASE|AP01067	GO:0006952
DATABASE|AP01068	GO:0006952
DATABASE|AP01069	GO:0006952
DATABASE|AP01070	GO:0006952
DATABASE|AP01071	GO:0006952
DATABASE|AP01072	GO:0006952
DATABASE|AP01073	GO:0006952
DATABASE|AP01074	GO:0006952
DATABASE|AP01075	GO:0006952
DATABASE|AP01076	GO:0006952
DATABASE|AP01077	GO:0006952
DATABASE|AP01078	GO:0006952
DATABASE|AP01079	GO:0006952
DATABASE|AP01080	GO:0006952
DATABASE|AP01081	GO:0006952
DATABASE|AP01082	GO:0006952
DATABASE|AP01083	GO:0006952
DATABASE|AP01084	GO:0006952
DATABASE|AP01085	GO:0006952
DATABASE|AP01086	GO:0006952
DATABASE|AP01087	GO:0006952
DATABASE|AP01088	GO:0006952
DATABASE|AP01089	GO:0006952
DATABASE|AP01090	GO:0006952
DATABASE|AP01091	GO:0006952
DATABASE|AP01092	GO:0006952
DATABASE|AP01093	GO:0006952
DATABASE|AP01094	GO:0006952
DATABASE|AP01095	GO:0006952
DATABASE|AP01096	GO:0006952
DATABASE|AP01097	GO:0006952
DATABASE|AP01098	GO:0006952
DATABASE|AP01099	GO:0006952
DATABASE|AP01100	GO:0006952
DATABASE|AP01101	GO:0006952
DATABASE|AP01102	GO:0006952
DATABASE|AP01103	GO:0006952
DATABASE|AP01104	GO:0006952
DATABASE|AP01106	GO:0006952
DATABASE|AP01107	GO:0006952
DATABASE|AP01108	GO:0006952
DATABASE|AP01109	GO:0006952
DATABASE|AP01110	GO:0006952
DATABASE|AP01111	GO:0006952
DATABASE|AP01112	GO:0006952
DATABASE|AP01113	GO:0006952
DATABASE|AP01114	GO:0006952
DATABASE|AP01115	GO:0006952
DATABASE|AP01116	GO:0006952
DATABASE|AP01117	GO:0006952
DATABASE|AP01118	GO:0006952
DATABASE|AP01119	GO:0006952
DATABASE|AP01120	GO:0006952
DATABASE|AP01121	GO:0006952
DATABASE|AP01122	GO:0006952
DATABASE|AP01123	GO:0006952
DATABASE|AP01124	GO:0006952
DATABASE|AP01125	GO:0006952
DATABASE|AP01126	GO:0006952
DATABASE|AP01127	GO:0006952
DATABASE|AP01135	GO:0006952
DATABASE|AP01136	GO:0006952
DATABASE|AP01139	GO:0006952
DATABASE|AP01140	GO:0006952
DATABASE|AP01141	GO:0005576|GO:0006952
DATABASE|AP01143	GO:0006952
DATABASE|AP01144	GO:0006952
DATABASE|AP01145	GO:0006952
DATABASE|AP01149	GO:0006952
DATABASE|AP01159	GO:0005576|GO:0019731
DATABASE|AP01161	GO:0031640|GO:0042742|GO:0044194|GO:0061844
DATABASE|AP01162	GO:0008061
DATABASE|AP01164	GO:0008061
DATABASE|AP01179	GO:0005576|GO:0042742
DATABASE|AP01183	GO:0005576|GO:0042742
DATABASE|AP01194	GO:0050830
DATABASE|AP01195	GO:0005576|GO:0042742
DATABASE|AP01199	GO:0005576|GO:0042742
DATABASE|AP01200	GO:0005576|GO:0042742
DATABASE|AP01201	GO:0005576|GO:0042742
DATABASE|AP01202	GO:0005576|GO:0042742
DATABASE|AP01203	GO:0005576|GO:0042742
DATABASE|AP01204	GO:0005576|GO:0042742
DATABASE|AP01215	GO:0005576|GO:0042381
DATABASE|AP01243	GO:0008061
DATABASE|AP01244	GO:0008061
DATABASE|AP01245	GO:0006869|GO:0008289
DATABASE|AP01250	GO:0005576|GO:0006952
DATABASE|AP01251	GO:0005576|GO:0006952
DATABASE|AP01252	GO:0005576|GO:0006952
DATABASE|AP01253	GO:0005576|GO:0006952
DATABASE|AP01254	GO:0005576|GO:0006952
DATABASE|AP01255	GO:0005576|GO:0006952
DATABASE|AP01256	GO:0005576|GO:0006952
DATABASE|AP01257	GO:0005576|GO:0006952
DATABASE|AP01258	GO:0005576|GO:0006952
DATABASE|AP01259	GO:0005576|GO:0019731
DATABASE|AP01267	GO:0005576|GO:0006952
DATABASE|AP01270	GO:0005576|GO:0008233|GO:0031640
DATABASE|AP01272	GO:0005576|GO:0006952
DATABASE|AP01273	GO:0005576|GO:0006952
DATABASE|AP01274	GO:0005576|GO:0006952
DATABASE|AP01275	GO:0005576|GO:0006952
DATABASE|AP01276	GO:0005576|GO:0006952
DATABASE|AP01277	GO:0006952
DATABASE|AP01278	GO:0006952
DATABASE|AP01279	GO:0006952
DATABASE|AP01280	GO:0006952
DATABASE|AP01281	GO:0006952
DATABASE|AP01282	GO:0006952
DATABASE|AP01284	GO:0006952
DATABASE|AP01291	GO:0005576|GO:0006952
DATABASE|AP01292	GO:0005576|GO:0006952
DATABASE|AP01293	GO:0005576|GO:0006952
DATABASE|AP01295	GO:0005576|GO:0006952
DATABASE|AP01297	GO:0042742
DATABASE|AP01303	GO:0098542
DATABASE|AP01304	GO:0042742
DATABASE|AP01310	GO:0042742
DATABASE|AP01311	GO:0042742
DATABASE|AP01312	GO:0042742
DATABASE|AP01313	GO:0005576|GO:0006952
DATABASE|AP01314	GO:0042742
DATABASE|AP01328	GO:0042742
DATABASE|AP01330	GO:0006952
DATABASE|AP01339	GO:0019825|GO:0020037
DATABASE|AP01340	GO:0006629
DATABASE|AP01341	GO:0006629
DATABASE|AP01345	GO:0098542
DATABASE|AP01349	GO:0098542
DATABASE|AP01358	GO:0005615|GO:0006952|GO:0006959|GO:0042742
DATABASE|AP01359	GO:0005615|GO:0006952|GO:0006959|GO:0042742
DATABASE|AP01360	GO:0005615|GO:0006952|GO:0006959|GO:0042742
DATABASE|AP01362	GO:0005615|GO:0006952|GO:0006959|GO:0042742
DATABASE|AP01363	GO:0005615|GO:0006952|GO:0006959|GO:0042742
DATABASE|AP01364	GO:0005615|GO:0006952|GO:0006959|GO:0042742
DATABASE|AP01365	GO:0005615|GO:0006952|GO:0006959|GO:0042742
DATABASE|AP01366	GO:0005615|GO:0006952|GO:0006959|GO:0042742
DATABASE|AP01367	GO:0006952
DATABASE|AP01368	GO:0006952
DATABASE|AP01369	GO:0006952
DATABASE|AP01370	GO:0006952
DATABASE|AP01371	GO:0006952
DATABASE|AP01372	GO:0005576|GO:0006955|GO:0008009
DATABASE|AP01373	GO:0005576|GO:0006955|GO:0008009
DATABASE|AP01374	GO:0005576|GO:0006955|GO:0008009
DATABASE|AP01375	GO:0006952
DATABASE|AP01376	GO:0006952
DATABASE|AP01378	GO:0005576|GO:0006952
DATABASE|AP01390	GO:0098542
DATABASE|AP01391	GO:0005576|GO:0006952
DATABASE|AP01392	GO:0005576|GO:0006952
DATABASE|AP01393	GO:0005576|GO:0006952
DATABASE|AP01394	GO:0005576|GO:0006952
DATABASE|AP01395	GO:0005576|GO:0006952
DATABASE|AP01396	GO:0005576|GO:0006952
DATABASE|AP01401	GO:0005576|GO:0019836
DATABASE|AP01402	GO:0005576|GO:0019836
DATABASE|AP01403	GO:0005576|GO:0019836
DATABASE|AP01404	GO:0005576|GO:0019836
DATABASE|AP01407	GO:0005576|GO:0050817|GO:1901318
DATABASE|AP01408	GO:0005576|GO:0050817|GO:1901318
DATABASE|AP01409	GO:0005576|GO:0019836
DATABASE|AP01410	GO:0005576|GO:0006952
DATABASE|AP01411	GO:0005576|GO:0006952
DATABASE|AP01412	GO:0098542
DATABASE|AP01413	GO:0098542
DATABASE|AP01414	GO:0098542
DATABASE|AP01415	GO:0098542
DATABASE|AP01416	GO:0098542
DATABASE|AP01417	GO:0098542
DATABASE|AP01418	GO:0005576|GO:0006952
DATABASE|AP01420	GO:0005576|GO:0006952
DATABASE|AP01421	GO:0005576|GO:0006952
DATABASE|AP01422	GO:0005576|GO:0006952
DATABASE|AP01423	GO:0098542
DATABASE|AP01424	GO:0098542
DATABASE|AP01425	GO:0042742
DATABASE|AP01426	GO:0042742
DATABASE|AP01427	GO:0005576|GO:0006952
DATABASE|AP01428	GO:0005576|GO:0006952
DATABASE|AP01429	GO:0005576|GO:0006952
DATABASE|AP01430	GO:0005576|GO:0006952
DATABASE|AP01431	GO:0005576|GO:0006952
DATABASE|AP01432	GO:0098542
DATABASE|AP01433	GO:0098542
DATABASE|AP01435	GO:0005576|GO:0006952
DATABASE|AP01436	GO:0098542
DATABASE|AP01437	GO:0098542
DATABASE|AP01438	GO:0098542
DATABASE|AP01439	GO:0098542
DATABASE|AP01440	GO:0098542
DATABASE|AP01441	GO:0098542
DATABASE|AP01442	GO:0005576|GO:0006952
DATABASE|AP01443	GO:0005576|GO:0006952
DATABASE|AP01445	GO:0098542
DATABASE|AP01446	GO:0098542
DATABASE|AP01453	GO:0098542
DATABASE|AP01468	GO:0006952
DATABASE|AP01469	GO:0008061
DATABASE|AP01470	GO:0008061
DATABASE|AP01474	GO:0005179|GO:0005184|GO:0005576|GO:0005615|GO:0007218|GO:0007631|GO:0031841
DATABASE|AP01476	GO:0005179|GO:0005576|GO:0005615|GO:0007189|GO:0031716|GO:0051480
DATABASE|AP01477	GO:0005179|GO:0005184|GO:0005576|GO:0007189|GO:0032880|GO:0043005|GO:0048242|GO:0051428
DATABASE|AP01478	GO:0005615|GO:0030141|GO:0033604|GO:0042583|GO:0042742|GO:0046676|GO:0086030
DATABASE|AP01479	GO:0003073|GO:0005179|GO:0005576|GO:0005615|GO:0007189|GO:0010460|GO:0031700|GO:1990410
DATABASE|AP01495	GO:0005576|GO:0042742
DATABASE|AP01498	GO:0098542
DATABASE|AP01499	GO:0098542
DATABASE|AP01500	GO:0005576|GO:0006952
DATABASE|AP01501	GO:0005576|GO:0006952
DATABASE|AP01504	GO:0005576|GO:0006952
DATABASE|AP01505	GO:0005576|GO:0006952
DATABASE|AP01506	GO:0005576|GO:0006952
DATABASE|AP01507	GO:0005576|GO:0006952
DATABASE|AP01508	GO:0006952
DATABASE|AP01511	GO:0050830
DATABASE|AP01513	GO:0001530|GO:0050829|GO:0050830|GO:0061760
DATABASE|AP01523	GO:0098542
DATABASE|AP01524	GO:0098542
DATABASE|AP01525	GO:0005576|GO:0019731
DATABASE|AP01528	GO:0006952
DATABASE|AP01532	GO:0005615|GO:0006952|GO:0006959|GO:0042742
DATABASE|AP01535	GO:0042742
DATABASE|AP01536	GO:0042742
DATABASE|AP01537	GO:0042742
DATABASE|AP01538	GO:0042742
DATABASE|AP01539	GO:0042742
DATABASE|AP01540	GO:0005771|GO:0006629|GO:0097208
DATABASE|AP01541	GO:0005576|GO:0019836
DATABASE|AP01549	GO:0002227|GO:0005615|GO:0031731|GO:0050829|GO:0050830
DATABASE|AP01551	GO:0006952
DATABASE|AP01552	GO:0006952
DATABASE|AP01553	GO:0006952
DATABASE|AP01556	GO:0006952
DATABASE|AP01559	GO:0050832
DATABASE|AP01560	GO:0050832
DATABASE|AP01561	GO:0050832
DATABASE|AP01562	GO:0050832
DATABASE|AP01563	GO:0005576|GO:0005615|GO:0019731|GO:0050829|GO:0050830
DATABASE|AP01564	GO:0005615|GO:0006952|GO:0006959|GO:0042742
DATABASE|AP01584	GO:0008061
DATABASE|AP01585	GO:0006952
DATABASE|AP01586	GO:0006952
DATABASE|AP01587	GO:0008061
DATABASE|AP01588	GO:0008061
DATABASE|AP01590	GO:0002227|GO:0005615|GO:0031731|GO:0050829|GO:0050830
DATABASE|AP01592	GO:0005576|GO:0061844
DATABASE|AP01597	GO:0005576|GO:0006952
DATABASE|AP01607	GO:0005576|GO:0042742
DATABASE|AP01608	GO:0005576|GO:0006952
DATABASE|AP01609	GO:0050830
DATABASE|AP01610	GO:0050830
DATABASE|AP01611	GO:0005576|GO:0042742
DATABASE|AP01613	GO:0002227|GO:0005615|GO:0031731|GO:0050829|GO:0050830
DATABASE|AP01618	GO:0050830
DATABASE|AP01619	GO:0019825|GO:0020037
DATABASE|AP01621	GO:0050830
DATABASE|AP01644	GO:0005576|GO:0006952
DATABASE|AP01646	GO:0042742|GO:0061844
DATABASE|AP01649	GO:0042742
DATABASE|AP01650	GO:0044562
DATABASE|AP01653	GO:0005576
DATABASE|AP01654	GO:0005576
DATABASE|AP01656	GO:0005576|GO:0006952
DATABASE|AP01657	GO:0098542
DATABASE|AP01661	GO:0005576|GO:0006952
DATABASE|AP01662	GO:0005576|GO:0006952
DATABASE|AP01663	GO:0005576|GO:0006952
DATABASE|AP01664	GO:0005576|GO:0006952
DATABASE|AP01665	GO:0005576|GO:0006952
DATABASE|AP01666	GO:0005576|GO:0006952
DATABASE|AP01669	GO:0005576|GO:0006952
DATABASE|AP01670	GO:0005576|GO:0006952
DATABASE|AP01671	GO:0005576|GO:0042742
DATABASE|AP01675	GO:0016020
DATABASE|AP01676	GO:0016020
DATABASE|AP01682	GO:0005576|GO:0006879
DATABASE|AP01683	GO:0006952
DATABASE|AP01684	GO:0006952
DATABASE|AP01685	GO:0006952
DATABASE|AP01686	GO:0006952
DATABASE|AP01687	GO:0006952
DATABASE|AP01690	GO:0006952
DATABASE|AP01692	GO:0006952
DATABASE|AP01693	GO:0006952
DATABASE|AP01694	GO:0006952
DATABASE|AP01696	GO:0005576|GO:0006879
DATABASE|AP01697	GO:0005576
DATABASE|AP01704	GO:0005576|GO:0006952
DATABASE|AP01705	GO:0005576|GO:0006952
DATABASE|AP01706	GO:0005576|GO:0006952
DATABASE|AP01707	GO:0005576|GO:0006952
DATABASE|AP01708	GO:0005576|GO:0006952
DATABASE|AP01709	GO:0005576|GO:0006952
DATABASE|AP01710	GO:0042742
DATABASE|AP01711	GO:0042742
DATABASE|AP01712	GO:0005576|GO:0042742
DATABASE|AP01719	GO:0005576|GO:0006952
DATABASE|AP01721	GO:0098542
DATABASE|AP01722	GO:0098542
DATABASE|AP01723	GO:0098542
DATABASE|AP01730	GO:0005576|GO:0042742
DATABASE|AP01731	GO:0005576|GO:0042742
DATABASE|AP01732	GO:0005576|GO:0042742
DATABASE|AP01733	GO:0005576|GO:0042742
DATABASE|AP01734	GO:0005576|GO:0042742
DATABASE|AP01736	GO:0005576|GO:0042742
DATABASE|AP01737	GO:0005576|GO:0042742
DATABASE|AP01751	GO:0005576|GO:0019731
DATABASE|AP01752	GO:0006952
DATABASE|AP01753	GO:0005576|GO:0042742|GO:0044179
DATABASE|AP01754	GO:0006952
DATABASE|AP01755	GO:0006952
DATABASE|AP01760	GO:0050832
DATABASE|AP01768	GO:0042742
DATABASE|AP01771	GO:0098542
DATABASE|AP01772	GO:0006952
DATABASE|AP01773	GO:0006952
DATABASE|AP01774	GO:0006952
DATABASE|AP01775	GO:0006952
DATABASE|AP01776	GO:0006952
DATABASE|AP01777	GO:0006952
DATABASE|AP01779	GO:0005576|GO:0006952
DATABASE|AP01780	GO:0005576|GO:0006952
DATABASE|AP01781	GO:0005576|GO:0006952
DATABASE|AP01782	GO:0042742
DATABASE|AP01783	GO:0098542
DATABASE|AP01784	GO:0006952
DATABASE|AP01785	GO:0006952
DATABASE|AP01797	GO:0005576|GO:0006952
DATABASE|AP01798	GO:0005576|GO:0042742
DATABASE|AP01806	GO:0006952
DATABASE|AP01807	GO:0006952
DATABASE|AP01808	GO:0006952
DATABASE|AP01809	GO:0006952
DATABASE|AP01810	GO:0006952
DATABASE|AP01811	GO:0006952
DATABASE|AP01812	GO:0006952
DATABASE|AP01813	GO:0006952
DATABASE|AP01816	GO:0006952
DATABASE|AP01817	GO:0006952
DATABASE|AP01818	GO:0006952
DATABASE|AP01819	GO:0006952
DATABASE|AP01820	GO:0098542
DATABASE|AP01822	GO:0098542
DATABASE|AP01823	GO:0098542
DATABASE|AP01825	GO:0098542
DATABASE|AP01826	GO:0098542
DATABASE|AP01827	GO:0098542
DATABASE|AP01828	GO:0098542
DATABASE|AP01829	GO:0098542
DATABASE|AP01830	GO:0098542
DATABASE|AP01831	GO:0098542
DATABASE|AP01832	GO:0098542
DATABASE|AP01833	GO:0098542
DATABASE|AP01834	GO:0005576|GO:0006952
DATABASE|AP01835	GO:0005576|GO:0006952
DATABASE|AP01836	GO:0005576|GO:0006952
DATABASE|AP01837	GO:0005576|GO:0006952
DATABASE|AP01838	GO:0005576|GO:0006952
DATABASE|AP01839	GO:0005576|GO:0006952
DATABASE|AP01840	GO:0005576|GO:0006952
DATABASE|AP01841	GO:0005576|GO:0006952
DATABASE|AP01843	GO:0005576|GO:0006952
DATABASE|AP01844	GO:0005576|GO:0006952
DATABASE|AP01845	GO:0005576|GO:0006952
DATABASE|AP01846	GO:0005576|GO:0006952
DATABASE|AP01847	GO:0005576|GO:0006952
DATABASE|AP01848	GO:0005576|GO:0006952
DATABASE|AP01850	GO:0005576|GO:0006952
DATABASE|AP01851	GO:0005576|GO:0006952
DATABASE|AP01852	GO:0005576|GO:0006952
DATABASE|AP01853	GO:0005576|GO:0006952
DATABASE|AP01854	GO:0005576|GO:0006952
DATABASE|AP01861	GO:0005576|GO:0006952
DATABASE|AP01863	GO:0005576|GO:0006952
DATABASE|AP01865	GO:0005576|GO:0006952
DATABASE|AP01866	GO:0005576|GO:0006952
DATABASE|AP01868	GO:0005576|GO:0006952
DATABASE|AP01870	GO:0005576|GO:0006952
DATABASE|AP01871	GO:0005576|GO:0006952
DATABASE|AP01872	GO:0005576|GO:0006952
DATABASE|AP01873	GO:0005576|GO:0006952
DATABASE|AP01875	GO:0042742
DATABASE|AP01876	GO:0042742
DATABASE|AP01877	GO:0042742
DATABASE|AP01878	GO:0042742
DATABASE|AP01879	GO:0042742
DATABASE|AP01880	GO:0042742
DATABASE|AP01882	GO:0042742
DATABASE|AP01883	GO:0042742
DATABASE|AP01884	GO:0042742
DATABASE|AP01885	GO:0042742
DATABASE|AP01887	GO:0005576|GO:0006952
DATABASE|AP01888	GO:0005576|GO:0006952
DATABASE|AP01889	GO:0005576|GO:0006952
DATABASE|AP01890	GO:0005576|GO:0006952
DATABASE|AP01894	GO:0098542
DATABASE|AP01895	GO:0098542
DATABASE|AP01896	GO:0005576|GO:0006952
DATABASE|AP01897	GO:0005576|GO:0006952
DATABASE|AP01908	GO:0005576|GO:0006952
DATABASE|AP01909	GO:0005576|GO:0006952
DATABASE|AP01910	GO:0005576|GO:0006952
DATABASE|AP01911	GO:0005576|GO:0006952
DATABASE|AP01912	GO:0005576|GO:0006952
DATABASE|AP01913	GO:0005576|GO:0006952
DATABASE|AP01914	GO:0005576|GO:0006952
DATABASE|AP01915	GO:0006952
DATABASE|AP01916	GO:0006952
DATABASE|AP01917	GO:0005576|GO:0006952
DATABASE|AP01925	GO:0005576|GO:0006952
DATABASE|AP01926	GO:0004860|GO:0005576
DATABASE|AP01927	GO:0005576|GO:0006952
DATABASE|AP01928	GO:0005576|GO:0006952
DATABASE|AP01929	GO:0005576|GO:0006952
DATABASE|AP01930	GO:0005576|GO:0006952
DATABASE|AP01945	GO:0098542
DATABASE|AP01948	GO:0005576|GO:0006952
DATABASE|AP01949	GO:0005576|GO:0006952
DATABASE|AP01950	GO:0005576|GO:0006952
DATABASE|AP01953	GO:0098542
DATABASE|AP01954	GO:0098542
DATABASE|AP01961	GO:0098542
DATABASE|AP01962	GO:0098542
DATABASE|AP01971	GO:0005576|GO:0042742
DATABASE|AP01973	GO:0006952
DATABASE|AP01976	GO:0005615|GO:0006952|GO:0006959|GO:0042742
DATABASE|AP01983	GO:0006952
DATABASE|AP01984	GO:0006952
DATABASE|AP01985	GO:0006952
DATABASE|AP01986	GO:0006952
DATABASE|AP01987	GO:0006952
DATABASE|AP01988	GO:0006952
DATABASE|AP01989	GO:0006952
DATABASE|AP01990	GO:0006952
DATABASE|AP01991	GO:0006952
DATABASE|AP01992	GO:0006952
DATABASE|AP01995	GO:0042742
DATABASE|AP02005	GO:0005576|GO:0006952
DATABASE|AP02008	GO:0005576|GO:0006952
DATABASE|AP02009	GO:0005576|GO:0006952
DATABASE|AP02010	GO:0005576
DATABASE|AP02011	GO:0006952
DATABASE|AP02016	GO:0005576|GO:0042742
DATABASE|AP02018	GO:0006952
DATABASE|AP02020	GO:0098542
DATABASE|AP02023	GO:0006952
DATABASE|AP02024	GO:0006952
DATABASE|AP02025	GO:0006952
DATABASE|AP02031	GO:0005576|GO:0019731
DATABASE|AP02032	GO:0005576|GO:0019731
DATABASE|AP02033	GO:0006869|GO:0008289
DATABASE|AP02038	GO:0042742
DATABASE|AP02040	GO:0006952
DATABASE|AP02041	GO:0006952
DATABASE|AP02042	GO:0050832
DATABASE|AP02044	GO:0098542
DATABASE|AP02045	GO:0098542
DATABASE|AP02046	GO:0042742
DATABASE|AP02047	GO:0042742
DATABASE|AP02048	GO:0002227|GO:0005615|GO:0031731|GO:0050829|GO:0050830
DATABASE|AP02049	GO:0042742
DATABASE|AP02050	GO:0042742
DATABASE|AP02051	GO:0006869|GO:0008289
DATABASE|AP02057	GO:0005576|GO:0006952
DATABASE|AP02059	GO:0098542
DATABASE|AP02060	GO:0098542
DATABASE|AP02061	GO:0098542
DATABASE|AP02062	GO:0005576|GO:0006952|GO:0098542
DATABASE|AP02063	GO:0098542
DATABASE|AP02064	GO:0005576|GO:0006952
DATABASE|AP02066	GO:0006952|GO:0045926
DATABASE|AP02067	GO:0001525|GO:0003676|GO:0004540|GO:0005615|GO:0019731|GO:0045087|GO:0050830|GO:0061844
DATABASE|AP02068	GO:0001525|GO:0003676|GO:0004540|GO:0005615|GO:0019731|GO:0045087|GO:0050830|GO:0061844
DATABASE|AP02069	GO:0001525|GO:0003676|GO:0004540|GO:0005615|GO:0019731|GO:0045087|GO:0050830|GO:0061844
DATABASE|AP02072	GO:0005509|GO:0005737|GO:0043542|GO:0046914|GO:0048306|GO:0070062
DATABASE|AP02073	GO:0003676|GO:0004540|GO:0005615|GO:0045087|GO:0050829|GO:0050830|GO:0050832
DATABASE|AP02075	GO:0005576|GO:0006955|GO:0008009
DATABASE|AP02076	GO:0005576|GO:0006955|GO:0008009
DATABASE|AP02077	GO:0005576|GO:0006955|GO:0008009
DATABASE|AP02078	GO:0005576|GO:0006955|GO:0008009
DATABASE|AP02079	GO:0005576|GO:0006955|GO:0008009
DATABASE|AP02080	GO:0005576|GO:0006955|GO:0008009
DATABASE|AP02081	GO:0005576|GO:0006955|GO:0008009
DATABASE|AP02082	GO:0005576|GO:0006955|GO:0008009
DATABASE|AP02083	GO:0005576|GO:0006955|GO:0008009
DATABASE|AP02084	GO:0005576|GO:0005615|GO:0006954|GO:0006955|GO:0008009|GO:0030335|GO:0043547|GO:0048020|GO:0060326|GO:0061844|GO:0070098
DATABASE|AP02085	GO:0005576|GO:0005615|GO:0006954|GO:0006955|GO:0008009|GO:0030335|GO:0043547|GO:0048020|GO:0048245|GO:0060326|GO:0061844|GO:0070098
DATABASE|AP02086	GO:0005576|GO:0005615|GO:0006954|GO:0006955|GO:0008009|GO:0030335|GO:0043547|GO:0048020|GO:0048245|GO:0060326|GO:0061844|GO:0070098
DATABASE|AP02087	GO:0005576|GO:0005615|GO:0006954|GO:0006955|GO:0008009|GO:0030335|GO:0043547|GO:0048020|GO:0048245|GO:0060326|GO:0061844|GO:0070098
DATABASE|AP02088	GO:0005576|GO:0005615|GO:0006954|GO:0006955|GO:0008009|GO:0030335|GO:0043547|GO:0048020|GO:0048245|GO:0060326|GO:0061844|GO:0070098
DATABASE|AP02089	GO:0005576|GO:0006955|GO:0008009
DATABASE|AP02090	GO:0005576|GO:0005615|GO:0006954|GO:0006955|GO:0008009|GO:0030335|GO:0043547|GO:0048020|GO:0060326|GO:0061844|GO:0070098
DATABASE|AP02091	GO:0005576|GO:0005615|GO:0006954|GO:0006955|GO:0008009|GO:0030335|GO:0043547|GO:0048020|GO:0048245|GO:0060326|GO:0061844|GO:0070098
DATABASE|AP02092	GO:0005576|GO:0006955|GO:0008009
DATABASE|AP02093	GO:0005576|GO:0005615|GO:0006954|GO:0006955|GO:0008009|GO:0030335|GO:0043547|GO:0048020|GO:0048245|GO:0060326|GO:0061844|GO:0070098
DATABASE|AP02094	GO:0005576|GO:0005615|GO:0006954|GO:0006955|GO:0008009|GO:0030335|GO:0043547|GO:0048020|GO:0048245|GO:0060326|GO:0061844|GO:0070098
DATABASE|AP02096	GO:0003735|GO:0005840|GO:0006412|GO:0022627
DATABASE|AP02097	GO:0003676|GO:0004540|GO:0005615|GO:0045087|GO:0050829|GO:0050830|GO:0050832
DATABASE|AP02099	GO:0002227|GO:0003676|GO:0004540|GO:0005615|GO:0006935|GO:0050830
DATABASE|AP02105	GO:0005576|GO:0019836
DATABASE|AP02109	GO:0005576|GO:0006952
DATABASE|AP02110	GO:0005576|GO:0006952
DATABASE|AP02111	GO:0005576|GO:0006952
DATABASE|AP02112	GO:0005576|GO:0006952
DATABASE|AP02113	GO:0005576|GO:0006952
DATABASE|AP02114	GO:0098542
DATABASE|AP02115	GO:0098542
DATABASE|AP02116	GO:0098542
DATABASE|AP02119	GO:0006952
DATABASE|AP02121	GO:0006952
DATABASE|AP02128	GO:0005576|GO:0042742
DATABASE|AP02129	GO:0005576|GO:0042742
DATABASE|AP02142	GO:0005576|GO:0006952
DATABASE|AP02158	GO:0005576|GO:0006955|GO:0008009
DATABASE|AP02160	GO:0006952
DATABASE|AP02161	GO:0005576|GO:0090729
DATABASE|AP02165	GO:0005576|GO:0042742
DATABASE|AP02170	GO:0005576|GO:0005615|GO:0006952|GO:0031731|GO:0042056|GO:0042742|GO:0060326
DATABASE|AP02172	GO:0005576|GO:0098542
DATABASE|AP02173	GO:0006952
DATABASE|AP02185	GO:0005576|GO:0006955|GO:0008009
DATABASE|AP02186	GO:0005576|GO:0006955|GO:0008009
DATABASE|AP02187	GO:0005576|GO:0006955|GO:0008009
DATABASE|AP02188	GO:0005576|GO:0006955|GO:0008009
DATABASE|AP02195	GO:0005102|GO:0005615|GO:0006954|GO:0031012|GO:0045087|GO:0050921|GO:0050994
DATABASE|AP02196	GO:0005179|GO:0005576|GO:0005615
DATABASE|AP02210	GO:0046982
DATABASE|AP02224	GO:0005576|GO:0006952
DATABASE|AP02230	GO:0000785|GO:0003682|GO:0005634|GO:0006325|GO:0031492
DATABASE|AP02233	GO:0006952
DATABASE|AP02240	GO:0005615|GO:0006952|GO:0006959|GO:0042742
DATABASE|AP02245	GO:0050832
DATABASE|AP02252	GO:0050830
DATABASE|AP02257	GO:0003796|GO:0050829|GO:0050830
DATABASE|AP02266	GO:0005576|GO:0006952
DATABASE|AP02267	GO:0098542
DATABASE|AP02268	GO:0005576|GO:0006952
DATABASE|AP02277	GO:0005576|GO:0006952
DATABASE|AP02278	GO:0098542
DATABASE|AP02279	GO:0098542
DATABASE|AP02280	GO:0005576|GO:0006952
DATABASE|AP02281	GO:0005576|GO:0006952
DATABASE|AP02282	GO:0005576|GO:0006952
DATABASE|AP02298	GO:0005576|GO:0006952
DATABASE|AP02299	GO:0005576|GO:0006952
DATABASE|AP02300	GO:0005576|GO:0006952
DATABASE|AP02308	GO:0005576|GO:0042742
DATABASE|AP02325	GO:0006952
DATABASE|AP02326	GO:0006952
DATABASE|AP02327	GO:0006952
DATABASE|AP02328	GO:0006952
DATABASE|AP02330	GO:0005576|GO:0042381
DATABASE|AP02331	GO:0006952
DATABASE|AP02332	GO:0006952
DATABASE|AP02337	GO:0002227|GO:0003676|GO:0004540|GO:0005615|GO:0006935
DATABASE|AP02338	GO:0002227|GO:0003676|GO:0004540|GO:0005615|GO:0006935|GO:0050830
DATABASE|AP02339	GO:0003796
DATABASE|AP02342	GO:0004867
DATABASE|AP02343	GO:0006955|GO:0042612
DATABASE|AP02353	GO:0005615|GO:0030141|GO:0033604|GO:0042583|GO:0042742|GO:0046676|GO:0086030
DATABASE|AP02359	GO:0005576|GO:0042742
DATABASE|AP02377	GO:0050832
DATABASE|AP02380	GO:0005576|GO:0042742
DATABASE|AP02388	GO:0004867|GO:0005615
DATABASE|AP02412	GO:0005576|GO:0006952
DATABASE|AP02422	GO:0006952
DATABASE|AP02425	GO:0003676|GO:0004540|GO:0005615|GO:0019731|GO:0045087|GO:0050829|GO:0050830|GO:0061844
DATABASE|AP02426	GO:0003676|GO:0004540|GO:0005615|GO:0019731|GO:0045087|GO:0050829|GO:0050830|GO:0061844
DATABASE|AP02427	GO:0005576|GO:0019731
DATABASE|AP02428	GO:0006952
DATABASE|AP02445	GO:0005576|GO:0006879
DATABASE|AP02451	GO:0005576|GO:0005615|GO:0006954|GO:0006955|GO:0008009|GO:0030335|GO:0043547|GO:0048020|GO:0048245|GO:0060326|GO:0061844|GO:0070098
DATABASE|AP02452	GO:0005576|GO:0005615|GO:0006954|GO:0006955|GO:0008009|GO:0030335|GO:0043547|GO:0048020|GO:0048245|GO:0060326|GO:0061844|GO:0070098
DATABASE|AP02453	GO:0000082|GO:0000307|GO:0004674|GO:0004693|GO:0005634|GO:0005737|GO:0006468|GO:0007165|GO:0010033|GO:0010389|GO:0010468|GO:0030332
DATABASE|AP02454	GO:0006952
DATABASE|AP02455	GO:0006952
DATABASE|AP02461	GO:0098542
DATABASE|AP02462	GO:0098542
DATABASE|AP02463	GO:0098542
DATABASE|AP02464	GO:0098542
DATABASE|AP02465	GO:0005576|GO:0006952
DATABASE|AP02466	GO:0005576|GO:0006952
DATABASE|AP02468	GO:0098542
DATABASE|AP02469	GO:0098542
DATABASE|AP02470	GO:0005576|GO:0006952
DATABASE|AP02471	GO:0098542
DATABASE|AP02473	GO:0005576|GO:0006952
DATABASE|AP02474	GO:0005576|GO:0006952
DATABASE|AP02475	GO:0005576|GO:0006952
DATABASE|AP02476	GO:0005576|GO:0006952
DATABASE|AP02477	GO:0050832
DATABASE|AP02478	GO:0005576|GO:0006879
DATABASE|AP02480	GO:0042742|GO:0061844
DATABASE|AP02498	GO:0005576|GO:0005615|GO:0019731|GO:0050829|GO:0050830
DATABASE|AP02499	GO:0005576|GO:0005615|GO:0019731|GO:0050829|GO:0050830
DATABASE|AP02500	GO:0005576|GO:0005615|GO:0019731|GO:0050829|GO:0050830
DATABASE|AP02501	GO:0005576|GO:0005615|GO:0019731|GO:0050829|GO:0050830
DATABASE|AP02502	GO:0005576|GO:0005615|GO:0019731|GO:0050829|GO:0050830
DATABASE|AP02503	GO:0005576|GO:0005615|GO:0019731|GO:0050829|GO:0050830
DATABASE|AP02504	GO:0005615|GO:0006952|GO:0006959|GO:0042742
DATABASE|AP02505	GO:0006952
DATABASE|AP02506	GO:0006952
DATABASE|AP02507	GO:0006952
DATABASE|AP02512	GO:0042742|GO:0050832
DATABASE|AP02513	GO:0042742|GO:0050832
DATABASE|AP02514	GO:0006952
DATABASE|AP02515	GO:0005576|GO:0042157
DATABASE|AP02518	GO:0005576|GO:0008200|GO:0019871
DATABASE|AP02519	GO:0001961|GO:0005125|GO:0005139|GO:0005576|GO:0032722|GO:0032733|GO:0032736|GO:0032754|GO:0032755|GO:0042531|GO:0050729|GO:0061844
DATABASE|AP02521	GO:0042742|GO:0061844
DATABASE|AP02522	GO:0006952
DATABASE|AP02523	GO:0004867
DATABASE|AP02533	GO:0003785|GO:0005737|GO:0007015|GO:0030334|GO:0042989
DATABASE|AP02534	GO:0004623|GO:0005509|GO:0005543|GO:0006644|GO:0016042|GO:0042130|GO:0047498
DATABASE|AP02545	GO:0005576|GO:0006952|GO:0008200|GO:0019871|GO:0090729
DATABASE|AP02546	GO:0005576|GO:0006952|GO:0008200|GO:0019871|GO:0090729
DATABASE|AP02547	GO:0005576|GO:0006952|GO:0008200|GO:0019871|GO:0090729
DATABASE|AP02548	GO:0005615|GO:0006952|GO:0006959|GO:0042742
DATABASE|AP02549	GO:0005576|GO:0042742|GO:0044179
DATABASE|AP02550	GO:0005576|GO:0098542
DATABASE|AP02557	GO:0090729
DATABASE|AP02559	GO:0050832
DATABASE|AP02564	GO:0098542
DATABASE|AP02565	GO:0098542
DATABASE|AP02566	GO:0098542
DATABASE|AP02567	GO:0098542
DATABASE|AP02568	GO:0098542
DATABASE|AP02571	GO:0006952
DATABASE|AP02579	GO:0005615|GO:0006952|GO:0006959|GO:0042742
DATABASE|AP02585	GO:0008061
DATABASE|AP02589	GO:0006952
DATABASE|AP02591	GO:0006952
DATABASE|AP02592	GO:0006952
DATABASE|AP02593	GO:0006952
DATABASE|AP02598	GO:0005576|GO:0019836
DATABASE|AP02599	GO:0005576|GO:0019836
DATABASE|AP02602	GO:0001533|GO:0005634|GO:0036457|GO:0061436
DATABASE|AP02607	GO:0042742
DATABASE|AP02608	GO:0042742
DATABASE|AP02609	GO:0098542
DATABASE|AP02611	GO:0098542
DATABASE|AP02612	GO:0005576|GO:0006952
DATABASE|AP02613	GO:0098542
DATABASE|AP02614	GO:0098542
DATABASE|AP02618	GO:0006952
DATABASE|AP02619	GO:0006952
DATABASE|AP02632	GO:0005576|GO:0019731
DATABASE|AP02633	GO:0005576|GO:0019731
DATABASE|AP02634	GO:0005576|GO:0006955|GO:0008009
DATABASE|AP02635	GO:0005576|GO:0006955|GO:0008009
DATABASE|AP02636	GO:0005576|GO:0006955|GO:0008009
DATABASE|AP02646	GO:0005576|GO:0042742
DATABASE|AP02650	GO:0005615|GO:0006952|GO:0006959|GO:0042742
DATABASE|AP02651	GO:0005615|GO:0006952|GO:0006959|GO:0042742
DATABASE|AP02653	GO:0005576|GO:0006879
DATABASE|AP02654	GO:0005576|GO:0006879
DATABASE|AP02655	GO:0005737|GO:0008061|GO:0098542
DATABASE|AP02656	GO:0006952
DATABASE|AP02657	GO:0006952
DATABASE|AP02658	GO:0006952
DATABASE|AP02659	GO:0006952
DATABASE|AP02660	GO:0006952
DATABASE|AP02661	GO:0006952
DATABASE|AP02667	GO:0004623|GO:0005509|GO:0005543|GO:0006644|GO:0016042|GO:0042130|GO:0047498
DATABASE|AP02668	GO:0004623|GO:0005509|GO:0005543|GO:0006644|GO:0016042|GO:0042130|GO:0047498
DATABASE|AP02669	GO:0004623|GO:0005509|GO:0005543|GO:0006644|GO:0016042|GO:0042130|GO:0047498
DATABASE|AP02673	GO:0005615|GO:0006952|GO:0006959|GO:0042742
DATABASE|AP02679	GO:0005576
DATABASE|AP02685	GO:0006952
DATABASE|AP02686	GO:0006952
DATABASE|AP02687	GO:0006952
DATABASE|AP02693	GO:0005576|GO:0042742
DATABASE|AP02712	GO:0006629|GO:0042742
DATABASE|AP02725	GO:0050830
DATABASE|AP02730	GO:0005576|GO:0042742|GO:0044179
DATABASE|AP02735	GO:0005615|GO:0006952|GO:0006959|GO:0042742
DATABASE|AP02736	GO:0005739|GO:0006952|GO:0009505
DATABASE|AP02738	GO:0006952
DATABASE|AP02741	GO:0050830
DATABASE|AP02743	GO:0003796|GO:0005576|GO:0009253|GO:0050830
DATABASE|AP02748	GO:0005576|GO:0019836
DATABASE|AP02749	GO:0005576|GO:0019836
DATABASE|AP02750	GO:0042742
DATABASE|AP02751	GO:0006952
DATABASE|AP02754	GO:0006952
DATABASE|AP02755	GO:0006952
DATABASE|AP02766	GO:0003796|GO:0050829|GO:0050830
DATABASE|AP02772	GO:0006952
DATABASE|AP02773	GO:0006952
DATABASE|AP02786	GO:0042742
DATABASE|AP02791	GO:0000786|GO:0003677|GO:0030527
DATABASE|AP02799	GO:0050830
DATABASE|AP02804	GO:0000786|GO:0003677|GO:0030527|GO:0046982
DATABASE|AP02807	GO:0003677|GO:0030527|GO:0046982
DATABASE|AP02808	GO:0000786|GO:0003677|GO:0030527|GO:0046982
DATABASE|AP02809	GO:0000786|GO:0003677|GO:0030527|GO:0046982
DATABASE|AP02810	GO:0003677|GO:0030527|GO:0046982
DATABASE|AP02811	GO:0000786|GO:0003677|GO:0030527|GO:0046982
DATABASE|AP02812	GO:0046982
DATABASE|AP02813	GO:0046982
DATABASE|AP02814	GO:0046982
DATABASE|AP02818	GO:0005576|GO:0042742
DATABASE|AP02828	GO:0005576|GO:0042742
DATABASE|AP02829	GO:0005576|GO:0042742
DATABASE|AP02832	GO:0005576|GO:0006952
DATABASE|AP02833	GO:0098542
DATABASE|AP02836	GO:0098542
DATABASE|AP02837	GO:0005576|GO:0006952
DATABASE|AP02840	GO:0005576|GO:0006952
DATABASE|AP02843	GO:0005576|GO:0006952
DATABASE|AP02845	GO:0005576|GO:0006952
DATABASE|AP02847	GO:0042742
DATABASE|AP02848	GO:0042742
DATABASE|AP02851	GO:0005737|GO:0007268|GO:0014059|GO:0043025|GO:0043679|GO:0048488|GO:0050808|GO:1901214|GO:1903136
DATABASE|AP02852	GO:0006952
DATABASE|AP02853	GO:0006952
DATABASE|AP02865	GO:0006629|GO:0031640|GO:0042742|GO:0044194|GO:0061844
DATABASE|AP02878	GO:0005833|GO:0015671|GO:0019825|GO:0020037
DATABASE|AP02879	GO:0005833|GO:0015671|GO:0019825|GO:0020037
DATABASE|AP02893	GO:0098542
DATABASE|AP02895	GO:0004252
DATABASE|AP02896	GO:0003785|GO:0005737|GO:0007015|GO:0030334|GO:0042989
DATABASE|AP02904	GO:0005615|GO:0006952|GO:0006959|GO:0042742
DATABASE|AP02912	GO:0006952
DATABASE|AP02917	GO:0005179|GO:0005576|GO:0005615
DATABASE|AP02918	GO:0019825|GO:0020037
DATABASE|AP02955	GO:0005576|GO:0042742
DATABASE|AP02958	GO:0005576|GO:0006952
DATABASE|AP02971	GO:0005576|GO:0019836
DATABASE|AP02994	GO:0098542
DATABASE|AP02996	GO:0042742
DATABASE|AP02997	GO:0042742
DATABASE|AP03009	GO:0005576|GO:0005615|GO:0019731|GO:0050829|GO:0050830
DATABASE|AP03010	GO:0006952
DATABASE|AP03011	GO:0050832
DATABASE|AP03017	GO:0006952
DATABASE|AP03021	GO:0006952
DATABASE|AP03022	GO:0006952
DATABASE|AP03023	GO:0042742|GO:0061844
DATABASE|AP03031	GO:0005576|GO:0006952
DATABASE|AP03032	GO:0005576|GO:0042742
DATABASE|AP03033	GO:0030246
DATABASE|AP03037	GO:0005615|GO:0006952|GO:0006959|GO:0042742
DATABASE|AP03038	GO:0004867
DATABASE|AP03040	GO:0005576|GO:0006952
DATABASE|AP03042	GO:0098542
DATABASE|AP03043	GO:0005576|GO:0006955|GO:0008009
DATABASE|AP03053	GO:0005576|GO:0006879
DATABASE|AP03058	GO:0005576|GO:0006955|GO:0008009
DATABASE|AP03065	GO:0005576|GO:0006952
DATABASE|AP03066	GO:0019731|GO:0019732
DATABASE|AP03067	GO:0005576|GO:0019731
DATABASE|AP03068	GO:0005576|GO:0019731
DATABASE|AP03069	GO:0005576|GO:0019731
DATABASE|AP03072	GO:0006952
DATABASE|AP03073	GO:0098542
DATABASE|AP03076	GO:0005576|GO:0042742
DATABASE|AP03083	GO:0045735
DATABASE|AP03084	GO:0005179|GO:0005576|GO:0005615
DATABASE|AP03085	GO:0005179|GO:0005576|GO:0005615
DATABASE|AP03087	GO:0005576|GO:0006952
DATABASE|AP03088	GO:0005576|GO:0042742
DATABASE|AP03099	GO:0006952
DATABASE|AP03106	GO:0003796
DATABASE|AP03113	GO:0006952
DATABASE|AP03114	GO:0006952
DATABASE|AP03115	GO:0006952
DATABASE|AP03116	GO:0006952
DATABASE|AP03118	GO:0005576|GO:0006879
DATABASE|AP03119	GO:0042742|GO:0061844
DATABASE|AP03131	GO:0005576|GO:0005615|GO:0035375|GO:0042803
DATABASE|AP03134	GO:0005509|GO:0005737|GO:0043542|GO:0046914|GO:0048306|GO:0070062
DATABASE|AP03137	GO:0005576|GO:0042742
DATABASE|AP03141	GO:0005576|GO:0042742
DATABASE|AP03146	GO:0005576
DATABASE|AP03147	GO:0005576
DATABASE|AP03148	GO:0005576
DATABASE|AP03149	GO:0005576
DATABASE|AP03150	GO:0005576
DATABASE|AP03152	GO:0098542
DATABASE|AP03172	GO:0005576|GO:0042742
DATABASE|AP03176	GO:0005576|GO:0006955|GO:0008009
DATABASE|AP03178	GO:0098542
DATABASE|AP03179	GO:0098542
DATABASE|AP03180	GO:0005576|GO:0019731
DATABASE|AP03181	GO:0005576|GO:0005615|GO:0019731|GO:0050829|GO:0050830
DATABASE|AP03182	GO:0005576|GO:0042742
DATABASE|AP03183	GO:0005615|GO:0006952|GO:0006959|GO:0042742
DATABASE|AP03187	GO:0003735|GO:0005840|GO:0006412
DATABASE|AP03191	GO:0006952
DATABASE|AP03192	GO:0006952
DATABASE|AP03199	GO:0003676|GO:0004540|GO:0050830|GO:0090501
DATABASE|AP03200	GO:0042742
DATABASE|AP03202	GO:0005576|GO:0006952
DATABASE|AP03225	GO:0005576|GO:0006952
DATABASE|AP03229	GO:0005576|GO:0019731
DATABASE|AP03235	GO:0005576|GO:0019731
DATABASE|AP03240	GO:0098542
DATABASE|AP03242	GO:0006952
DATABASE|AP03252	GO:0005576|GO:0019836
DATABASE|AP03253	GO:0005576|GO:0019836
DATABASE|AP03254	GO:0005576|GO:0019836
DATABASE|AP03266	GO:0006952
DATABASE|AP03274	GO:0005179|GO:0005184|GO:0005576|GO:0007189|GO:0007218|GO:0016521|GO:0031175|GO:0032880|GO:0043005|GO:0043204|GO:0051428|GO:0070374
DATABASE|AP03275	GO:0005576|GO:0098542
DATABASE|AP03279	GO:0005179|GO:0005184|GO:0005576|GO:0007189|GO:0007218|GO:0016521|GO:0031175|GO:0032880|GO:0043005|GO:0043204|GO:0051428|GO:0070374
DATABASE|AP03284	GO:0098542
DATABASE|AP03285	GO:0005576|GO:0006952
DATABASE|AP03286	GO:0004867
DATABASE|AP03290	GO:0003677|GO:0005829|GO:0030527
DATABASE|AP03295	GO:0005576|GO:0006952
DATABASE|AP03298	GO:0005615|GO:0031731|GO:0042056|GO:0042742|GO:0060326
DATABASE|AP03299	GO:0005615|GO:0031731|GO:0042056|GO:0042742|GO:0060326
DATABASE|AP03305	GO:0001525|GO:0003676|GO:0004540|GO:0005615|GO:0019731|GO:0045087|GO:0050830|GO:0061844
DATABASE|AP03308	GO:0005615|GO:0006952|GO:0006959|GO:0042742
DATABASE|AP03310	GO:0006952
DATABASE|AP03311	GO:0006952
DATABASE|AP03323	GO:0015629|GO:0030042
DATABASE|AP03324	GO:0005576|GO:0006952
DATABASE|AP03336	GO:0045735
DATABASE|AP03339	GO:0005576|GO:0006952
DATABASE|AP03340	GO:0098542
DATABASE|AP03341	GO:0005576|GO:0006952
DATABASE|AP03343	GO:0050832
DATABASE|AP03346	GO:0006952
DATABASE|AP03347	GO:0005576|GO:0006952
DATABASE|AP03348	GO:0005615|GO:0006952|GO:0006959|GO:0042742
DATABASE|AP03406	GO:0005576|GO:0019731
DATABASE|AP03409	GO:0005576|GO:0019731
DATABASE|AP03410	GO:0005576|GO:0019731
DATABASE|AP03412	GO:0008061
DATABASE|AP03413	GO:0005576|GO:0019731
DATABASE|AP03414	GO:0005576|GO:0019731
DATABASE|AP03416	GO:0005615|GO:0006952|GO:0006959|GO:0042742
DATABASE|AP03417	GO:0005615|GO:0006952|GO:0006959|GO:0042742
DATABASE|AP03423	GO:0005576|GO:0006952
DATABASE|AP03425	GO:0042742
DATABASE|AP03431	GO:0042742
DATABASE|AP03434	GO:0042742
DATABASE|AP03435	GO:0042742|GO:0061844
DATABASE|AP03454	GO:0005576|GO:0042742
DATABASE|AP03456	GO:0003796|GO:0050829|GO:0050830
DATABASE|AP03459	GO:0006952
DATABASE|AP03498	GO:0098542
DATABASE|AP03501	GO:0005615|GO:0006952|GO:0006959|GO:0042742
DATABASE|AP03502	GO:0006952
DATABASE|AP03503	GO:0006952
DATABASE|AP03507	GO:0005576|GO:0005615|GO:0019731|GO:0050829|GO:0050830
DATABASE|AP03514	GO:0005576|GO:0006952
DATABASE|AP03515	GO:0005576|GO:0006952
DATABASE|AP03516	GO:0005576|GO:0006952
DATABASE|AP03534	GO:0042742
DATABASE|AP03535	GO:0042742
DATABASE|AP03536	GO:0005576|GO:0006952
DATABASE|AP03537	GO:0042742
DATABASE|AP03538	GO:0042742
DATABASE|AP03540	GO:0042742
DATABASE|AP03541	GO:0042742
DATABASE|AP03548	GO:0042742
DATABASE|AP03549	GO:0005576|GO:0006952
DATABASE|AP03550	GO:0042742
DATABASE|AP03554	GO:0042742
DATABASE|AP03555	GO:0042742
DATABASE|AP03557	GO:0042742
DATABASE|AP03559	GO:0098542
DATABASE|AP03568	GO:0042742|GO:0061844
DATABASE|AP03569	GO:0042742|GO:0061844
DATABASE|AP03589	GO:0005576|GO:0006952
DATABASE|AP03590	GO:0005576|GO:0006952
DATABASE|AP03591	GO:0005576|GO:0006952
DATABASE|AP03592	GO:0005576|GO:0006952
DATABASE|AP03593	GO:0005576|GO:0006952
DATABASE|AP03594	GO:0005576|GO:0006952
DATABASE|AP03595	GO:0005576|GO:0006952
DATABASE|AP03596	GO:0005576|GO:0006952
DATABASE|AP03597	GO:0005576|GO:0006952
DATABASE|AP03598	GO:0005576|GO:0006952
DATABASE|AP03599	GO:0005576|GO:0006952
DATABASE|AP03608	GO:0098542
DATABASE|AP03609	GO:0098542
DATABASE|AP03627	GO:0019825|GO:0020037
DATABASE|AP03630	GO:0042742
DATABASE|AP03636	GO:0005576|GO:0042742
DATABASE|AP03637	GO:0005576|GO:0042742
DATABASE|AP03638	GO:0005576|GO:0042742
DATABASE|AP03679	GO:0098542
DATABASE|AP03705	GO:0005179|GO:0005184|GO:0005576|GO:0005615|GO:0007218|GO:0007631|GO:0031841
DATABASE|AP03728	GO:0005615|GO:0006952|GO:0006959|GO:0042742
DATABASE|AP03729	GO:0005576|GO:0019731
DATABASE|AP03738	GO:0005576|GO:0019731
DATABASE|AP03739	GO:0005576|GO:0019731
DATABASE|AP03740	GO:0005576|GO:0019731
DATABASE|AP03741	GO:0005576|GO:0019731
DATABASE|AP03742	GO:0005576|GO:0042742
DATABASE|AP03745	GO:0005576|GO:0019731
DATABASE|AP03746	GO:0005576|GO:0005615|GO:0019731|GO:0050829|GO:0050830
DATABASE|AP03747	GO:0005576|GO:0005615|GO:0019731|GO:0050829|GO:0050830
DATABASE|AP03787	GO:0005576|GO:0042742
DATABASE|AP03805	GO:0015671|GO:0019825|GO:0020037|GO:0070062
DATABASE|AP03836	GO:0005615|GO:0006952|GO:0006959|GO:0042742
DATABASE|AP03837	GO:0005576|GO:0042742
DATABASE|AP03838	GO:0005576|GO:0042742
DATABASE|AP03903	GO:0005576|GO:0006879
DATABASE|AP03908	GO:0005576|GO:0008233|GO:0031640
DATABASE|AP03918	GO:0005576|GO:0019731
DATABASE|AP03919	GO:0005576|GO:0019731
DATABASE|AP03921	GO:0005576|GO:0019731
DATABASE|AP03922	GO:0005576|GO:0005615|GO:0019731|GO:0050829|GO:0050830
DATABASE|AP03923	GO:0005576|GO:0019731
DATABASE|AP03924	GO:0005576|GO:0005615|GO:0019731|GO:0050829|GO:0050830
DATABASE|AP03927	GO:0004867
DATABASE|AP03934	GO:0098542
DATABASE|AP03938	GO:0005576|GO:0006879
DATABASE|AP03940	GO:0005576|GO:0008200
DATABASE|AP04003	GO:0005576|GO:0042742
DATABASE|AP04004	GO:0005576|GO:0042742
DATABASE|AP04032	GO:0006952
DATABASE|AP04036	GO:0003676|GO:0004540|GO:0005615|GO:0019731|GO:0045087|GO:0050829|GO:0050830|GO:0061844
DATABASE|AP04048	GO:0005576|GO:0042742
DATABASE|AP04049	GO:0006952
DATABASE|AP04050	GO:0006952
DATABASE|AP04054	GO:0003676|GO:0004540|GO:0005615|GO:0050830
DATABASE|AP04062	GO:0005576|GO:0006879
DATABASE|AP04077	GO:0005576|GO:0042742
DATABASE|AP04089	GO:0005576|GO:0042742
DATABASE|AP04099	GO:0005576|GO:0042742
DATABASE|AP04114	GO:0005576|GO:0042742
DATABASE|AP04115	GO:0042742|GO:0061844
DATABASE|AP04122	GO:0005576|GO:0042742
DATABASE|AP04128	GO:0004866
DATABASE|AP04142	GO:0005576|GO:0005615|GO:0019731|GO:0050829|GO:0050830
DATABASE|AP04148	GO:0005576|GO:0019836
DATABASE|AP04194	GO:0005576|GO:0042742
DATABASE|AP04195	GO:0005576|GO:0042742
DATABASE|AP04196	GO:0090729
DATABASE|AP04209	GO:0005576|GO:0019731
DATABASE|AP04231	GO:0098542
DATABASE|AP04246	GO:0006952
DATABASE|AP04321	GO:0006952
DATABASE|AP04322	GO:0006952
DATABASE|AP04323	GO:0006952
DATABASE|AP04324	GO:0006952
DATABASE|AP04513	GO:0004867|GO:0005615
DATABASE|AP04648	GO:0001664
DATABASE|AP04650	GO:0005576|GO:0005615|GO:0019731|GO:0050829|GO:0050830
DATABASE|AP04651	GO:0005576|GO:0005615|GO:0019731|GO:0050829|GO:0050830
DATABASE|AP04652	GO:0005576|GO:0005615|GO:0019731|GO:0050829|GO:0050830
DATABASE|AP04730	GO:0042742
DATABASE|AP04779	GO:0005576|GO:0042742
DATABASE|AP04810	GO:0006952
DATABASE|AP04814	GO:0005576|GO:0006869|GO:0008035|GO:0008289|GO:0030301|GO:0034366|GO:0042157|GO:0042632|GO:0120020
DATABASE|AP04820	GO:0006952
DATABASE|AP04821	GO:0006952
DATABASE|AP04827	GO:0005509|GO:0005737|GO:0043123|GO:0043542|GO:0048306|GO:0050786|GO:0061844|GO:0070062
DATABASE|AP04829	GO:0006629|GO:0042742
DATABASE|AP04831	GO:0098542
DATABASE|AP04838	GO:0006629|GO:0042742
DATABASE|AP04840	GO:0005576|GO:0042742
DATABASE|AP04849	GO:0008061
DATABASE|AP04850	GO:0001530|GO:0050829|GO:0050830|GO:0061760
DATABASE|AP04851	GO:0005576|GO:0006952|GO:0008200|GO:0019871|GO:0090729
DATABASE|AP04935	GO:0005576|GO:0042742|GO:0044179
DATABASE|AP04939	GO:0006952
DATABASE|AP04940	GO:0006952
DATABASE|AP04941	GO:0006952
DATABASE|AP04942	GO:0006952
DATABASE|AP04943	GO:0006952
DATABASE|AP04944	GO:0006952
DATABASE|AP05015	GO:0005615|GO:0031731|GO:0042056|GO:0042742|GO:0060326
DATABASE|AP05050	GO:0006952
DATABASE|AP05198	GO:0050830
DATABASE|AP05238	GO:0042742
DATABASE|AP05251	GO:0005576|GO:0042742
DATABASE|AP05252	GO:0005576|GO:0042742
DATABASE|AP05270	GO:0005615|GO:0006952|GO:0006959|GO:0042742
DATABASE|AP05271	GO:0005615|GO:0006952|GO:0006959|GO:0042742
DATABASE|AP05272	GO:0005615|GO:0006952|GO:0006959|GO:0042742
DATABASE|AP05273	GO:0005615|GO:0006952|GO:0006959|GO:0042742
DATABASE|AP05274	GO:0006952
DATABASE|AP05283	GO:0005576|GO:0042742
DATABASE|AP05494	GO:0005615|GO:0006952|GO:0006959|GO:0042742
DATABASE|AP05554	GO:0042742
DATABASE|AP05575	GO:0005576|GO:0006879
DATABASE|AP05576	GO:0005576|GO:0006879
DATABASE|AP05583	GO:0000786|GO:0003677|GO:0030527|GO:0046982
DATABASE|AP05619	GO:0006952
DATABASE|AP05627	GO:0005524|GO:0016491
DATABASE|AP05657	GO:0005576|GO:0042742
DATABASE|AP05658	GO:0005576|GO:0042742
DATABASE|AP05659	GO:0005576|GO:0042742
DATABASE|AP05672	GO:0098542
DATABASE|AP05681	GO:0042742|GO:0061844
DATABASE|CAMPSQ10015_HistoneH5	GO:0000786|GO:0003677|GO:0003690|GO:0005634|GO:0006334|GO:0030261|GO:0030527|GO:0031492|GO:0045910
DATABASE|CAMPSQ10076_RbLEAP-2	GO:0042742|GO:0061844
DATABASE|CAMPSQ10079_PtDef	GO:0006952
DATABASE|CAMPSQ10233_Non-specificlipid-transferprotein3	GO:0006869|GO:0008289
DATABASE|CAMPSQ1024_Actinoxanthin	GO:0003677|GO:0006952
DATABASE|CAMPSQ1025_Antibacterialprotein	GO:0003796
DATABASE|CAMPSQ10277_LL17-32	GO:0042742
DATABASE|CAMPSQ10279_Tat67-90	GO:0001070|GO:0042025|GO:0050434
DATABASE|CAMPSQ10334_PH1	GO:0042742
DATABASE|CAMPSQ10343_Cec4	GO:0005576|GO:0005615|GO:0019731|GO:0050829|GO:0050830
DATABASE|CAMPSQ10353_Virgicin	GO:0005576|GO:0042742
DATABASE|CAMPSQ10354_EcgDf1	GO:0006952
DATABASE|CAMPSQ10452_Rpa	GO:0005576|GO:0006952
DATABASE|CAMPSQ104_HalocidinprecursorA	GO:0042742
DATABASE|CAMPSQ10528_Sph12-38	GO:0046982
DATABASE|CAMPSQ10529_Sph20-38	GO:0046982
DATABASE|CAMPSQ10542_PepR	GO:0005198|GO:0019028
DATABASE|CAMPSQ10553_Magainin2	GO:0004860|GO:0005576
DATABASE|CAMPSQ10600_Caerin-14	GO:0005576
DATABASE|CAMPSQ10624_LL-37	GO:0042742
DATABASE|CAMPSQ10625_LL-37	GO:0042742
DATABASE|CAMPSQ10626_LL-37	GO:0042742
DATABASE|CAMPSQ10689_Ranatuerin-2VLb	GO:0005576|GO:0006952
DATABASE|CAMPSQ10690_Brevinin-1VLa	GO:0098542
DATABASE|CAMPSQ10691_Brevinin-1VLc	GO:0098542
DATABASE|CAMPSQ10692_Brevinin-1VLd	GO:0098542
DATABASE|CAMPSQ10693_Brevinin-1VLe	GO:0098542
DATABASE|CAMPSQ10711_LSer-Def1	GO:0005615|GO:0006952|GO:0006959|GO:0042742
DATABASE|CAMPSQ10729_FmPEN3	GO:0005737|GO:0008061|GO:0098542
DATABASE|CAMPSQ10730_FmPEN5	GO:0005737|GO:0008061|GO:0098542
DATABASE|CAMPSQ10768_EnterocinGr17	GO:0005576|GO:0042742
DATABASE|CAMPSQ10850_G-ple22-51	GO:0042742
DATABASE|CAMPSQ10889_LEAP2AB	GO:0042742|GO:0061844
DATABASE|CAMPSQ10890_LEAP2C	GO:0042742|GO:0061844
DATABASE|CAMPSQ108_Beta-defensin5precursor	GO:0005576|GO:0006952
DATABASE|CAMPSQ10910_EcAMP2	GO:0050832
DATABASE|CAMPSQ10918_LL-31	GO:0042742
DATABASE|CAMPSQ10922_HNP-1	GO:0002227|GO:0005576|GO:0005615|GO:0006952|GO:0019731|GO:0031012|GO:0050829|GO:0050830|GO:0051673|GO:0061844|GO:0071222
DATABASE|CAMPSQ10923_HBD-1	GO:0002227|GO:0005615|GO:0031731|GO:0050829|GO:0050830
DATABASE|CAMPSQ10940_CAP-18-18	GO:0042742
DATABASE|CAMPSQ10941_CAP-18	GO:0042742
DATABASE|CAMPSQ10942_CAP18-22	GO:0042742
DATABASE|CAMPSQ10953_LeucocinA	GO:0005576|GO:0042742
DATABASE|CAMPSQ10956_Brevinin-2Ej	GO:0005576|GO:0006952
DATABASE|CAMPSQ10957_Brevinin-2Ei	GO:0005576|GO:0006952
DATABASE|CAMPSQ10970_Brevinin-1ZHa	GO:0098542
DATABASE|CAMPSQ10971_Brevinin-2ZHa	GO:0005576|GO:0006952
DATABASE|CAMPSQ10980_Penaeidin-3a	GO:0005737|GO:0008061|GO:0098542
DATABASE|CAMPSQ10992_MutacinF-591	GO:0005576|GO:0042742
DATABASE|CAMPSQ11024_LcLEAP-2C	GO:0042742|GO:0061844
DATABASE|CAMPSQ11033_MaximinH23	GO:0005576|GO:0042742
DATABASE|CAMPSQ1105_Ribonuclease7	GO:0003676|GO:0004540|GO:0005615|GO:0045087|GO:0050829|GO:0050830|GO:0050832
DATABASE|CAMPSQ11063_AvicinA	GO:0005576|GO:0042742
DATABASE|CAMPSQ11074_BnpTX-I	GO:0004623|GO:0005509|GO:0005543|GO:0006644|GO:0016042|GO:0042130|GO:0047498
DATABASE|CAMPSQ11078_Px-cec1	GO:0005576|GO:0019731
DATABASE|CAMPSQ1107_Cecropin-A	GO:0005576|GO:0005615|GO:0019731|GO:0050829|GO:0050830
DATABASE|CAMPSQ11086_MAFP1	GO:0050832
DATABASE|CAMPSQ11089_Bglu2	GO:0004553|GO:0005975
DATABASE|CAMPSQ11097_FaerocinMK	GO:0005576|GO:0042742
DATABASE|CAMPSQ11099_PaLEAP-2	GO:0042742|GO:0061844
DATABASE|CAMPSQ11102_HP-3	GO:0005576|GO:0006952
DATABASE|CAMPSQ1111_LysozymeC	GO:0003796
DATABASE|CAMPSQ11140_RNase3	GO:0002227|GO:0003676|GO:0004540|GO:0005615|GO:0006935|GO:0050830
DATABASE|CAMPSQ11152_K-hefutoxin1	GO:0005576
DATABASE|CAMPSQ1115_Cystatin-11	GO:0004869|GO:0005634|GO:0005737|GO:0036126|GO:0050829|GO:0061827
DATABASE|CAMPSQ11175_Crassicorin-I	GO:0008200|GO:0042151|GO:0090729
DATABASE|CAMPSQ11204_Bpic-LAAO	GO:0001716|GO:0009063|GO:0016491
DATABASE|CAMPSQ11207_Monotremelactationprotein	GO:0005615
DATABASE|CAMPSQ11210_Ocellatin-LB2	GO:0005576|GO:0019836
DATABASE|CAMPSQ11222_NaD1	GO:0006952
DATABASE|CAMPSQ11236_HD5	GO:0005576|GO:0006952
DATABASE|CAMPSQ11237_HD5	GO:0005576|GO:0006952
DATABASE|CAMPSQ11243_R2PLx	GO:0005576|GO:0006952
DATABASE|CAMPSQ1124_N-acetylmuramoyl-L-alanineamidaseA	GO:0008745|GO:0009253|GO:0009254
DATABASE|CAMPSQ1125_Puroindoline-B	GO:0004867|GO:0045735
DATABASE|CAMPSQ11272_AdCATH	GO:0005576|GO:0005615|GO:0006952
DATABASE|CAMPSQ11273_AdHEP	GO:0005576|GO:0005615|GO:0006879|GO:0034760|GO:0042742
DATABASE|CAMPSQ11275_AbHAMP	GO:0005576|GO:0006879
DATABASE|CAMPSQ1129_Low-molecularcysteine-richantifungalproteinLCR77cysteine-richantifungalproteinAt2g26020	GO:0006952
DATABASE|CAMPSQ112_Midgutdefensin	GO:0006952
DATABASE|CAMPSQ11321_Hirudomacin	GO:0006952
DATABASE|CAMPSQ11336_Abaecin	GO:0005576|GO:0042381
DATABASE|CAMPSQ1134_Cecropin-B	GO:0005576|GO:0019731
DATABASE|CAMPSQ1135_Cecropin-A	GO:0005576|GO:0019731
DATABASE|CAMPSQ11388_Tbeta	GO:0003785|GO:0005737|GO:0007015|GO:0030334|GO:0042989
DATABASE|CAMPSQ1138_Techylectin-5B	GO:0005201|GO:0005577|GO:0007596|GO:0030674|GO:0034116|GO:0042730|GO:0070527|GO:0072377
DATABASE|CAMPSQ11392_PcIFN-	GO:0005126|GO:0005576|GO:0006952
DATABASE|CAMPSQ113_Salivaryglandsdefensin	GO:0006952
DATABASE|CAMPSQ11403_Defensin	GO:0006952
DATABASE|CAMPSQ11404_Defensin-like1	GO:0006952
DATABASE|CAMPSQ11405_Defensin-like2	GO:0006952
DATABASE|CAMPSQ11440_KR-14	GO:0042742
DATABASE|CAMPSQ11451_PvD1	GO:0006952
DATABASE|CAMPSQ11601_Nigrocin-HLD	GO:0042742
DATABASE|CAMPSQ11607_CystatinC	GO:0004869|GO:0005615|GO:0005737|GO:0031982|GO:2000117
DATABASE|CAMPSQ1161_FALL-39	GO:0042742
DATABASE|CAMPSQ11657_TroCCL4	GO:0005576|GO:0006955|GO:0008009
DATABASE|CAMPSQ11701_NZX	GO:0006952
DATABASE|CAMPSQ11728_AiTBeta	GO:0003785|GO:0005737|GO:0007015|GO:0030334|GO:0042989
DATABASE|CAMPSQ11729_CfTBeta	GO:0003785|GO:0005737|GO:0007015|GO:0030334|GO:0042989
DATABASE|CAMPSQ11738_LcIFNc	GO:0005126|GO:0005576|GO:0006952
DATABASE|CAMPSQ11751_Tetherin	GO:0005794|GO:0008191|GO:0009986|GO:0045087|GO:0051607
DATABASE|CAMPSQ1178_AntihypertensiveproteinBDS-1	GO:0008200|GO:0042151|GO:0090729
DATABASE|CAMPSQ11799_HMGN2	GO:0000785|GO:0003682|GO:0005634|GO:0006325|GO:0031492
DATABASE|CAMPSQ117_Plateletbasicproteinprecursor	GO:0005576|GO:0006955|GO:0008009
DATABASE|CAMPSQ11807_Ps-K18	GO:0006952
DATABASE|CAMPSQ11808_Ps-K14-K18	GO:0006952
DATABASE|CAMPSQ11809_Ps-P	GO:0006952
DATABASE|CAMPSQ11810_Ps-K18-P	GO:0006952
DATABASE|CAMPSQ11811_Ps-K18-P	GO:0006952
DATABASE|CAMPSQ11898_Abacein	GO:0005576|GO:0042381
DATABASE|CAMPSQ12019_HAE	GO:0006952
DATABASE|CAMPSQ12041_NaD1	GO:0006952
DATABASE|CAMPSQ12073_G-typelysozymes	GO:0003796|GO:0005576|GO:0009253|GO:0050830
DATABASE|CAMPSQ12074_ApLyz	GO:0003796
DATABASE|CAMPSQ12077_Felineinterferonbeta	GO:0005126|GO:0005576|GO:0006952
DATABASE|CAMPSQ12155_Malabargrouperpiscidin1	GO:0042742
DATABASE|CAMPSQ12194_OsTHION15	GO:0006952
DATABASE|CAMPSQ12196_PT-1	GO:0004867
DATABASE|CAMPSQ12281_RpdefB	GO:0006952
DATABASE|CAMPSQ12294_MtDef5	GO:0006952
DATABASE|CAMPSQ12295_MtDef5_V1	GO:0006952
DATABASE|CAMPSQ12296_MtDef5A	GO:0006952
DATABASE|CAMPSQ12297_MtDef5B	GO:0006952
DATABASE|CAMPSQ12298_PcLys-i3	GO:0003796
DATABASE|CAMPSQ12330_ScLYZ	GO:0003796
DATABASE|CAMPSQ12399_Pteroicidin--COOHor-Pte	GO:0042742
DATABASE|CAMPSQ12587_Crassicorin-I	GO:0008200|GO:0042151|GO:0090729
DATABASE|CAMPSQ12607_HepcidinpHepc	GO:0005576|GO:0006879
DATABASE|CAMPSQ12709_C1	GO:0044562
DATABASE|CAMPSQ1301_Opistoporin3	GO:0005576|GO:0042742|GO:0044179
DATABASE|CAMPSQ1322_Maximin-H16	GO:0005576|GO:0042742
DATABASE|CAMPSQ13377_Cfcec-2	GO:0005576|GO:0019731
DATABASE|CAMPSQ13421_PsoThi1713	GO:0006952
DATABASE|CAMPSQ13559_Octominin	GO:0042742
DATABASE|CAMPSQ13634_Statherin	GO:0005576|GO:0030500|GO:0042742|GO:0046848
DATABASE|CAMPSQ13659_IT32	GO:0005576|GO:0030500|GO:0042742|GO:0046848
DATABASE|CAMPSQ13660_GQ19	GO:0005576|GO:0030500|GO:0042742|GO:0046848
DATABASE|CAMPSQ13661_IP18	GO:0005576|GO:0030500|GO:0042742|GO:0046848
DATABASE|CAMPSQ13700_LL-37	GO:0042742
DATABASE|CAMPSQ13708_KR12	GO:0042742
DATABASE|CAMPSQ1376_ClassIIsec-dependentbacteriocin	GO:0005576|GO:0042742
DATABASE|CAMPSQ13777_Mel	GO:0004860|GO:0005576
DATABASE|CAMPSQ13873_6265	GO:0019031
DATABASE|CAMPSQ13874_6269	GO:0019031
DATABASE|CAMPSQ13880_6290	GO:0019031
DATABASE|CAMPSQ13881_6291	GO:0019031
DATABASE|CAMPSQ13882_6292	GO:0019031
DATABASE|CAMPSQ13945_14Hc	GO:0042742
DATABASE|CAMPSQ13946_15Hc	GO:0042742
DATABASE|CAMPSQ13947_16Hc	GO:0042742
DATABASE|CAMPSQ13948_17Hc	GO:0042742
DATABASE|CAMPSQ1412_Lingualantimicrobialpeptide	GO:0005576|GO:0006952
DATABASE|CAMPSQ14136_Pom-2	GO:0005576|GO:0019731
DATABASE|CAMPSQ1413_Cationicantimicrobialprotein	GO:0001530|GO:0005576|GO:0005615|GO:0006952|GO:0045087|GO:0050829|GO:0050830|GO:0061844
DATABASE|CAMPSQ14219_CcG2-PinII	GO:0004867
DATABASE|CAMPSQ14223_AS-hepc3	GO:0005576|GO:0006879
DATABASE|CAMPSQ1423_Beta-defensin5	GO:0005576|GO:0006952
DATABASE|CAMPSQ14241_GV30	GO:0005576|GO:0006952
DATABASE|CAMPSQ14258_FM-CATH	GO:0005576|GO:0005615|GO:0006952
DATABASE|CAMPSQ14342_B1OS	GO:0098542
DATABASE|CAMPSQ14477_NK-lysin	GO:0006629|GO:0031640|GO:0042742|GO:0044194|GO:0061844
DATABASE|CAMPSQ14591_Delta-toxin	GO:0005576|GO:0019836
DATABASE|CAMPSQ14593_STIP3-1	GO:0005576|GO:0019836
DATABASE|CAMPSQ14663_VdAMP3	GO:0006952
DATABASE|CAMPSQ14693_Sina1	GO:0045735
DATABASE|CAMPSQ14714_Hill-Dip5	GO:0005576|GO:0042742
DATABASE|CAMPSQ14718_Hill-Knot3	GO:0006952
DATABASE|CAMPSQ14719_Hill-Def1	GO:0006952
DATABASE|CAMPSQ14721_Hill-Def3	GO:0006952
DATABASE|CAMPSQ14723_Hill-Def5	GO:0005615|GO:0006952|GO:0006959|GO:0042742
DATABASE|CAMPSQ14724_Hill-Def6	GO:0006952
DATABASE|CAMPSQ14725_Hill-Def7	GO:0005615|GO:0006952|GO:0006959|GO:0042742
DATABASE|CAMPSQ14726_Hill-Def8	GO:0006952
DATABASE|CAMPSQ15040_AMP3	GO:0008289
DATABASE|CAMPSQ15080_RCAP18	GO:0001530|GO:0005576|GO:0005615|GO:0006952|GO:0042742|GO:0045087|GO:0050829|GO:0050830|GO:0061844
DATABASE|CAMPSQ1509_AntimicrobialpeptideattacinAttA	GO:0005576|GO:0042742
DATABASE|CAMPSQ1515_CationicantimicrobialproteinCAP37	GO:0042582
DATABASE|CAMPSQ15164_Apo6APOC167-88	GO:0005576|GO:0042157
DATABASE|CAMPSQ15195_CPcAMP1	GO:0005802|GO:0006888
DATABASE|CAMPSQ15200_MCRAMP	GO:0042742
DATABASE|CAMPSQ15201_SMAP34	GO:0042742
DATABASE|CAMPSQ15220_RVpDef	GO:0006952
DATABASE|CAMPSQ15221_Lucilin	GO:0005576|GO:0005615|GO:0019731|GO:0050829|GO:0050830
DATABASE|CAMPSQ15301_M-PONTX-Na1b	GO:0005576|GO:0098542
DATABASE|CAMPSQ15303_M-PONTX-Nc3b	GO:0005576
DATABASE|CAMPSQ15304_M-PONTX-Nc3a	GO:0005576
DATABASE|CAMPSQ1533_Hepcidin	GO:0005576|GO:0006879
DATABASE|CAMPSQ15366_ChainQAdnectin	GO:0005515
DATABASE|CAMPSQ1538_Maximin-7	GO:0005576|GO:0042742
DATABASE|CAMPSQ1572_Defensin	GO:0006952
DATABASE|CAMPSQ158_Beta-defensin7	GO:0005576|GO:0006952
DATABASE|CAMPSQ162_Defensin	GO:0006952
DATABASE|CAMPSQ1641_DefensinTk-AMP-D1	GO:0006952
DATABASE|CAMPSQ16448_Os	GO:0006952
DATABASE|CAMPSQ16557_Venomsodiumchanneltoxin-6MTalpha-4	GO:0005576|GO:0006952|GO:0008200|GO:0019871|GO:0090729
DATABASE|CAMPSQ16558_NeurotoxinMeuNaTx-5MTalpha-5	GO:0005576|GO:0006952|GO:0008200|GO:0019871|GO:0090729
DATABASE|CAMPSQ16559_NeurotoxinMeuNaTx-6MTbeta-1	GO:0005576|GO:0006952|GO:0008200|GO:0019871|GO:0090729
DATABASE|CAMPSQ1655_Probablecysteine-richantifungalprotein	GO:0006952
DATABASE|CAMPSQ16560_AntibacterialpeptideMeuNaTx-15MTbeta-2	GO:0005576|GO:0006952|GO:0008200|GO:0019871|GO:0090729
DATABASE|CAMPSQ16561_Sodiumchanneltoxin17MTbeta-4	GO:0005576|GO:0006952|GO:0008200|GO:0019871|GO:0090729
DATABASE|CAMPSQ16572_Cathelicidin-7BMAP34	GO:0042742
DATABASE|CAMPSQ16667_Rbmoro	GO:0042742
DATABASE|CAMPSQ16679_AllDLS-stomoxyn	GO:0042742|GO:0050832
DATABASE|CAMPSQ16689_ColLC	GO:0005576|GO:0042742
DATABASE|CAMPSQ16690_Col1	GO:0005576|GO:0042742
DATABASE|CAMPSQ16691_Col6	GO:0005576|GO:0042742
DATABASE|CAMPSQ17155_Penaeidin3-4Penaeidin-3k	GO:0005737|GO:0008061|GO:0098542
DATABASE|CAMPSQ17336_HV-BBI	GO:0005576|GO:0006952
DATABASE|CAMPSQ17337_HV-BBI	GO:0005576|GO:0006952
DATABASE|CAMPSQ17338_Royalisin	GO:0006952
DATABASE|CAMPSQ1735_RugosinA-likepeptide	GO:0005576|GO:0006952
DATABASE|CAMPSQ17479_CRAMP-18	GO:0042742
DATABASE|CAMPSQ17512_P	GO:0005576|GO:0006952
DATABASE|CAMPSQ17513_P	GO:0005576|GO:0006952
DATABASE|CAMPSQ17514_P	GO:0005576|GO:0006952
DATABASE|CAMPSQ17515_P	GO:0005576|GO:0006952
DATABASE|CAMPSQ17516_P	GO:0005576|GO:0006952
DATABASE|CAMPSQ17517_P	GO:0005576|GO:0006952
DATABASE|CAMPSQ17518_P	GO:0005576|GO:0006952
DATABASE|CAMPSQ1752_Maximin-10	GO:0005576|GO:0042742
DATABASE|CAMPSQ1778_Maximin-11	GO:0005576|GO:0042742
DATABASE|CAMPSQ177_Spermassociatedantigen11isoformC	GO:0005576|GO:0061844
DATABASE|CAMPSQ1803_Antimicrobial-likeproteinBin-1b	GO:0005576|GO:0061844
DATABASE|CAMPSQ183_Brevinin-2DYb	GO:0005576|GO:0006952
DATABASE|CAMPSQ1884_Lantibioticnisin-U	GO:0005576|GO:0042742
DATABASE|CAMPSQ19090_TK-AMP-D11R46C	GO:0006952
DATABASE|CAMPSQ193_Royalisinprecursor	GO:0006952
DATABASE|CAMPSQ1948_PhospholipaseA2isozymeA	GO:0004623|GO:0005509|GO:0005543|GO:0006644|GO:0016042|GO:0042130|GO:0047498
DATABASE|CAMPSQ19680_Hyphancin-3DABP-dHC-CecropinA	GO:0005576|GO:0019731
DATABASE|CAMPSQ19694_Brevinin-2TP2	GO:0005576|GO:0006952
DATABASE|CAMPSQ19907_ClassIdefensinNaD2	GO:0006952
DATABASE|CAMPSQ19916_Bowman-BirktypeproteinaseinhibitorBBI	GO:0004867|GO:0005576
DATABASE|CAMPSQ1999_Zincmetalloproteinase-disintegrinBjussuMP-1	GO:0004222|GO:0005886|GO:0006508
DATABASE|CAMPSQ20187_Omega-ctenitoxin-Cs1aCsTx-1	GO:0090729
DATABASE|CAMPSQ20188_ToxinCsTx-2aOmega-ctenitoxin-Cs1a	GO:0090729
DATABASE|CAMPSQ20189_ToxinCsTx-2bOmega-ctenitoxin-Cs1a	GO:0090729
DATABASE|CAMPSQ2018_PhospholipaseA2homolog1	GO:0004623|GO:0005509|GO:0005543|GO:0006644|GO:0016042|GO:0042130|GO:0047498
DATABASE|CAMPSQ20216_AB2redbeanantifungalpeptidePutativedefensin31	GO:0006952
DATABASE|CAMPSQ2021_Hordoindoline-B1	GO:0004867|GO:0045735
DATABASE|CAMPSQ202_Kalata-B1precursor	GO:0006952
DATABASE|CAMPSQ20351_SimilartoPlectasinaccnoQ53I06PoDefensin-likepeptide	GO:0006952
DATABASE|CAMPSQ20352_SimilartoPlectasinaccnoQ53I06PoDefensin-likepeptide	GO:0006952
DATABASE|CAMPSQ20353_SimilartoPlectasinaccnoQ53I06PoDefensin-likepeptide	GO:0006952
DATABASE|CAMPSQ20354_ScedosporiumapiospermumDefensin-likepeptide	GO:0006952
DATABASE|CAMPSQ20355_EmmonsiaparvaDefensin-likepeptide	GO:0006952
DATABASE|CAMPSQ20356_EmmonsiaspDefensin-likepeptide	GO:0006952
DATABASE|CAMPSQ2035_Bonemarrowproteoglycan	GO:0006955
DATABASE|CAMPSQ20605_Ranatuerin-2PRc	GO:0005576|GO:0006952
DATABASE|CAMPSQ20606_Ranatuerin-2PRf	GO:0005576|GO:0006952
DATABASE|CAMPSQ20607_Ranatuerin-2PRg	GO:0005576|GO:0006952
DATABASE|CAMPSQ20608_Ranatuerin-2PRh	GO:0005576|GO:0006952
DATABASE|CAMPSQ2062_L-amino-acidoxidase	GO:0001716|GO:0009063|GO:0016491
DATABASE|CAMPSQ2064_L-amino-acidoxidase	GO:0001716|GO:0009063|GO:0016491
DATABASE|CAMPSQ2066_L-amino-acidoxidase	GO:0001716|GO:0009063|GO:0016491
DATABASE|CAMPSQ206_Moronecidin	GO:0042742
DATABASE|CAMPSQ20785_OHTIproteinHejiangtrypsininhibitorHJTI	GO:0005576|GO:0006952
DATABASE|CAMPSQ20787_OrexinBORXB	GO:0007218|GO:0007631
DATABASE|CAMPSQ207_Moronecidin	GO:0042742
DATABASE|CAMPSQ208_Moronecidin	GO:0042742
DATABASE|CAMPSQ209_Moronecidin	GO:0042742
DATABASE|CAMPSQ20_Amolopin-1c	GO:0098542
DATABASE|CAMPSQ2103_L-amino-acidoxidase	GO:0001716|GO:0009063|GO:0016491
DATABASE|CAMPSQ21042_FALL-39	GO:0042742
DATABASE|CAMPSQ2104_L-amino-acidoxidase	GO:0001716|GO:0009063|GO:0016491
DATABASE|CAMPSQ2105_L-amino-acidoxidase	GO:0001716|GO:0009063|GO:0016491
DATABASE|CAMPSQ21196_EnterocinSE-K4	GO:0005576|GO:0042742
DATABASE|CAMPSQ2119_Lysozyme1	GO:0003796
DATABASE|CAMPSQ21215_Interleukin-8CXCL8	GO:0005576|GO:0006955|GO:0008009
DATABASE|CAMPSQ2123_Lysozyme2cv-lysozyme2	GO:0003796
DATABASE|CAMPSQ21289_PepsinogenC-derivedantimicrobialpeptidebPcAP	GO:0004190|GO:0006508
DATABASE|CAMPSQ21290_BullfrogBuforinI	GO:0046982
DATABASE|CAMPSQ21462_Apelin-36	GO:0005179|GO:0005615|GO:0007165|GO:0031704
DATABASE|CAMPSQ21464_Apelin-13	GO:0005179|GO:0007165|GO:0031704
DATABASE|CAMPSQ21472_Ranatuerin-2TOa	GO:0005576|GO:0006952
DATABASE|CAMPSQ2157_Bactericidalpermeability-increasingprotein	GO:0001530|GO:0005615|GO:0008289|GO:0031663|GO:0032715|GO:0032717|GO:0032720|GO:0043031|GO:0045087|GO:0050829
DATABASE|CAMPSQ2158_Bactericidalpermeability-increasingprotein	GO:0001530|GO:0005615|GO:0008289|GO:0031663|GO:0032715|GO:0032717|GO:0032720|GO:0043031|GO:0045087|GO:0050829
DATABASE|CAMPSQ2159_Perforin	GO:0001771|GO:0001913|GO:0016020|GO:0022829|GO:0051607
DATABASE|CAMPSQ2160_Perforin	GO:0001771|GO:0001913|GO:0016020|GO:0022829|GO:0051607
DATABASE|CAMPSQ2161_Perforin	GO:0001771|GO:0001913|GO:0016020|GO:0022829|GO:0051607
DATABASE|CAMPSQ2162_Calprotectin	GO:0002523|GO:0002544|GO:0005509|GO:0005634|GO:0005737|GO:0014002|GO:0018119|GO:0030593|GO:0032496|GO:0035425|GO:0043542|GO:0045113|GO:0048306|GO:0061844|GO:0070062|GO:0070488
DATABASE|CAMPSQ2163_Galectin-3	GO:0001772|GO:0002548|GO:0005615|GO:0005634|GO:0005737|GO:0019863|GO:0030246|GO:0030593|GO:0043236|GO:0045806|GO:0048030|GO:0048245|GO:0048246|GO:0050918|GO:0062023|GO:0090280|GO:2001237
DATABASE|CAMPSQ21651_CystatinEgg-whitecystatin	GO:0004869|GO:0005615|GO:0005737|GO:0031982|GO:2000117
DATABASE|CAMPSQ21_Amolopin-1d	GO:0098542
DATABASE|CAMPSQ2208_Defensin-A	GO:0006952
DATABASE|CAMPSQ22305_DefensinMddePhormicinC	GO:0005615|GO:0006952|GO:0006959|GO:0042742
DATABASE|CAMPSQ22306_Defensin-ACpDef-A	GO:0006952
DATABASE|CAMPSQ22330_NothepsinNOTS	GO:0004190|GO:0006508
DATABASE|CAMPSQ22362_Ocellatin-PT1	GO:0005576|GO:0019836
DATABASE|CAMPSQ22363_Ocellatin-PT2	GO:0005576|GO:0019836
DATABASE|CAMPSQ22370_SmAMP-11a	GO:0008061
DATABASE|CAMPSQ22375_DefensinMT5	GO:0006952
DATABASE|CAMPSQ22432_Brevinin-1RE1	GO:0098542
DATABASE|CAMPSQ2270_Cationicantimicrobialprotein	GO:0042742
DATABASE|CAMPSQ22815_Piscidin-2emPis-2	GO:0042742
DATABASE|CAMPSQ22837_AaCecropin3Ccrp3	GO:0005576|GO:0019731
DATABASE|CAMPSQ22844_Scapularisin-3	GO:0006952
DATABASE|CAMPSQ22972_Cecropin-A	GO:0005576|GO:0019731
DATABASE|CAMPSQ22978_Piscidin-2ecPis-2	GO:0042742
DATABASE|CAMPSQ23034_ApCecApCecropin	GO:0005576|GO:0019731
DATABASE|CAMPSQ23062_AaCecropinAAaCecropinA2	GO:0005576|GO:0005615|GO:0019731|GO:0050829|GO:0050830
DATABASE|CAMPSQ231_Aurein-24	GO:0006952
DATABASE|CAMPSQ2322_Brevinin-1HN1antimicrobialpeptideprecursorBrevinin-1HN1_2antimicrobialpeptideprecursor	GO:0098542
DATABASE|CAMPSQ23313_AntifungalproteinAfpAfpB	GO:0050832
DATABASE|CAMPSQ23324_AfusinCDefensindomain-containingprotein	GO:0006952
DATABASE|CAMPSQ23383_WAMP-2	GO:0008061
DATABASE|CAMPSQ23384_WAMP-31	GO:0008061
DATABASE|CAMPSQ23385_WAMP-4	GO:0008061
DATABASE|CAMPSQ23390_Hevein	GO:0008061
DATABASE|CAMPSQ23410_AntifungalproteinPAFB	GO:0050832
DATABASE|CAMPSQ23622_Bowman-BirkproteinaseinhibitorpeptidePE-BBI	GO:0005576|GO:0006952
DATABASE|CAMPSQ23650_Sd-Piscidin	GO:0042742
DATABASE|CAMPSQ24378_Ranacyclin-AJ	GO:0005576|GO:0006952
DATABASE|CAMPSQ24449_Brevinin-1OS	GO:0098542
DATABASE|CAMPSQ24461_M-poneratoxin-Dq3aDq-2562	GO:0005576|GO:0098542
DATABASE|CAMPSQ2449_ChainAHevein-TypeAntifungalPeptideWithAUnique10-CysteineMotif	GO:0008061
DATABASE|CAMPSQ24636_Nasonin-1	GO:0006952
DATABASE|CAMPSQ24640_BacteriocinPlantaricinLPL-1	GO:0005576|GO:0042742
DATABASE|CAMPSQ2478_Neutrophilcationicpeptide1typeBpreproprotein	GO:0005576|GO:0006952
DATABASE|CAMPSQ248_Oxyopinin-2b	GO:0005576|GO:0019836
DATABASE|CAMPSQ250_Oxyopinin-2d	GO:0005576|GO:0019836
DATABASE|CAMPSQ2524_Smallpalatelungandnasalepitheliumantimicrobialprotein	GO:0002395|GO:0005615|GO:0008289|GO:0019731|GO:0043129|GO:0045087|GO:0061844|GO:1900229
DATABASE|CAMPSQ2526_ASABF-relatedpeptide	GO:0098542
DATABASE|CAMPSQ2566_Antifungalpeptide4	GO:0006952
DATABASE|CAMPSQ2567_Antifungalpeptide2	GO:0006952
DATABASE|CAMPSQ2568_Antifungalpeptide3	GO:0006952
DATABASE|CAMPSQ2569_Antifungalpeptide1	GO:0006952
DATABASE|CAMPSQ2578_Brevinin-1CDYa	GO:0098542
DATABASE|CAMPSQ2591_Hydramacin-1	GO:0006952
DATABASE|CAMPSQ2593_Cecropin-P2	GO:0005576|GO:0019731
DATABASE|CAMPSQ2609_Brevinin-1V	GO:0098542
DATABASE|CAMPSQ2674_BPIfold-containingfamilyAmember1precursor	GO:0002395|GO:0005615|GO:0008289|GO:0019731|GO:0043129|GO:0045087|GO:0061844|GO:1900229
DATABASE|CAMPSQ2727_RANATUERIN2P	GO:0005576|GO:0006952
DATABASE|CAMPSQ2729_CecropinA1	GO:0005576|GO:0005615|GO:0019731|GO:0050829|GO:0050830
DATABASE|CAMPSQ2737_GNCP-2	GO:0005576|GO:0006952
DATABASE|CAMPSQ275_Lingualantimicrobialpeptide	GO:0005576|GO:0006952
DATABASE|CAMPSQ276_AntimicrobialpeptideeNAP-1	GO:0005576
DATABASE|CAMPSQ2777_MusselDefensinMGD-1	GO:0006952
DATABASE|CAMPSQ2784_rCRAMP	GO:0042742
DATABASE|CAMPSQ278_Buforin-2	GO:0046982
DATABASE|CAMPSQ27_Acyl-CoA-bindingprotein	GO:0000062|GO:0005739|GO:0006631
DATABASE|CAMPSQ280_Skinpeptidetyrosine-tyrosine	GO:0005179|GO:0005576
DATABASE|CAMPSQ2831_Ranatuerin-2PLc	GO:0005576|GO:0006952
DATABASE|CAMPSQ285_Cecropin	GO:0005576|GO:0019731
DATABASE|CAMPSQ287_Cecropin-B	GO:0005576|GO:0019731
DATABASE|CAMPSQ2881_Oxyopinin2b	GO:0005576|GO:0019836
DATABASE|CAMPSQ288_Cecropin-C	GO:0005576|GO:0019731
DATABASE|CAMPSQ2903_Brevinin-20a	GO:0005576|GO:0006952
DATABASE|CAMPSQ2910_Gmellonellamoricin-likepeptideA	GO:0005576|GO:0042742
DATABASE|CAMPSQ3084_Humangranulysin	GO:0031640|GO:0042742|GO:0044194|GO:0061844
DATABASE|CAMPSQ3085_EAFP2	GO:0008061
DATABASE|CAMPSQ3087_EAFP1	GO:0008061
DATABASE|CAMPSQ310_SakacinP	GO:0005576|GO:0042742
DATABASE|CAMPSQ3173_NaegleriaporeA	GO:0006629
DATABASE|CAMPSQ3200_DEFA1	GO:0005576|GO:0006952
DATABASE|CAMPSQ326_Trachealantimicrobialpeptide	GO:0005576|GO:0006952
DATABASE|CAMPSQ3300_Lichenicidin	GO:0050830
DATABASE|CAMPSQ3336_AnAFP	GO:0050832
DATABASE|CAMPSQ334_Beta-defensin3BNBD-3	GO:0005576|GO:0006952
DATABASE|CAMPSQ335_Beta-defensin4BNBD-4	GO:0005576|GO:0006952
DATABASE|CAMPSQ336_Beta-defensin5BNBD-5	GO:0005576|GO:0006952
DATABASE|CAMPSQ337_Beta-defensin6BNBD-6	GO:0005576|GO:0005615|GO:0006952|GO:0031731|GO:0042056|GO:0042742|GO:0060326
DATABASE|CAMPSQ338_Beta-defensin7BNBD-7	GO:0005576|GO:0006952
DATABASE|CAMPSQ339_Beta-defensin9BNBD-9	GO:0005576|GO:0006952
DATABASE|CAMPSQ340_Beta-defensin10BNBD-10	GO:0005576|GO:0006952
DATABASE|CAMPSQ342_Penaeidin-1	GO:0005737|GO:0008061|GO:0098542
DATABASE|CAMPSQ3476_Vejovine	GO:0005576|GO:0042742|GO:0044179
DATABASE|CAMPSQ3704_pxCECA1	GO:0005576|GO:0019731
DATABASE|CAMPSQ3708_HKPLP	GO:0042742
DATABASE|CAMPSQ3712_EcLTP	GO:0006869|GO:0008289
DATABASE|CAMPSQ371_Cupiennin-1d	GO:0042742
DATABASE|CAMPSQ375_Ruminococcin-A	GO:0005576|GO:0042742
DATABASE|CAMPSQ378_Neutrophildefensin8	GO:0005576|GO:0006952
DATABASE|CAMPSQ37_AntimicrobialphospholipaseA2	GO:0004623|GO:0005509|GO:0005543|GO:0006644|GO:0016042|GO:0047498
DATABASE|CAMPSQ3829_CCL28	GO:0005576|GO:0006955|GO:0008009
DATABASE|CAMPSQ384_Caerin-19	GO:0005576
DATABASE|CAMPSQ3854_Bacteriocin	GO:0005576|GO:0042742
DATABASE|CAMPSQ3855_BacteriocinSRCAM602	GO:0005576|GO:0042742
DATABASE|CAMPSQ3857_BacteriocinSRCAM1580	GO:0005576|GO:0042742
DATABASE|CAMPSQ3858_Colicin-A	GO:0016020|GO:0031640|GO:0050829|GO:0140911
DATABASE|CAMPSQ3859_BasicphospholipaseA2F17	GO:0004623|GO:0005509|GO:0005543|GO:0006644|GO:0016042|GO:0042130|GO:0047498
DATABASE|CAMPSQ3860_BasicphospholipaseA2homologBnSP-7	GO:0004623|GO:0005509|GO:0005543|GO:0006644|GO:0016042|GO:0042130|GO:0047498
DATABASE|CAMPSQ3862_BasicphospholipaseA2F15	GO:0004623|GO:0005509|GO:0005543|GO:0006644|GO:0016042|GO:0042130|GO:0047498
DATABASE|CAMPSQ3868_Ranatuerin-2AVa	GO:0005576|GO:0006952
DATABASE|CAMPSQ3882_Bacteriocinenterocin-M	GO:0005576|GO:0042742
DATABASE|CAMPSQ3884_HistoneH2A	GO:0000786|GO:0003677|GO:0030527|GO:0046982
DATABASE|CAMPSQ3885_HistoneH2Btype1-CEFGI	GO:0000786|GO:0003677|GO:0030527|GO:0046982
DATABASE|CAMPSQ3886_HistoneH2Btype1-J	GO:0000786|GO:0003677|GO:0030527|GO:0046982
DATABASE|CAMPSQ3896_Lysozymeg	GO:0003796|GO:0005576|GO:0009253|GO:0050830
DATABASE|CAMPSQ3897_Lysozyme3	GO:0003796
DATABASE|CAMPSQ3898_LysozymeCII	GO:0003796|GO:0050829|GO:0050830
DATABASE|CAMPSQ3899_LysozymeC	GO:0003796
DATABASE|CAMPSQ3901_LysozymeC	GO:0003796|GO:0050829|GO:0050830
DATABASE|CAMPSQ3902_LysozymeC	GO:0003796|GO:0050829|GO:0050830
DATABASE|CAMPSQ3904_Lysozyme	GO:0003796
DATABASE|CAMPSQ3907_LysozymeC-1	GO:0003796|GO:0050829|GO:0050830
DATABASE|CAMPSQ3908_LysozymeC-2	GO:0003796|GO:0050829|GO:0050830
DATABASE|CAMPSQ3910_M-theraphotoxin-Gr1a	GO:0005576|GO:0008200
DATABASE|CAMPSQ3921_Ribonuclease-like3	GO:0001525|GO:0003676|GO:0004540|GO:0050829|GO:0050830
DATABASE|CAMPSQ3924_HistoneH2B12346	GO:0000786|GO:0003677|GO:0030527|GO:0046982
DATABASE|CAMPSQ3925_HistoneH2Btype2-E	GO:0000786|GO:0003677|GO:0030527|GO:0046982
DATABASE|CAMPSQ3926_HistoneH2B	GO:0000786|GO:0003677|GO:0030527|GO:0046982
DATABASE|CAMPSQ3941_Wheatwin-2	GO:0004540|GO:0006952
DATABASE|CAMPSQ3964_Endochitinase	GO:0004568|GO:0005975|GO:0006032|GO:0016998|GO:0050832
DATABASE|CAMPSQ3968_Wheatwin-1	GO:0004540|GO:0006952
DATABASE|CAMPSQ3969_Cysteine-richantifungalprotein1	GO:0006952
DATABASE|CAMPSQ3972_Antifungalproteinginkbilobin-2	GO:0009506
DATABASE|CAMPSQ3974_Seedlectinalphachain	GO:0030246
DATABASE|CAMPSQ3975_Seedlectinbetachain	GO:0030246
DATABASE|CAMPSQ3976_Non-specificlipid-transferproteinAP10	GO:0006869|GO:0008289
DATABASE|CAMPSQ3977_Seednon-specificlipidtransferprotein-like	GO:0006869|GO:0008289
DATABASE|CAMPSQ3981_DefensinEc-AMP-D1	GO:0006952
DATABASE|CAMPSQ3982_DefensinEc-AMP-D2	GO:0006952
DATABASE|CAMPSQ3986_Lysozymeg	GO:0003796|GO:0005576|GO:0009253|GO:0050830
DATABASE|CAMPSQ3989_EP2Cprotein	GO:0005576|GO:0061844
DATABASE|CAMPSQ3994_Odorranain-P1bantimicrobialpeptide	GO:0098542
DATABASE|CAMPSQ4011_Spermassociatedantigen11isoformD	GO:0005576|GO:0061844
DATABASE|CAMPSQ4023_L-amino-acidoxidase	GO:0001716|GO:0009063|GO:0016491
DATABASE|CAMPSQ4024_NeurotoxinMeuNaTx-2	GO:0005576|GO:0006952|GO:0008200|GO:0019871|GO:0090729
DATABASE|CAMPSQ4158_LysozymeC	GO:0003796|GO:0050829|GO:0050830
DATABASE|CAMPSQ4171_Defensin	GO:0006952
DATABASE|CAMPSQ4289_Hepcidin	GO:0005576|GO:0005615|GO:0006879|GO:0034760|GO:0042742
DATABASE|CAMPSQ4304_I-typelysozyme-likeprotein1	GO:0003796
DATABASE|CAMPSQ4305_I-typelysozyme-likeprotein2	GO:0003796
DATABASE|CAMPSQ4306_C-typelysozyme	GO:0003796
DATABASE|CAMPSQ4323_Drosomycin	GO:0006952
DATABASE|CAMPSQ4324_SakacinA	GO:0005576|GO:0042742
DATABASE|CAMPSQ4330_CycloviolacinY5	GO:0006952
DATABASE|CAMPSQ4337_Brevinin-1SPb	GO:0098542
DATABASE|CAMPSQ4342_N-acetylmuramoyl-L-alanineamidasesle1	GO:0008932
DATABASE|CAMPSQ4345_Germin-likeprotein	GO:0030145
DATABASE|CAMPSQ4346_L-amino-acidoxidase	GO:0001716|GO:0009063|GO:0016491
DATABASE|CAMPSQ4392_Hordoindoline-A	GO:0045735
DATABASE|CAMPSQ4393_Hordoindoline-B2	GO:0004867|GO:0045735
DATABASE|CAMPSQ4409_Lysozymeg	GO:0003796|GO:0005576|GO:0009253|GO:0050830
DATABASE|CAMPSQ4485_CathepsinG	GO:0005737|GO:0043231
DATABASE|CAMPSQ4486_BasicendochitinaseA	GO:0004568|GO:0005975|GO:0006032|GO:0008061|GO:0016998|GO:0050832
DATABASE|CAMPSQ4487_BasicendochitinaseB	GO:0004568|GO:0005975|GO:0006032|GO:0008061|GO:0016998|GO:0050832
DATABASE|CAMPSQ4488_BasicendochitinaseC	GO:0004568|GO:0005975|GO:0006032|GO:0016998|GO:0050832
DATABASE|CAMPSQ450_Trachealantimicrobialpeptide	GO:0005576|GO:0006952
DATABASE|CAMPSQ4510_CD-HEL	GO:0004540|GO:0006952|GO:0008061
DATABASE|CAMPSQ4511_Haptoglobinbetachain	GO:0004252|GO:0005615|GO:0010942|GO:0031638|GO:0072562
DATABASE|CAMPSQ4512_Trypsininhibitor	GO:0004867|GO:0009611
DATABASE|CAMPSQ4556_LysozymeC	GO:0003796|GO:0050829|GO:0050830
DATABASE|CAMPSQ4573_LysozymeC	GO:0003796|GO:0050829|GO:0050830
DATABASE|CAMPSQ4583_Midkine-A	GO:0008083
DATABASE|CAMPSQ4584_L-amino-acidoxidase	GO:0001716|GO:0009063|GO:0016491
DATABASE|CAMPSQ4585_AcidicphospholipaseA2BthA-1	GO:0004623|GO:0005509|GO:0005543|GO:0006644|GO:0016042|GO:0042130|GO:0047498
DATABASE|CAMPSQ4586_Pleiotrophin-B	GO:0005576|GO:0008083
DATABASE|CAMPSQ4602_Avianbeta-defensin6	GO:0005615|GO:0031731|GO:0042056|GO:0042742|GO:0060326
DATABASE|CAMPSQ4603_Avianbeta-defensin1	GO:0005615|GO:0031731|GO:0042056|GO:0042742|GO:0060326
DATABASE|CAMPSQ4604_Beta-defensin5	GO:0005615|GO:0031731|GO:0042056|GO:0042742|GO:0060326
DATABASE|CAMPSQ471_Cecropin-Aprecursor	GO:0005576|GO:0005615|GO:0019731|GO:0050829|GO:0050830
DATABASE|CAMPSQ473_Cecropin-B2	GO:0005576|GO:0005615|GO:0019731|GO:0050829|GO:0050830
DATABASE|CAMPSQ474_Cecropin-B1	GO:0005576|GO:0005615|GO:0019731|GO:0050829|GO:0050830
DATABASE|CAMPSQ483_Beta-defensin1	GO:0005576|GO:0005615|GO:0006952|GO:0031731|GO:0042056|GO:0042742|GO:0060326
DATABASE|CAMPSQ4985_Bacteriocinweissellin-A	GO:0005576|GO:0042742
DATABASE|CAMPSQ502_HistoneH2Btype1-K	GO:0000786|GO:0003677|GO:0030527|GO:0046982
DATABASE|CAMPSQ520_Moronecidin	GO:0042742
DATABASE|CAMPSQ55_BactericidinB-5Pprecursor	GO:0005576|GO:0019731
DATABASE|CAMPSQ560_Defensin-A	GO:0006952
DATABASE|CAMPSQ561_Defensin-B	GO:0006952
DATABASE|CAMPSQ5779_Brevinin-2HS2ABrevinin-2HS2B	GO:0005576|GO:0006952
DATABASE|CAMPSQ58_Cecropin-B	GO:0005576|GO:0019731
DATABASE|CAMPSQ592_Beta-defensin38	GO:0002227|GO:0005615|GO:0031731|GO:0050829|GO:0050830
DATABASE|CAMPSQ597_Brevinin-1Eb	GO:0098542
DATABASE|CAMPSQ603_Brevinin-2Ef	GO:0005576|GO:0006952
DATABASE|CAMPSQ604_Brevinin-2Ee	GO:0005576|GO:0006952
DATABASE|CAMPSQ611_Ranalexin	GO:0098542
DATABASE|CAMPSQ612_Ranalexin	GO:0098542
DATABASE|CAMPSQ613_Ranalexin	GO:0098542
DATABASE|CAMPSQ614_Ranalexin	GO:0098542
DATABASE|CAMPSQ615_Ranalexin	GO:0098542
DATABASE|CAMPSQ617_Penaeidin5-2	GO:0005737|GO:0008061|GO:0098542
DATABASE|CAMPSQ624_SUASABF	GO:0098542
DATABASE|CAMPSQ656_Esculentin-2S	GO:0005576|GO:0006952
DATABASE|CAMPSQ663_Metchnikowin-2	GO:0019731|GO:0019732
DATABASE|CAMPSQ676_Betadefensin40	GO:0002227|GO:0005615|GO:0031731|GO:0050829|GO:0050830
DATABASE|CAMPSQ696_Odorranain-H1antimicrobialpeptide	GO:0042742
DATABASE|CAMPSQ697_Odorranain-F1antimicrobialpeptide	GO:0005576|GO:0006952
DATABASE|CAMPSQ701_Nigrosin-OG13antimicrobialpeptide	GO:0042742
DATABASE|CAMPSQ718_Caerin-17	GO:0005576
DATABASE|CAMPSQ719_Caerin-16	GO:0005576
DATABASE|CAMPSQ728_Humanbetadefensin2	GO:0005576|GO:0006952
DATABASE|CAMPSQ73_AntimicrobialproteinCAP18precursor	GO:0042742
DATABASE|CAMPSQ7528_BPIfold-containingfamilyAmember2	GO:0001530|GO:0008289|GO:0030141|GO:0070062
DATABASE|CAMPSQ7544_Interferon-inducedguanylate-bindingprotein1	GO:0003924|GO:0005525
DATABASE|CAMPSQ7553_HistoneH2BtypeF-S	GO:0000786|GO:0003677|GO:0030527|GO:0046982
DATABASE|CAMPSQ7555_Hemoglobinsubunitalpha	GO:0004601|GO:0005344|GO:0005506|GO:0005833|GO:0015671|GO:0019825|GO:0020037|GO:0031720|GO:0031838|GO:0042744|GO:0043177|GO:0072562
DATABASE|CAMPSQ7556_Hemoglobinsubunitbeta	GO:0004601|GO:0005344|GO:0005833|GO:0015671|GO:0019825|GO:0020037|GO:0031720|GO:0031838|GO:0042744|GO:0043177|GO:0072562
DATABASE|CAMPSQ7559_L-lysine6-oxidase	GO:0031640|GO:0033736|GO:1900191
DATABASE|CAMPSQ757_MundticinKS	GO:0030153
DATABASE|CAMPSQ75_Defensin-1precursor	GO:0005576|GO:0006952
DATABASE|CAMPSQ763_Vhl-1	GO:0006952
DATABASE|CAMPSQ764_Circulin-C	GO:0006952
DATABASE|CAMPSQ765_Circulin-D	GO:0006952
DATABASE|CAMPSQ767_Circulin-F	GO:0006952
DATABASE|CAMPSQ796_Caerin111	GO:0005576
DATABASE|CAMPSQ79_Phormicinprecursor	GO:0006952
DATABASE|CAMPSQ801_Listeriocin743A	GO:0005576|GO:0042742
DATABASE|CAMPSQ814_EnterocinSE-K4	GO:0005576|GO:0042742
DATABASE|CAMPSQ843_AntimicrobialpeptideBAMP-1	GO:0005576|GO:0006869|GO:0008035|GO:0008289|GO:0030301|GO:0034366|GO:0042157|GO:0042632|GO:0120020
DATABASE|CAMPSQ847_Defensin-relatedcryptdin-612	GO:0005576|GO:0006952
DATABASE|CAMPSQ849_Defensin-A	GO:0005615|GO:0006952|GO:0006959|GO:0042742
DATABASE|CAMPSQ84_Gastricinhibitorypolypeptide	GO:0005179|GO:0005576|GO:0005615|GO:0009749|GO:0031769|GO:0042304|GO:0042594|GO:0050796
DATABASE|CAMPSQ852_Granulysin	GO:0031640|GO:0042742|GO:0044194|GO:0061844
DATABASE|CAMPSQ856_OncorhyncinIII	GO:0000785|GO:0005634|GO:0031492
DATABASE|CAMPSQ872_Puroindoline-A	GO:0045735
DATABASE|CAMPSQ8738_P61458	GO:0006729|GO:0008124
DATABASE|CAMPSQ8749_PseudinB	GO:0006952
DATABASE|CAMPSQ878_Antimicrobialpeptide4	GO:0006952|GO:0045926
DATABASE|CAMPSQ879_Sarcotoxin-2A	GO:0005576|GO:0042742
DATABASE|CAMPSQ8802_Bnu-TX1	GO:0004623|GO:0005509|GO:0005543|GO:0006644|GO:0016042|GO:0042130|GO:0047498
DATABASE|CAMPSQ881_ABF-2	GO:0098542
DATABASE|CAMPSQ884_Aplysianin-A	GO:0001716|GO:0009063|GO:0016491
DATABASE|CAMPSQ886_Cecropin-A1A2	GO:0005576|GO:0005615|GO:0019731|GO:0050829|GO:0050830
DATABASE|CAMPSQ888_Defensin	GO:0006952
DATABASE|CAMPSQ8894_Q53CecB	GO:0005576|GO:0019731
DATABASE|CAMPSQ8902_EcAMP1	GO:0050832
DATABASE|CAMPSQ8904_EcAMP21	GO:0050832
DATABASE|CAMPSQ8906_EcAMP4	GO:0050832
DATABASE|CAMPSQ891_DefensinC	GO:0005615|GO:0006952|GO:0006959|GO:0042742
DATABASE|CAMPSQ892_Defensin-B	GO:0005615|GO:0006952|GO:0006959|GO:0042742
DATABASE|CAMPSQ8974_Cs02	GO:0009521|GO:0009767|GO:0016020|GO:0016168|GO:0019684
DATABASE|CAMPSQ8977_Gr02	GO:0051011
DATABASE|CAMPSQ900_Holotricin-2	GO:0005576|GO:0042742
DATABASE|CAMPSQ902_NaegleriaporeApore-formingpeptide	GO:0006629
DATABASE|CAMPSQ905_Rhinocerosin	GO:0005576|GO:0042742
DATABASE|CAMPSQ912_Cysteine-richantifungalprotein1	GO:0006952
DATABASE|CAMPSQ913_AntifungalproteinAX1	GO:0006952
DATABASE|CAMPSQ914_DefensinAMP1cysteine-richantimicrobialprotein	GO:0006952
DATABASE|CAMPSQ918_Cysteine-richantifungalprotein2	GO:0006952
DATABASE|CAMPSQ919_AntifungalproteinAX2	GO:0006952
DATABASE|CAMPSQ9281_Brevinin-2HS2	GO:0005576|GO:0006952
DATABASE|CAMPSQ9314_Cremycin-5	GO:0006952
DATABASE|CAMPSQ9316_SBPiscidin1	GO:0042742
DATABASE|CAMPSQ9317_WBPiscidin1	GO:0042742
DATABASE|CAMPSQ932_DefensinJ1-1	GO:0006952
DATABASE|CAMPSQ934_DefensinMGD-1precursor	GO:0006952
DATABASE|CAMPSQ946_Leaf-specificthioninBTH6	GO:0006952
DATABASE|CAMPSQ9473_KalataB7-Y15S	GO:0006952
DATABASE|CAMPSQ9475_MCoTI-I	GO:0004867
DATABASE|CAMPSQ9476_MCoTI-II	GO:0004867
DATABASE|CAMPSQ948_Non-specificlipid-transferproteinCw18precursor	GO:0006869|GO:0008289
DATABASE|CAMPSQ949_Non-specificlipid-transferprotein41	GO:0006869|GO:0008289
DATABASE|CAMPSQ950_Non-specificlipid-transferprotein	GO:0006869|GO:0008289
DATABASE|CAMPSQ951_Non-specificlipid-transferprotein4	GO:0006869|GO:0008289
DATABASE|CAMPSQ952_Non-specificlipid-transferprotein6	GO:0006869|GO:0008289
DATABASE|CAMPSQ953_Non-specificlipid-transferprotein2	GO:0006869|GO:0008289
DATABASE|CAMPSQ954_Non-specificlipid-transferprotein5	GO:0006869|GO:0008289
DATABASE|CAMPSQ955_Non-specificlipid-transferprotein3	GO:0006869|GO:0008289
DATABASE|CAMPSQ961_CarnobacteriocinB2	GO:0005576|GO:0042742
DATABASE|CAMPSQ9658_Ranatuerin-2SN1	GO:0005576|GO:0006952
DATABASE|CAMPSQ970_Mutacin1140	GO:0005576|GO:0042742
DATABASE|CAMPSQ9752_IG-19	GO:0042742
DATABASE|CAMPSQ979_Cathelin-relatedantimicrobialpeptide	GO:0042742
DATABASE|CAMPSQ980_Cathelin-relatedantimicrobialpeptide	GO:0042742
DATABASE|CAMPSQ9842_MelP5	GO:0004860|GO:0005576
DATABASE|CAMPSQ9871_Amurin-2a	GO:0098542
DATABASE|CAMPSQ990_AntimicrobialpeptidedesGly1NK-lysin	GO:0006629|GO:0031640|GO:0042742|GO:0044194|GO:0061844
DATABASE|CAMPSQ9981_NPY	GO:0005179|GO:0005184|GO:0005576|GO:0005615|GO:0007218|GO:0007631|GO:0031841
DATABASE|CAMPSQ9982_NeuropeptideY	GO:0005179|GO:0005184|GO:0005576|GO:0005615|GO:0007218|GO:0007631|GO:0031841
DATABASE|CAMPSQ9998_SPX	GO:0005576|GO:0019836
DATABASE|CAMPSQ9999_SPX	GO:0005576|GO:0019836
DATABASE|DBAASPR_10250_Brevinin1_HYba1_Cyclic_AMD	GO:0098542
DATABASE|DBAASPR_10253_Brevinin1_HYba2_Cyclic_AMD	GO:0098542
DATABASE|DBAASPR_10537_Cyclotide_mech-2	GO:0006952
DATABASE|DBAASPR_10538_Cyclotide_mech-1	GO:0006952
DATABASE|DBAASPR_10539_Cyclotide_mech-3	GO:0006952
DATABASE|DBAASPR_10540_Cyclotide_mela-1	GO:0006952
DATABASE|DBAASPR_10541_Cyclotide_mela-2	GO:0006952
DATABASE|DBAASPR_10542_Cyclotide_mela-3	GO:0006952
DATABASE|DBAASPR_10543_Cyclotide_mela-4	GO:0006952
DATABASE|DBAASPR_10544_Cyclotide_mela-6	GO:0006952
DATABASE|DBAASPR_10545_Cyclotide_mela-7	GO:0006952
DATABASE|DBAASPR_10743_Brevinin-2TEa	GO:0005576|GO:0006952
DATABASE|DBAASPR_10744_Brevinin-2TEb	GO:0005576|GO:0006952
DATABASE|DBAASPR_1079_Lantibiotic_Nisin-A	GO:0005576|GO:0042742
DATABASE|DBAASPR_1081_Lantibiotic_Nukacin_ISK-1	GO:0005576|GO:0042742
DATABASE|DBAASPR_1126_Neutrophil_antibiotic_peptide_NP-1	GO:0005576|GO:0006952
DATABASE|DBAASPR_11321_Neurotoxin_MeuNaTx-1,_MTalpha-1	GO:0005576|GO:0006952|GO:0008200|GO:0019871|GO:0090729
DATABASE|DBAASPR_11404_Md_Cecropin,_Mdcec	GO:0005576|GO:0005615|GO:0019731|GO:0050829|GO:0050830
DATABASE|DBAASPR_1186_Bacteriocin_Carnobacteriocin_B1	GO:0005576|GO:0042742
DATABASE|DBAASPR_12162_Cycloviolacin_O8	GO:0006952
DATABASE|DBAASPR_12166_Cycloviolacin_O16	GO:0006952
DATABASE|DBAASPR_12435_Brachyin	GO:0005576|GO:0019871
DATABASE|DBAASPR_12616_Defensin_NoD173	GO:0006952
DATABASE|DBAASPR_1319_ASABF,_ASABF-alpha	GO:0098542
DATABASE|DBAASPR_1354_Esculentin-1S_protein	GO:0005576|GO:0006952
DATABASE|DBAASPR_1355_Esculentin-1V_protein	GO:0005576|GO:0006952
DATABASE|DBAASPR_1356_Esculentin-2V_protein	GO:0005576|GO:0006952
DATABASE|DBAASPR_1358_Esculentin-2P	GO:0005576|GO:0006952
DATABASE|DBAASPR_13831_PPF-BBI	GO:0005576|GO:0006952
DATABASE|DBAASPR_13934_Cecropin_A-like_4,_Sarcotoxin-G	GO:0005576|GO:0005615|GO:0019731|GO:0050829|GO:0050830
DATABASE|DBAASPR_14203_Brevinin_1-Ia	GO:0005576|GO:0098542
DATABASE|DBAASPR_14205_Brevinin_2-Ia	GO:0005576|GO:0006952
DATABASE|DBAASPR_14618_Ocellatin-L2	GO:0005576|GO:0019836
DATABASE|DBAASPR_1474_Lantibiotic_Enterocin_W-alpha	GO:0050830
DATABASE|DBAASPR_14990_Nisin-P	GO:0005576|GO:0042742
DATABASE|DBAASPR_1544_Nigrocin-OG2	GO:0042742
DATABASE|DBAASPR_15761_Pituitary_adenylate_cyclase-activating_polypeptide_38,_PACA27	GO:0005179|GO:0005184|GO:0005576|GO:0007189|GO:0007218|GO:0016521|GO:0031175|GO:0032880|GO:0043005|GO:0043204|GO:0051428|GO:0070374
DATABASE|DBAASPR_16366_Lacticin_3147_chain_A1,_LtnA1	GO:0050830
DATABASE|DBAASPR_1773_Leaf_cyclotide,_Vhl-1	GO:0006952
DATABASE|DBAASPR_17744_CMB001	GO:0005576|GO:0042742
DATABASE|DBAASPR_1779_Caerin_1.11	GO:0005576
DATABASE|DBAASPR_18316_Barbel_steed_LEAP-2	GO:0042742|GO:0061844
DATABASE|DBAASPR_18318_Hepcidin-1,_BpHep-1	GO:0005576|GO:0006879
DATABASE|DBAASPR_1893_Brevinin-2CG1	GO:0005576|GO:0006952
DATABASE|DBAASPR_1894_Antimicrobial_peptide_NK-lysin	GO:0006629|GO:0031640|GO:0042742|GO:0044194|GO:0061844
DATABASE|DBAASPR_1896_Palustrin-2ISd	GO:0005576|GO:0006952
DATABASE|DBAASPR_19108_Sublichenin	GO:0005576|GO:0042742
DATABASE|DBAASPR_19109_Entianin	GO:0005576|GO:0042742
DATABASE|DBAASPR_19118_Phormicin_A	GO:0005615|GO:0006952|GO:0006959|GO:0042742
DATABASE|DBAASPR_19120_Phormicin_B	GO:0005615|GO:0006952|GO:0006959|GO:0042742
DATABASE|DBAASPR_19121_Phormicin_D	GO:0005615|GO:0006952|GO:0006959|GO:0042742
DATABASE|DBAASPR_19218_Defensin_BmKDfsin3	GO:0006952
DATABASE|DBAASPR_1925_Defensin-like_protein_1_/_SI_alpha-1	GO:0006952
DATABASE|DBAASPR_1926_Defensin-like_protein_/_2_Rs-AFP2	GO:0006952
DATABASE|DBAASPR_19356_M-poneritoxin-Nc1a	GO:0005576|GO:0098542
DATABASE|DBAASPR_1935_Defensin-like_protein_1_/_Rs-AFP1	GO:0006952
DATABASE|DBAASPR_1950_Defensin-like_protein_2A/Sa-AFP2	GO:0006952
DATABASE|DBAASPR_1951_Defensin-like_protein_13/At-AFP1	GO:0006952
DATABASE|DBAASPR_1965_Defensin-like_protein_4	GO:0006952
DATABASE|DBAASPR_1967_Ligatoxin-B	GO:0006952
DATABASE|DBAASPR_19773_Cu_Hepcidin,_CuHepc	GO:0005576|GO:0006879
DATABASE|DBAASPR_19798_Lantibiotic_Mutacin_1140	GO:0005576|GO:0042742
DATABASE|DBAASPR_2049_Antimicrobial_peptide_des_Gly1_NK-lysin	GO:0006629|GO:0031640|GO:0042742|GO:0044194|GO:0061844
DATABASE|DBAASPR_20512_Gallidermin	GO:0005576|GO:0042742
DATABASE|DBAASPR_20513_Epidermin	GO:0005576|GO:0042742
DATABASE|DBAASPR_20869_Cryptdin_15,_Crp15	GO:0005576|GO:0006952
DATABASE|DBAASPR_20871_Cryptdin_14,_Crp14	GO:0005576|GO:0006952
DATABASE|DBAASPR_20888_Cryptdin_10,_Crp10	GO:0005576|GO:0006952
DATABASE|DBAASPR_21186_Lantibiotic_Nisin-H	GO:0005576|GO:0042742
DATABASE|DBAASPR_21252_Lantibiotic_Ruminococcin_A	GO:0005576|GO:0042742
DATABASE|DBAASPR_21276_Lantibiotic_Nisin-Z	GO:0005576|GO:0042742
DATABASE|DBAASPR_21500_MAP34-B	GO:0042742
DATABASE|DBAASPR_21727_Cecropin-like_peptide_H7	GO:0005576|GO:0019731
DATABASE|DBAASPR_21897_Lantibiotic_Blauticin	GO:0005576|GO:0042742
DATABASE|DBAASPR_21898_Nisin_O	GO:0005576|GO:0042742
DATABASE|DBAASPR_21899_Lantibiotic_Lan-CE02	GO:0005576|GO:0042742
DATABASE|DBAASPR_21900_Lantibiotic_Lan-Df	GO:0005576|GO:0042742
DATABASE|DBAASPR_21901_Lantibiotic_Lan-P49.1	GO:0005576|GO:0042742
DATABASE|DBAASPR_21902_Lantibiotic_Lan-P49.2	GO:0005576|GO:0042742
DATABASE|DBAASPR_22063_Defensin_DvirDEF-1	GO:0005615|GO:0006952|GO:0006959|GO:0042742
DATABASE|DBAASPR_22377_Nigrosin-6VL	GO:0042742
DATABASE|DBAASPR_22613_Lantibiotic_Pseudocin_19	GO:0005576|GO:0042742
DATABASE|DBAASPR_23147_GK37	GO:0005576|GO:0019836
DATABASE|DBAASPR_23783_Lantibiotic_Estercin_A-T	GO:0005576|GO:0042742
DATABASE|DBAASPR_23784_Lantibiotic_Estercin_A-G	GO:0005576|GO:0042742
DATABASE|DBAASPR_2493_Vitri_B	GO:0006952
DATABASE|DBAASPR_2494_Vitri_C	GO:0006952
DATABASE|DBAASPR_2495_Vitri_D	GO:0006952
DATABASE|DBAASPR_2496_Vitri_E,_Cyclotide_C	GO:0006952
DATABASE|DBAASPR_2497_Vitri_F	GO:0006952
DATABASE|DBAASPR_2595_Longicin,_Antimicrobial_peptide	GO:0006952
DATABASE|DBAASPR_2632_Defensin_1,_AlDef-1	GO:0005615|GO:0006952|GO:0006959|GO:0042742
DATABASE|DBAASPR_2734_Pp-AMP2	GO:0006952
DATABASE|DBAASPR_3107_Ranalexin-Vb	GO:0098542
DATABASE|DBAASPR_3199_Survival-promoting_peptide,_Y-P30	GO:0005576|GO:0008233|GO:0031640
DATABASE|DBAASPR_3471_C-C_motif_chemokine_20,_CCL20/MIP-3alpha	GO:0005576|GO:0006955|GO:0008009
DATABASE|DBAASPR_3581_Ranatuerin-2PRe	GO:0005576|GO:0006952
DATABASE|DBAASPR_3674_Brevinin-2-OA4	GO:0005576|GO:0006952
DATABASE|DBAASPR_3694_Esculentin-1-RA8_peptide,_Esculentin-1-OA3	GO:0005576|GO:0006952
DATABASE|DBAASPR_3695_Esculentin-1-OA4	GO:0005576|GO:0006952
DATABASE|DBAASPR_3699_Lividin-10,_Esculentin-1-OR2	GO:0005576|GO:0006952
DATABASE|DBAASPR_3701_Esculentin-1-OR4	GO:0005576|GO:0006952
DATABASE|DBAASPR_3702_Esculentin-1-OR5	GO:0005576|GO:0006952
DATABASE|DBAASPR_3714_Lividin-7c_protein,_Lividin-7a,_Nigrocin-1-OR1	GO:0042742
DATABASE|DBAASPR_3715_Nigrocin-1-OR2	GO:0042742
DATABASE|DBAASPR_3716_Nigrocin-1-OR3	GO:0042742
DATABASE|DBAASPR_4085_Splendipherin	GO:0005576|GO:0006952
DATABASE|DBAASPR_4095_Insulin_A_chain	GO:0005179|GO:0005576
DATABASE|DBAASPR_4120_PvD1,_Defensin_D1	GO:0006952
DATABASE|DBAASPR_4171_Maximin_H55	GO:0005576|GO:0042742
DATABASE|DBAASPR_4190_Peptide_YY	GO:0005179|GO:0005184|GO:0005576|GO:0005615|GO:0007218|GO:0007631|GO:0031841
DATABASE|DBAASPR_4225_Caerin-1.8	GO:0005576
DATABASE|DBAASPR_4232_Palustrin-2CHa	GO:0005576|GO:0006952
DATABASE|DBAASPR_4283_Cyclotide_chassatide_C2	GO:0006952
DATABASE|DBAASPR_4344_C-C_motif_chemokine_28,_CCL28	GO:0005576|GO:0006955|GO:0008009
DATABASE|DBAASPR_4346_C-C_motif_chemokine_28,_mCCL28	GO:0005576|GO:0006955|GO:0008009
DATABASE|DBAASPR_4347_Interleukin-8,_IL-8,_CXCL8	GO:0005576|GO:0006955|GO:0008009
DATABASE|DBAASPR_4351_Lingual_antimicrobial_peptide	GO:0005576|GO:0006952
DATABASE|DBAASPR_4458_Linear_Cyclotide_Panitide_L1	GO:0006952
DATABASE|DBAASPR_4459_Linear_Cyclotide_Panitide_L2	GO:0006952
DATABASE|DBAASPR_4460_Linear_Cyclotide_Panitide_L3	GO:0006952
DATABASE|DBAASPR_4461_Linear_Cyclotide_Panitide_L4	GO:0006952
DATABASE|DBAASPR_4462_Linear_Cyclotide_Panitide_L5	GO:0006952
DATABASE|DBAASPR_4463_Linear_Cyclotide_Panitide_L6	GO:0006952
DATABASE|DBAASPR_4464_Linear_Cyclotide_Panitide_L7	GO:0006952
DATABASE|DBAASPR_4465_Linear_Cyclotide_Panitide_L8	GO:0006952
DATABASE|DBAASPR_4486_Cyclotide_protein_Mra19,_Mram_8	GO:0006952
DATABASE|DBAASPR_4491_Viphi_G	GO:0006952
DATABASE|DBAASPR_4697_Hedyotide_B2	GO:0006952
DATABASE|DBAASPR_4743_Papiliocin,_Cecropin	GO:0005576|GO:0019731
DATABASE|DBAASPR_4889_Alpha-defensin_4,_Cryptdin-4	GO:0005576|GO:0006952
DATABASE|DBAASPR_5131_Kalata_Polypeptides_K1	GO:0006952
DATABASE|DBAASPR_5132_Kalata_Polypeptides_K2	GO:0006952
DATABASE|DBAASPR_5133_Kalata_Polypeptides_K3	GO:0006952
DATABASE|DBAASPR_5144_Ee-CBP_(Leaves)	GO:0008061
DATABASE|DBAASPR_5188_Defensin_2-2a4,_Navidefensin_2-2	GO:0006952
DATABASE|DBAASPR_5235_Kalata_B5	GO:0006952
DATABASE|DBAASPR_5237_Kalata_B6	GO:0006952
DATABASE|DBAASPR_5337_C-C_motif_chemokine_27,_CCL27	GO:0005576|GO:0006955|GO:0008009
DATABASE|DBAASPR_5455_Melittin-S	GO:0004860|GO:0005576
DATABASE|DBAASPR_5517_Pn-AMP1	GO:0008061
DATABASE|DBAASPR_5518_Pn-AMP2	GO:0008061
DATABASE|DBAASPR_5559_Gaegurin-4	GO:0005576|GO:0006952
DATABASE|DBAASPR_576_Histone_H2A	GO:0000786|GO:0003677|GO:0030527|GO:0046982
DATABASE|DBAASPR_5885_FPA-Bombinin-BO	GO:0005576|GO:0042742
DATABASE|DBAASPR_6007_Brevinin-1TOa	GO:0004860|GO:0005576
DATABASE|DBAASPR_626_Gaegurin-5	GO:0098542
DATABASE|DBAASPR_6320_ASABF-related_peptide	GO:0098542
DATABASE|DBAASPR_6614_Penaeidin-3a	GO:0005737|GO:0008061|GO:0098542
DATABASE|DBAASPR_6691_Hydramacin-1	GO:0006952
DATABASE|DBAASPR_7008_Ranatuerin-2OK	GO:0005576|GO:0006952
DATABASE|DBAASPR_7035_Penaeidin_3-4,_Penaeidin-3k	GO:0005737|GO:0008061|GO:0098542
DATABASE|DBAASPR_7212_Brevinin-Eu	GO:0098542
DATABASE|DBAASPR_7871_Royalisin,_Defensin-1	GO:0006952
DATABASE|DBAASPR_8065_Brevinin-2CE	GO:0005576|GO:0006952
DATABASE|DBAASPR_8104_Aedes_Defensin-C_isoform_A	GO:0005615|GO:0006952|GO:0006959|GO:0042742
DATABASE|DBAASPR_8275_Tu-AMP2_beta_chain	GO:0006952
DATABASE|DBAASPR_8285_Ornithodoros_savignyi_Defensin_2,_OsDef2	GO:0006952
DATABASE|DBAASPR_8528_Aurein-2.4	GO:0006952
DATABASE|DBAASPR_9050_Cliotide_T13	GO:0006952
DATABASE|DBAASPR_9051_Cliotide_T14	GO:0006952
DATABASE|DBAASPR_9054_Cliotide_T19	GO:0006952
DATABASE|DBAASPR_9056_Cliotide_T21	GO:0006952
DATABASE|DBAASPR_9598_Thusin_A1,_ThsA1	GO:0050830
DATABASE|DBAASPR_9726_Gamma-2_Purothionin/K47C	GO:0006952
DATABASE|DBAASPR_993_Antifungal_peptide_1,_EAFP1	GO:0008061
DATABASE|DBAASPR_994_Antifungal_peptide_2,_EAFP2	GO:0008061
PRED|NP_000198.1_insulin_preproprotein_[Homo_sapiens]|0.96|0.87	GO:0005179|GO:0005576
PRED|NP_000230.1_lysozyme_C_precursor_[Homo_sapiens]|1.0|0.93	GO:0003796|GO:0050829|GO:0050830
PRED|NP_000291.1_phospholipase_A2_membrane_associated_precursor_[Homo_sapiens]|1.0|0.92	GO:0004623|GO:0005509|GO:0005543|GO:0006644|GO:0016042|GO:0042130|GO:0047498
PRED|NP_000322.3_serum_amyloid_A-1_protein_preproprotein_[Homo_sapiens]|0.98|0.86	GO:0005576
PRED|NP_000575.1_interleukin-8_isoform_1_precursor_[Homo_sapiens]|1.0|0.87	GO:0005576|GO:0006955|GO:0008009
PRED|NP_000600.1_stromal_cell-derived_factor_1_isoform_beta_precursor_[Homo_sapiens]|1.0|0.91	GO:0005576|GO:0006955|GO:0008009
PRED|NP_000719.1_calcitonin_gene-related_peptide_2_precursor_[Homo_sapiens]|0.59|0.79	GO:0005179|GO:0005576|GO:0005615|GO:0007189|GO:0031716|GO:0051480
PRED|NP_000720.1_cholecystokinin_preproprotein_[Homo_sapiens]|0.56|0.71	GO:0005179|GO:0005184|GO:0005576|GO:0005615|GO:0007586|GO:0030424
PRED|NP_000919.1_phospholipase_A2_precursor_[Homo_sapiens]|1.0|0.95	GO:0004623|GO:0005102|GO:0005509|GO:0005543|GO:0006633|GO:0006644|GO:0016042|GO:0047498|GO:0048146
PRED|NP_000920.1_phospholipase_A2_group_V_precursor_[Homo_sapiens]|0.95|0.88	GO:0004623|GO:0005509|GO:0005543|GO:0006644|GO:0016042|GO:0042130|GO:0047498|GO:0050482
PRED|NP_000991.1_large_ribosomal_subunit_protein_eL39_[Homo_sapiens]|0.65|0.91	GO:0003735|GO:0005840|GO:0006412|GO:0022625
PRED|NP_001001437.2_C-C_motif_chemokine_3-like_1_precursor_[Homo_sapiens]|1.0|0.76	GO:0005576|GO:0005615|GO:0006954|GO:0006955|GO:0008009|GO:0030335|GO:0043547|GO:0048020|GO:0060326|GO:0061844|GO:0070098
PRED|NP_001001470.1_lysozyme_g_precursor_[Gallus_gallus]|1.0|0.89	GO:0003796|GO:0005576|GO:0009253|GO:0050830
PRED|NP_001001606.1_liver-expressed_antimicrobial_peptide_2_precursor_[Gallus_gallus]|1.0|0.92	GO:0042742|GO:0061844
PRED|NP_001001663.1_LHFPL_tetraspan_subfamily_member_7_protein_isoform_1_[Homo_sapiens]|0.75|0.84	GO:0016020
PRED|NP_001001779.1_gallinacin-11_precursor_[Gallus_gallus]|1.0|0.93	GO:0002227|GO:0005615|GO:0031731|GO:0050829|GO:0050830
PRED|NP_001001780.1_gallinacin-13_precursor_[Gallus_gallus]|1.0|0.81	GO:0002227|GO:0005615|GO:0031731|GO:0050829|GO:0050830
PRED|NP_001002153.2_NADH_dehydrogenase_[ubiquinone]_1_alpha_subcomplex_subunit_1_[Danio_rerio]|0.54|0.91	GO:0005747
PRED|NP_001002706.1_lysozyme_g-like_1_precursor_[Danio_rerio]|0.84|0.76	GO:0003796|GO:0005576|GO:0009253|GO:0050830
PRED|NP_001002724.1_histone_H2B_type_2-K1_[Danio_rerio]|0.98|0.78	GO:0000786|GO:0003677|GO:0030527|GO:0046982
PRED|NP_001003405.1_trypsin-5_precursor_[Mus_musculus]|0.85|0.73	GO:0004252|GO:0005615|GO:0006508
PRED|NP_001003431.2_hemoglobin_beta_adult_2_[Danio_rerio]|0.65|0.75	GO:0004601|GO:0005344|GO:0005833|GO:0015671|GO:0019825|GO:0020037|GO:0031720|GO:0031838|GO:0042744|GO:0043177|GO:0072562
PRED|NP_001003981.2_pleiotrophin_precursor_[Danio_rerio]|1.0|0.88	GO:0008083
PRED|NP_001004182.1_transmembrane_protein_178B_isoform_2_[Mus_musculus]|0.93|0.86	GO:0016020
PRED|NP_001004202.1_C-C_motif_chemokine_6_precursor_[Rattus_norvegicus]|0.99|0.85	GO:0005576|GO:0005615|GO:0006954|GO:0006955|GO:0008009|GO:0030335|GO:0043547|GO:0048020|GO:0060326|GO:0061844|GO:0070098
PRED|NP_001004512.2_uncharacterized_protein_LOC368621_precursor_[Danio_rerio]|0.92|0.81	GO:0004869|GO:0005615|GO:0005737|GO:0031982|GO:2000117
PRED|NP_001004899.1_hemoglobin_subunit_gamma_2_[Xenopus_tropicalis]|0.77|0.77	GO:0019825|GO:0020037
PRED|NP_001004951.1_MGC89221_protein_precursor_[Xenopus_tropicalis]|1.0|0.86	GO:0003796
PRED|NP_001005101.1_histone_H3.3_[Xenopus_tropicalis]|0.5|0.74	GO:0000786|GO:0003677|GO:0030527|GO:0046982
PRED|NP_001005123.1_ubiquitin-60S_ribosomal_protein_L40_[Xenopus_tropicalis]|0.92|0.89	GO:0006412
PRED|NP_001005136.1_ubiquitin-like_protein_fubi_and_ribosomal_protein_S30_[Xenopus_tropicalis]|0.99|0.79	GO:0003735|GO:0005840|GO:0006412|GO:0022627
PRED|NP_001005599.1_serum_amyloid_A_precursor_[Danio_rerio]|1.0|0.89	GO:0005576
PRED|NP_001006890.1_microsomal_glutathione_S-transferase_3_[Xenopus_tropicalis]|0.86|0.8	GO:0004364|GO:0004602|GO:0005635|GO:0005783|GO:0016020
PRED|NP_001006891.1_H2B_clustered_histone_12_[Xenopus_tropicalis]|0.99|0.86	GO:0000786|GO:0003677|GO:0030527|GO:0046982
PRED|NP_001006993.2_angiogenin_precursor_[Rattus_norvegicus]|0.98|0.76	GO:0001525|GO:0003676|GO:0004540|GO:0005615|GO:0019731|GO:0045087|GO:0050830|GO:0061844
PRED|NP_001007016.1_ribonuclease_A_family_member_2_precursor_[Rattus_norvegicus]|0.96|0.84	GO:0002227|GO:0003676|GO:0004540|GO:0005615|GO:0006935|GO:0050830
PRED|NP_001007613.1_C-C_motif_chemokine_7_precursor_[Rattus_norvegicus]|1.0|0.81	GO:0005576|GO:0005615|GO:0006954|GO:0006955|GO:0008009|GO:0030335|GO:0043547|GO:0048020|GO:0048245|GO:0060326|GO:0061844|GO:0070098
PRED|NP_001007730.1_platelet_factor_4_precursor_[Rattus_norvegicus]|0.99|0.78	GO:0005576|GO:0006955|GO:0008009
PRED|NP_001007943.1_ribonuclease_homolog_precursor_[Gallus_gallus]|0.97|0.76	GO:0003676|GO:0004540|GO:0050830
PRED|NP_001008216.1_cytochrome_c_oxidase_assembly_factor_5_[Homo_sapiens]|0.89|0.8	GO:0005739|GO:0033617
PRED|NP_001008513.1_C-C_motif_chemokine_21_precursor_[Rattus_norvegicus]|1.0|0.78	GO:0005576|GO:0006955|GO:0008009
PRED|NP_001008870.1_serine_protease_inhibitor_Kazal-type_2_precursor_[Rattus_norvegicus]|0.91|0.88	GO:0004867|GO:0007286|GO:1900004
PRED|NP_001010886.1_colipase-like_protein_1_isoform_1_precursor_[Homo_sapiens]|0.96|0.82	GO:0005576|GO:0007586|GO:0008047|GO:0016042
PRED|NP_001010978.2_low-density_lipoprotein_receptor_class_A_domain-containing_protein_1_isoform_1_[Homo_sapiens]|0.64|0.81	GO:0005515
PRED|NP_001011188.1_anaphase-promoting_complex_subunit_11_[Xenopus_tropicalis]|0.63|0.92	GO:0005680|GO:0008270|GO:0031145|GO:0061630|GO:0097602
PRED|NP_001011199.1_uncharacterized_protein_LOC496623_precursor_[Xenopus_tropicalis]|0.65|0.7	GO:0004252|GO:0005615|GO:0006508
PRED|NP_001011202.1_serine_protease_2_precursor_[Xenopus_tropicalis]|0.55|0.7	GO:0004252|GO:0005615|GO:0006508
PRED|NP_001011312.1_sperm_acrosome_associated_5_precursor_[Xenopus_tropicalis]|1.0|0.85	GO:0003796
PRED|NP_001011616.2_defensin-1_preproprotein_[Apis_mellifera]|1.0|0.87	GO:0006952
PRED|NP_001011617.1_abaecin_precursor_[Apis_mellifera]|0.99|0.84	GO:0005576|GO:0042381
PRED|NP_001011638.1_defensin-2_precursor_[Apis_mellifera]|1.0|0.83	GO:0005615|GO:0006952|GO:0006959|GO:0042742
PRED|NP_001011875.1_probable_inactive_ribonuclease-like_protein_12_precursor_[Mus_musculus]|0.52|0.76	GO:0003676|GO:0004540|GO:0050830
PRED|NP_001011876.1_angiogenin_ribonuclease_A_family_member_6_precursor_[Mus_musculus]|0.94|0.88	GO:0001525|GO:0003676|GO:0004540|GO:0005615|GO:0019731|GO:0045087|GO:0050830|GO:0061844
PRED|NP_001012209.1_probable_inactive_ribonuclease-like_protein_12_precursor_[Rattus_norvegicus]|0.83|0.77	GO:0003676|GO:0004540|GO:0050830
PRED|NP_001012232.1_ribonuclease_17_precursor_[Rattus_norvegicus]|0.98|0.92	GO:0002227|GO:0003676|GO:0004540|GO:0005615|GO:0006935|GO:0050830
PRED|NP_001012307.1_alpha-defensin_23_precursor_[Mus_musculus]|1.0|0.89	GO:0005576|GO:0006952
PRED|NP_001012333.1_midkine_isoform_a_precursor_[Homo_sapiens]|1.0|0.94	GO:0008083
PRED|NP_001012334.1_midkine_isoform_a_precursor_[Homo_sapiens]|1.0|0.94	GO:0008083
PRED|NP_001012335.1_midkine_isoform_a_precursor_[Mus_musculus]|1.0|0.94	GO:0008083
PRED|NP_001012336.1_midkine_isoform_a_precursor_[Mus_musculus]|1.0|0.94	GO:0008083
PRED|NP_001012357.1_C-C_motif_chemokine_9_precursor_[Rattus_norvegicus]|0.9|0.84	GO:0005576|GO:0005615|GO:0006954|GO:0006955|GO:0008009|GO:0030335|GO:0043547|GO:0048020|GO:0060326|GO:0061844|GO:0070098
PRED|NP_001012359.1_angiogenin_ribonuclease_A_family_member_2_precursor_[Rattus_norvegicus]|0.89|0.7	GO:0001525|GO:0003676|GO:0004540|GO:0005615|GO:0019731|GO:0045087|GO:0050830|GO:0061844
PRED|NP_001012495.1_stromal_cell-derived_factor_1_isoform_gamma_precursor_[Mus_musculus]|1.0|0.91	GO:0005576|GO:0006955|GO:0008009
PRED|NP_001012757.1_40S_ribosomal_protein_S30_precursor_[Rattus_norvegicus]|1.0|0.79	GO:0003735|GO:0005840|GO:0006412|GO:0022627
PRED|NP_001013.1_small_ribosomal_subunit_protein_eS19_isoform_1_[Homo_sapiens]|0.68|0.74	GO:0000028|GO:0003723|GO:0003735|GO:0005840|GO:0006412|GO:0022627
PRED|NP_001013045.1_ba1_globin_like_[Danio_rerio]|0.86|0.76	GO:0004601|GO:0005344|GO:0005833|GO:0019825|GO:0020037|GO:0031720|GO:0031838|GO:0042744|GO:0043177|GO:0072562
PRED|NP_001013063.1_C-C_motif_chemokine_24_precursor_[Rattus_norvegicus]|1.0|0.93	GO:0005576|GO:0005615|GO:0006954|GO:0006955|GO:0008009|GO:0030335|GO:0043547|GO:0048020|GO:0048245|GO:0060326|GO:0061844|GO:0070098
PRED|NP_001013155.1_C-X-C_motif_chemokine_14_precursor_[Rattus_norvegicus]|1.0|0.78	GO:0005576|GO:0006955|GO:0008009
PRED|NP_001013229.2_proline_rich_protein_2_precursor_[Rattus_norvegicus]|0.79|0.78	GO:0005615
PRED|NP_001013250.1_ribonuclease_pancreatic_delta-type_precursor_[Rattus_norvegicus]|0.93|0.79	GO:0003676|GO:0004540|GO:0050830|GO:0090501
PRED|NP_001013430.2_C-C_motif_chemokine_26_precursor_[Mus_musculus]|0.78|0.93	GO:0005576|GO:0005615|GO:0006954|GO:0006955|GO:0008009|GO:0030335|GO:0043547|GO:0048020|GO:0048245|GO:0060326|GO:0061844|GO:0070098
PRED|NP_001013445.1_retinoic_acid_receptor_responder_protein_2_precursor_[Rattus_norvegicus]|0.74|0.78	GO:0005102|GO:0005615|GO:0006954|GO:0031012|GO:0045087|GO:0050921|GO:0050994
PRED|NP_001013446.1_group_IID_secretory_phospholipase_A2_precursor_[Rattus_norvegicus]|0.96|0.83	GO:0004623|GO:0005509|GO:0005543|GO:0006644|GO:0016042|GO:0042130|GO:0047498
PRED|NP_001013481.1_histone_H2B_1/2_[Danio_rerio]|1.0|0.89	GO:0000786|GO:0003677|GO:0030527|GO:0046982
PRED|NP_001013495.2_uncharacterized_protein_LOC541350_[Danio_rerio]|0.75|0.82	GO:0000786|GO:0003677|GO:0006334|GO:0030527
PRED|NP_001013819.1_serine_protease_inhibitor_Kazal-type_6_isoform_1_precursor_[Mus_musculus]|1.0|0.92	GO:0004867
PRED|NP_001014457.1_Odorant-binding_protein_22a_isoform_B_[Drosophila_melanogaster]|0.97|0.76	GO:0005549
PRED|NP_001014551.1_ribosomal_protein_L41_[Drosophila_melanogaster]|0.97|0.79	GO:0003735|GO:0005840|GO:0006412
PRED|NP_001015011.2_interleukin-17F_precursor_[Rattus_norvegicus]|0.99|0.75	GO:0005125|GO:0005576
PRED|NP_001015402.3_uncharacterized_protein_Dmel_CG41128_[Drosophila_melanogaster]|0.95|0.88	GO:0005739|GO:0005743|GO:0061617
PRED|NP_001015739.1_lysozyme_g-like_protein_2_precursor_[Xenopus_tropicalis]|0.92|0.78	GO:0003796|GO:0005576|GO:0009253|GO:0050830
PRED|NP_001015764.1_stromal_cell-derived_factor_1_precursor_[Xenopus_tropicalis]|0.99|0.92	GO:0005576|GO:0006955|GO:0008009
PRED|NP_001015775.1_peptidoglycan_recognition_protein_1_precursor_[Xenopus_tropicalis]|0.97|0.9	GO:0042834|GO:0045087
PRED|NP_001015792.1_serine_protease_1_precursor_[Xenopus_tropicalis]|0.76|0.73	GO:0004252|GO:0005615|GO:0006508
PRED|NP_001016172.1_ubiquitin-40S_ribosomal_protein_S27a_[Xenopus_tropicalis]|0.69|0.76	GO:0003735|GO:0005840|GO:0006412
PRED|NP_001016178.1_histone_H2A.V_[Xenopus_tropicalis]|0.71|0.82	GO:0046982
PRED|NP_001016485.1_unique_cartilage_matrix-associated_protein_precursor_[Xenopus_tropicalis]|0.53|0.73	GO:0045667
PRED|NP_001016869.1_histone_H4_[Xenopus_tropicalis]|0.95|0.84	GO:0003677|GO:0030527|GO:0046982
PRED|NP_001017251.1_H2B_clustered_histone_11_[Xenopus_tropicalis]|1.0|0.84	GO:0000786|GO:0003677|GO:0030527|GO:0046982
PRED|NP_001017496.1_C-X-C_motif_chemokine_13_isoform_2_precursor_[Rattus_norvegicus]|0.97|0.88	GO:0005576|GO:0006955|GO:0008009
PRED|NP_001017570.1_cocaine-_and_amphetamine-regulated_transcript_2_precursor_[Danio_rerio]|0.62|0.84	GO:0005615|GO:0007186|GO:0008343|GO:0009267|GO:0032099|GO:0043410
PRED|NP_001017599.1_histone_H3.3_[Danio_rerio]|0.5|0.73	GO:0000786|GO:0003677|GO:0030527|GO:0046982
PRED|NP_001017660.1_histone_H1_like1_[Danio_rerio]|0.64|0.86	GO:0000786|GO:0003677|GO:0006334|GO:0030527
PRED|NP_001017866.2_FAU_ubiquitin_like_and_ribosomal_protein_S30_fusion_b_[Danio_rerio]|0.78|0.79	GO:0003735|GO:0005840|GO:0006412|GO:0022627
PRED|NP_001018332.1_uncharacterized_protein_LOC552926_[Danio_rerio]|0.51|0.77	GO:0043139
PRED|NP_001019396.1_alpha-defensin_24_precursor_[Mus_musculus]|1.0|0.88	GO:0005576|GO:0006952
PRED|NP_001019452.1_resistin-like_beta_precursor_[Rattus_norvegicus]|0.97|0.87	GO:0005179|GO:0005576|GO:0005615
PRED|NP_001019770.1_histone_H2B_type_2-F_isoform_a_[Homo_sapiens]|1.0|0.85	GO:0000786|GO:0003677|GO:0030527|GO:0046982
PRED|NP_001019976.1_hemoglobin_subunit_epsilon_[Rattus_norvegicus]|0.98|0.7	GO:0004601|GO:0005344|GO:0005833|GO:0019825|GO:0020037|GO:0031720|GO:0031721|GO:0031838|GO:0042744|GO:0043177|GO:0072562
PRED|NP_001019993.1_probable_inactive_ribonuclease-like_protein_12_precursor_[Homo_sapiens]|0.69|0.81	GO:0003676|GO:0004540|GO:0050830
PRED|NP_001020007.1_interferon_type_B_precursor_[Gallus_gallus]|0.82|0.73	GO:0005126|GO:0005576|GO:0006952
PRED|NP_001020287.1_ribonuclease_pancreatic_gamma-type_precursor_[Rattus_norvegicus]|0.99|0.76	GO:0003676|GO:0004540|GO:0050830|GO:0090501
PRED|NP_001020347.2_uncharacterized_protein_LOC573997_[Danio_rerio]|0.64|0.71	GO:0000786|GO:0003677|GO:0030527|GO:0046982
PRED|NP_001020795.1_non-histone_chromosomal_protein_HMG-17_[Rattus_norvegicus]|0.98|0.84	GO:0000785|GO:0003682|GO:0005634|GO:0006325|GO:0031492
PRED|NP_001021283.1_Histone_H1_[Caenorhabditis_elegans]|0.95|0.92	GO:0000786|GO:0003677|GO:0006334|GO:0030527
PRED|NP_001021506.4_Transthyretin-like_family_protein_[Caenorhabditis_elegans]|0.58|0.91	GO:0009986
PRED|NP_001021846.1_INSulin_related_[Caenorhabditis_elegans]|1.0|0.93	GO:0005179|GO:0005576
PRED|NP_001021850.1_INSulin_related_[Caenorhabditis_elegans]|0.98|0.9	GO:0005179|GO:0005576
PRED|NP_001021962.1_INSulin_related_[Caenorhabditis_elegans]|1.0|0.92	GO:0005179|GO:0005576
PRED|NP_001022153.1_INSulin_related_[Caenorhabditis_elegans]|0.96|0.84	GO:0005179|GO:0005576
PRED|NP_001022154.1_INSulin_related_[Caenorhabditis_elegans]|0.93|0.85	GO:0005179|GO:0005576
PRED|NP_001023410.1_Plasma_membrane_proteolipid_3_[Caenorhabditis_elegans]|0.91|0.75	GO:0016020
PRED|NP_001023901.1_Cytochrome_b561_domain-containing_protein_[Caenorhabditis_elegans]|0.65|0.78	GO:0016491
PRED|NP_001024594.1_lysozyme_[Caenorhabditis_elegans]|0.99|0.91	GO:0003796|GO:0050830
PRED|NP_001024945.1_SPREPIRF-amide_[Caenorhabditis_elegans]|0.94|0.73	GO:0007218
PRED|NP_001025075.2_ribonuclease_pancreatic_beta-type_precursor_[Rattus_norvegicus]|0.96|0.78	GO:0003676|GO:0004540|GO:0050830|GO:0090501
PRED|NP_001025184.1_neuropeptide_S_precursor_[Homo_sapiens]|0.86|0.71	GO:0005576|GO:0007218|GO:0032230|GO:0045760|GO:0051968
PRED|NP_001025531.3_C-C_motif_chemokine_4_homolog_precursor_[Gallus_gallus]|1.0|0.77	GO:0005576|GO:0005615|GO:0006954|GO:0006955|GO:0008009|GO:0030335|GO:0043547|GO:0048020|GO:0048245|GO:0060326|GO:0061844|GO:0070098
PRED|NP_001025626.1_pglyrp1_protein_precursor_[Xenopus_tropicalis]|0.99|0.87	GO:0042834|GO:0045087
PRED|NP_001025883.2_uncharacterized_protein_LOC417536_precursor_[Gallus_gallus]|1.0|0.78	GO:0005576|GO:0005615|GO:0006954|GO:0006955|GO:0008009|GO:0030335|GO:0043547|GO:0048020|GO:0048245|GO:0060326|GO:0061844|GO:0070098
PRED|NP_001026545.1_histone_H2A.Z_[Gallus_gallus]|0.68|0.79	GO:0046982
PRED|NP_001026652.1_histone_H2B_8_[Gallus_gallus]|1.0|0.86	GO:0000786|GO:0003677|GO:0030527|GO:0046982
PRED|NP_001026653.2_histone_H3.2_[Gallus_gallus]|0.5|0.74	GO:0000786|GO:0003677|GO:0030527|GO:0046982
PRED|NP_001026660.1_hemoglobin_subunit_epsilon_1_[Gallus_gallus]|0.78|0.71	GO:0004601|GO:0005344|GO:0005833|GO:0015671|GO:0019825|GO:0020037|GO:0031720|GO:0031838|GO:0042744|GO:0043177|GO:0072562
PRED|NP_001026843.2_cystatin_C_(amyloid_angiopathy_and_cerebral_hemorrhage)_precursor_[Danio_rerio]|1.0|0.77	GO:0004869|GO:0005615|GO:0005737|GO:0031982|GO:2000117
PRED|NP_001027283.1_histone_H2B_[Drosophila_melanogaster]|0.99|0.88	GO:0000786|GO:0003677|GO:0030527|GO:0046982
PRED|NP_001027284.1_histone_H4_[Drosophila_melanogaster]|0.96|0.84	GO:0003677|GO:0030527|GO:0046982
PRED|NP_001027287.1_histone_H2B_[Drosophila_melanogaster]|0.99|0.88	GO:0000786|GO:0003677|GO:0030527|GO:0046982
PRED|NP_001027288.1_histone_H4_[Drosophila_melanogaster]|0.96|0.84	GO:0003677|GO:0030527|GO:0046982
PRED|NP_001027291.1_histone_H2B_[Drosophila_melanogaster]|0.99|0.87	GO:0000786|GO:0003677|GO:0030527|GO:0046982
PRED|NP_001027293.1_histone_H4_[Drosophila_melanogaster]|0.96|0.84	GO:0003677|GO:0030527|GO:0046982
PRED|NP_001027296.1_histone_H2B_[Drosophila_melanogaster]|0.99|0.88	GO:0000786|GO:0003677|GO:0030527|GO:0046982
PRED|NP_001027297.1_histone_H4_[Drosophila_melanogaster]|0.96|0.83	GO:0003677|GO:0030527|GO:0046982
PRED|NP_001027300.1_histone_H2B_[Drosophila_melanogaster]|0.99|0.87	GO:0000786|GO:0003677|GO:0030527|GO:0046982
PRED|NP_001027302.1_histone_H4_[Drosophila_melanogaster]|0.96|0.83	GO:0003677|GO:0030527|GO:0046982
PRED|NP_001027305.1_histone_H2B_[Drosophila_melanogaster]|0.99|0.87	GO:0000786|GO:0003677|GO:0030527|GO:0046982
PRED|NP_001027307.1_histone_H4_[Drosophila_melanogaster]|0.96|0.84	GO:0003677|GO:0030527|GO:0046982
PRED|NP_001027310.1_histone_H2B_[Drosophila_melanogaster]|0.99|0.87	GO:0000786|GO:0003677|GO:0030527|GO:0046982
PRED|NP_001027312.1_histone_H4_[Drosophila_melanogaster]|0.96|0.82	GO:0003677|GO:0030527|GO:0046982
PRED|NP_001027315.1_histone_H2B_[Drosophila_melanogaster]|0.99|0.88	GO:0000786|GO:0003677|GO:0030527|GO:0046982
PRED|NP_001027317.1_histone_H4_[Drosophila_melanogaster]|0.96|0.84	GO:0003677|GO:0030527|GO:0046982
PRED|NP_001027320.1_histone_H2B_[Drosophila_melanogaster]|0.99|0.87	GO:0000786|GO:0003677|GO:0030527|GO:0046982
PRED|NP_001027322.1_histone_H4_[Drosophila_melanogaster]|0.96|0.84	GO:0003677|GO:0030527|GO:0046982
PRED|NP_001027325.1_histone_H2B_[Drosophila_melanogaster]|0.99|0.87	GO:0000786|GO:0003677|GO:0030527|GO:0046982
PRED|NP_001027327.1_histone_H4_[Drosophila_melanogaster]|0.96|0.84	GO:0003677|GO:0030527|GO:0046982
PRED|NP_001027330.1_histone_H2B_[Drosophila_melanogaster]|0.99|0.88	GO:0000786|GO:0003677|GO:0030527|GO:0046982
PRED|NP_001027332.1_histone_H4_[Drosophila_melanogaster]|0.96|0.81	GO:0003677|GO:0030527|GO:0046982
PRED|NP_001027335.1_histone_H2B_[Drosophila_melanogaster]|0.99|0.87	GO:0000786|GO:0003677|GO:0030527|GO:0046982
PRED|NP_001027337.1_histone_H4_[Drosophila_melanogaster]|0.96|0.84	GO:0003677|GO:0030527|GO:0046982
PRED|NP_001027340.1_histone_H2B_[Drosophila_melanogaster]|0.99|0.88	GO:0000786|GO:0003677|GO:0030527|GO:0046982
PRED|NP_001027342.1_histone_H4_[Drosophila_melanogaster]|0.96|0.8	GO:0003677|GO:0030527|GO:0046982
PRED|NP_001027345.1_histone_H2B_[Drosophila_melanogaster]|0.99|0.88	GO:0000786|GO:0003677|GO:0030527|GO:0046982
PRED|NP_001027347.1_histone_H4_[Drosophila_melanogaster]|0.96|0.84	GO:0003677|GO:0030527|GO:0046982
PRED|NP_001027350.1_histone_H2B_[Drosophila_melanogaster]|0.99|0.87	GO:0000786|GO:0003677|GO:0030527|GO:0046982
PRED|NP_001027352.1_histone_H4_[Drosophila_melanogaster]|0.96|0.78	GO:0003677|GO:0030527|GO:0046982
PRED|NP_001027355.1_histone_H2B_[Drosophila_melanogaster]|0.99|0.88	GO:0000786|GO:0003677|GO:0030527|GO:0046982
PRED|NP_001027357.1_histone_H4_[Drosophila_melanogaster]|0.96|0.78	GO:0003677|GO:0030527|GO:0046982
PRED|NP_001027360.1_histone_H2B_[Drosophila_melanogaster]|0.98|0.87	GO:0000786|GO:0003677|GO:0030527|GO:0046982
PRED|NP_001027362.1_histone_H4_[Drosophila_melanogaster]|0.96|0.73	GO:0003677|GO:0030527|GO:0046982
PRED|NP_001027365.1_histone_H2B_[Drosophila_melanogaster]|0.99|0.88	GO:0000786|GO:0003677|GO:0030527|GO:0046982
PRED|NP_001027367.1_histone_H4_[Drosophila_melanogaster]|0.96|0.84	GO:0003677|GO:0030527|GO:0046982
PRED|NP_001027370.1_histone_H2B_[Drosophila_melanogaster]|0.99|0.88	GO:0000786|GO:0003677|GO:0030527|GO:0046982
PRED|NP_001027372.1_histone_H4_[Drosophila_melanogaster]|0.96|0.84	GO:0003677|GO:0030527|GO:0046982
PRED|NP_001027375.1_histone_H2B_[Drosophila_melanogaster]|0.99|0.87	GO:0000786|GO:0003677|GO:0030527|GO:0046982
PRED|NP_001027377.1_histone_H4_[Drosophila_melanogaster]|0.96|0.84	GO:0003677|GO:0030527|GO:0046982
PRED|NP_001027380.1_histone_H2B_[Drosophila_melanogaster]|0.99|0.87	GO:0000786|GO:0003677|GO:0030527|GO:0046982
PRED|NP_001027382.1_histone_H4_[Drosophila_melanogaster]|0.96|0.78	GO:0003677|GO:0030527|GO:0046982
PRED|NP_001027385.1_histone_H2B_[Drosophila_melanogaster]|0.99|0.88	GO:0000786|GO:0003677|GO:0030527|GO:0046982
PRED|NP_001027742.1_C-type_natriuretic_peptide_4_precursor_[Takifugu_rubripes]|0.93|0.84	GO:0005179|GO:0005576|GO:0006182|GO:0007168
PRED|NP_001027759.1_chemokine_(C-X-C_motif)_ligand_8a_precursor_[Takifugu_rubripes]|0.99|0.71	GO:0005576|GO:0006955|GO:0008009
PRED|NP_001027764.1_lysozyme_g_[Takifugu_rubripes]|0.94|0.74	GO:0003796|GO:0005576|GO:0009253|GO:0050830
PRED|NP_001027914.1_lysozyme_C_precursor_[Takifugu_rubripes]|1.0|0.93	GO:0003796|GO:0050829|GO:0050830
PRED|NP_001028190.2_defensin_beta_136_precursor_[Homo_sapiens]|0.99|0.94	GO:0001530|GO:0042742|GO:0061760|GO:0140367
PRED|NP_001028412.1_WAP_four-disulfide_core_domain_protein_6A_isoform_2_precursor_[Mus_musculus]|0.98|0.84	GO:0005615|GO:0010466
PRED|NP_001029037.1_ubiquitin-ribosomal_protein_eS31_fusion_protein_precursor_[Mus_musculus]|0.79|0.77	GO:0003735|GO:0005840|GO:0006412
PRED|NP_001029054.1_stromal_cell-derived_factor_1_isoform_beta_precursor_[Rattus_norvegicus]|1.0|0.9	GO:0005576|GO:0006955|GO:0008009
PRED|NP_001029055.1_stromal_cell-derived_factor_1_isoform_gamma_precursor_[Rattus_norvegicus]|1.0|0.91	GO:0005576|GO:0006955|GO:0008009
PRED|NP_001029058.1_stromal_cell-derived_factor_1_isoform_gamma_precursor_[Homo_sapiens]|1.0|0.9	GO:0005576|GO:0006955|GO:0008009
PRED|NP_001029102.1_ubiquitin-ribosomal_protein_eL40_fusion_protein_isoform_1_precursor_[Homo_sapiens]|0.92|0.89	GO:0006412
PRED|NP_001029125.1_calcitonin_gene-related_peptide_1_isoform_alpha-CGRP_preproprotein_[Homo_sapiens]|0.64|0.85	GO:0005179|GO:0005576|GO:0005615|GO:0007189|GO:0031716|GO:0051480
PRED|NP_001029249.1_histone_H4_[Homo_sapiens]|0.95|0.84	GO:0003677|GO:0030527|GO:0046982
PRED|NP_001030082.1_beta-defensin_42_precursor_[Mus_musculus]|1.0|0.92	GO:0001530|GO:0042742|GO:0061760|GO:0140367
PRED|NP_001030344.1_small_ribosomal_subunit_protein_eS32_[Homo_sapiens]|0.96|0.82	GO:0003735|GO:0005840|GO:0006412
PRED|NP_001030593.2_dermokine_isoform_1_precursor_[Homo_sapiens]|1.0|0.79	GO:0005615|GO:1903575
PRED|NP_001030952.1_low-molecular-weight_cysteine-rich_73_[Arabidopsis_thaliana]|1.0|0.92	GO:0006952
PRED|NP_001031003.1_SCR-like_3_[Arabidopsis_thaliana]|1.0|0.93	GO:0007165
PRED|NP_001031134.1_Defensin-like_(DEFL)_family_protein_[Arabidopsis_thaliana]|1.0|0.94	GO:0005576|GO:0050832
PRED|NP_001031212.1_SCR-like_8_[Arabidopsis_thaliana]|1.0|0.94	GO:0007165
PRED|NP_001031213.1_SCR-like_4_[Arabidopsis_thaliana]|1.0|0.87	GO:0007165
PRED|NP_001031214.1_SCR-like_7_[Arabidopsis_thaliana]|1.0|0.94	GO:0007165
PRED|NP_001031236.1_SCR-like_2_[Arabidopsis_thaliana]|1.0|0.93	GO:0007165
PRED|NP_001031324.1_SCR-like_9_[Arabidopsis_thaliana]|1.0|0.78	GO:0007165
PRED|NP_001031342.1_SCR-like_16_[Arabidopsis_thaliana]|1.0|0.94	GO:0007165
PRED|NP_001031608.1_SCR-like_20_[Arabidopsis_thaliana]|1.0|0.92	GO:0007165
PRED|NP_001031611.1_SCR-like_1_[Arabidopsis_thaliana]|1.0|0.93	GO:0007165
PRED|NP_001031616.1_SCR-like_21_[Arabidopsis_thaliana]|0.73|0.74	GO:0007165
PRED|NP_001031636.2_Defensin-like_(DEFL)_family_protein_[Arabidopsis_thaliana]|1.0|0.92	GO:0005576|GO:0050832
PRED|NP_001031643.1_SCR-like_23_[Arabidopsis_thaliana]|1.0|0.91	GO:0007165
PRED|NP_001031648.1_SCR-like_11_[Arabidopsis_thaliana]|1.0|0.9	GO:0007165
PRED|NP_001031666.1_Defensin-like_(DEFL)_family_protein_[Arabidopsis_thaliana]|1.0|0.94	GO:0005576|GO:0050832
PRED|NP_001031693.1_SCR-like_26_[Arabidopsis_thaliana]|1.0|0.91	GO:0007165
PRED|NP_001031694.1_SCR-like_14_[Arabidopsis_thaliana]|1.0|0.92	GO:0007165
PRED|NP_001031775.1_SCR-like_25_[Arabidopsis_thaliana]|1.0|0.81	GO:0007165
PRED|NP_001031776.1_SCR-like_24_[Arabidopsis_thaliana]|0.99|0.93	GO:0007165
PRED|NP_001031782.1_Bifunctional_inhibitor/lipid-transfer_protein/seed_storage_2S_albumin_superfamily_protein_[Arabidopsis_thaliana]|0.75|0.91	GO:0006869|GO:0008289
PRED|NP_001031783.1_SCR-like_22_[Arabidopsis_thaliana]|1.0|0.91	GO:0007165
PRED|NP_001031852.1_Defensin-like_(DEFL)_family_protein_[Arabidopsis_thaliana]|1.0|0.95	GO:0005576|GO:0050832
PRED|NP_001031854.1_Defensin-like_(DEFL)_family_protein_[Arabidopsis_thaliana]|1.0|0.95	GO:0005576|GO:0050832
PRED|NP_001031891.1_Defensin-like_(DEFL)_family_protein_[Arabidopsis_thaliana]|1.0|0.84	GO:0005576|GO:0050832
PRED|NP_001031903.1_Defensin-like_(DEFL)_family_protein_[Arabidopsis_thaliana]|1.0|0.95	GO:0005576|GO:0050832
PRED|NP_001032016.1_SCR-like_27_[Arabidopsis_thaliana]|0.99|0.92	GO:0007165
PRED|NP_001032063.1_Defensin-like_(DEFL)_family_protein_[Arabidopsis_thaliana]|0.99|0.94	GO:0005576|GO:0050832
PRED|NP_001032190.1_ubiquitin-ribosomal_protein_eL40_fusion_protein_[Danio_rerio]|0.88|0.89	GO:0006412
PRED|NP_001032243.1_ribosomal_protein_S12-like_[Mus_musculus]|0.82|0.79	GO:0003735|GO:0005840|GO:0006412
PRED|NP_001032280.1_C-C_motif_chemokine_25_precursor_[Rattus_norvegicus]|0.75|0.79	GO:0005576|GO:0006955|GO:0008009
PRED|NP_001032423.1_small_ribosomal_subunit_protein_eS19_[Rattus_norvegicus]|0.68|0.78	GO:0000028|GO:0003723|GO:0003735|GO:0005840|GO:0006412|GO:0022627
PRED|NP_001032457.1_beta-defensin_109B_precursor_[Homo_sapiens]|1.0|0.8	GO:0005615|GO:0031731|GO:0042056|GO:0042742|GO:0060326
PRED|NP_001032589.1_beta-defensin_124_precursor_[Homo_sapiens]|1.0|0.92	GO:0007249|GO:0071224|GO:0071651|GO:0090026
PRED|NP_001032597.1_beta-defensin_119_precursor_[Rattus_norvegicus]|1.0|0.9	GO:0001530|GO:0050829|GO:0050830|GO:0061760
PRED|NP_001032600.1_beta-defensin_40_precursor_[Rattus_norvegicus]|1.0|0.93	GO:0002227|GO:0005615|GO:0031731|GO:0050829|GO:0050830
PRED|NP_001032605.1_beta-defensin_25_precursor_[Rattus_norvegicus]|1.0|0.9	GO:0007249|GO:0071224|GO:0071651|GO:0090026
PRED|NP_001032611.1_beta-defensin_39_precursor_[Rattus_norvegicus]|1.0|0.88	GO:0002227|GO:0005615|GO:0031731|GO:0050829|GO:0050830
PRED|NP_001032615.1_beta-defensin_130-like_precursor_[Rattus_norvegicus]|1.0|0.94	GO:0005615|GO:0031731|GO:0042056|GO:0042742|GO:0060326
PRED|NP_001032617.1_beta-defensin_43_precursor_[Rattus_norvegicus]|1.0|0.9	GO:0005615
PRED|NP_001032618.1_beta-defensin_136_precursor_[Rattus_norvegicus]|0.98|0.94	GO:0001530|GO:0042742|GO:0061760|GO:0140367
PRED|NP_001032621.1_beta-defensin_109_precursor_[Rattus_norvegicus]|1.0|0.81	GO:0005615|GO:0031731|GO:0042056|GO:0042742|GO:0060326
PRED|NP_001032628.1_prokineticin-2_isoform_2_precursor_[Mus_musculus]|0.79|0.94	GO:0001935
PRED|NP_001032630.1_prokineticin-2_isoform_1_precursor_[Rattus_norvegicus]|0.59|0.87	GO:0001935
PRED|NP_001032641.1_beta-defensin_38_precursor_[Rattus_norvegicus]|1.0|0.92	GO:0002227|GO:0005615|GO:0031731|GO:0050829|GO:0050830
PRED|NP_001032932.1_histone_H4_[Gallus_gallus]|0.95|0.84	GO:0003677|GO:0030527|GO:0046982
PRED|NP_001032934.1_histone_cluster_1_H4-VI_germinal_H4_(similar_to_human_histone_cluster_1_class_H4_genes)_[Gallus_gallus]|0.95|0.84	GO:0003677|GO:0030527|GO:0046982
PRED|NP_001033319.1_anaphase-promoting_complex_subunit_11_[Mus_musculus]|0.56|0.93	GO:0005680|GO:0008270|GO:0031145|GO:0061630|GO:0097602
PRED|NP_001033458.1_Phospholipase_A2_[Caenorhabditis_elegans]|0.89|0.9	GO:0004623|GO:0005509|GO:0005543|GO:0006644|GO:0016042|GO:0047498
PRED|NP_001033548.1_Nematocin_[Caenorhabditis_elegans]|1.0|0.93	GO:0005185|GO:0005576
PRED|NP_001033589.1_exocrine_gland-secreted_peptide_1_precursor_[Mus_musculus]|0.88|0.79	GO:0005186|GO:0005615
PRED|NP_001034085.1_trypsin_10_precursor_[Mus_musculus]|0.64|0.83	GO:0004252|GO:0005615|GO:0006508
PRED|NP_001034086.1_trypsinogen_12_precursor_[Mus_musculus]|0.55|0.76	GO:0004252|GO:0005615|GO:0006508
PRED|NP_001034208.1_beta-defensin_33_precursor_[Mus_musculus]|1.0|0.96	GO:0005576
PRED|NP_001034210.1_beta-defensin_43_precursor_[Mus_musculus]|1.0|0.91	GO:0005615
PRED|NP_001034211.1_beta-defensin_25_precursor_[Mus_musculus]|1.0|0.91	GO:0007249|GO:0071224|GO:0071651|GO:0090026
PRED|NP_001034652.2_sperm-associated_antigen_11B_isoform_c_precursor_[Mus_musculus]|1.0|0.82	GO:0005576|GO:0061844
PRED|NP_001035185.1_tissue_factor_pathway_inhibitor_2_precursor_[Danio_rerio]|0.78|0.81	GO:0004867|GO:0005576|GO:0005615|GO:0010466|GO:0030414
PRED|NP_001035523.1_serine_protease_inhibitor_Kazal-type_9_precursor_[Homo_sapiens]|0.99|0.93	GO:0004867
PRED|NP_001035538.2_beta-defensin_131A_precursor_[Homo_sapiens]|1.0|0.86	GO:0005615
PRED|NP_001035914.1_ribosomal_protein_L41_[Bombyx_mori]|0.97|0.8	GO:0003735|GO:0005840|GO:0006412
PRED|NP_001035965.1_neutrophil_defensin_1_isoform_2_preproprotein_[Homo_sapiens]|1.0|0.89	GO:0005576|GO:0006952
PRED|NP_001036052.1_T-cell_surface_glycoprotein_CD1e_membrane-associated_isoform_f_precursor_[Homo_sapiens]|0.71|0.86	GO:0001916|GO:0005615|GO:0006955|GO:0009897|GO:0030883|GO:0030884|GO:0048006|GO:0048007|GO:0071723
PRED|NP_001036552.1_mitochondrial_ribosomal_protein_L34_[Drosophila_melanogaster]|0.9|0.91	GO:0003735|GO:0005762|GO:0005840|GO:0006412
PRED|NP_001036569.2_Ion_transport_peptide_isoform_C_[Drosophila_melanogaster]|0.66|0.74	GO:0005184|GO:0005576|GO:0007623
PRED|NP_001036713.2_uncharacterized_protein_Dmel_CG42404_isoform_F_[Drosophila_melanogaster]|0.96|0.89	GO:0016020
PRED|NP_001036829.2_moricin-2_precursor_[Bombyx_mori]|1.0|0.92	GO:0005576|GO:0042742
PRED|NP_001036924.2_cecropin_D2_precursor_[Bombyx_mori]|0.84|0.74	GO:0005576|GO:0019731
PRED|NP_001037030.2_cecropin_CBM1_precursor_[Bombyx_mori]|1.0|0.94	GO:0005576|GO:0019731
PRED|NP_001037032.2_cecropin_CBM2-2_precursor_[Bombyx_mori]|1.0|0.94	GO:0005576|GO:0019731
PRED|NP_001037044.1_trypsin_inhibitor_precursor_[Bombyx_mori]|0.94|0.84	GO:0004867|GO:0005615
PRED|NP_001037307.1_eclosion_hormone_precursor_[Bombyx_mori]|0.95|0.92	GO:0007218|GO:0008255|GO:0018990
PRED|NP_001037372.1_ubiquitin/ribosomal_protein_L40_fusion_protein_[Bombyx_mori]|0.87|0.91	GO:0006412
PRED|NP_001037392.1_cecropin_precursor_[Bombyx_mori]|1.0|0.94	GO:0005576|GO:0019731
PRED|NP_001037448.1_lysozyme_precursor_[Bombyx_mori]|1.0|0.84	GO:0003796
PRED|NP_001037460.1_cecropin-B_precursor_[Bombyx_mori]|1.0|0.87	GO:0005576|GO:0019731
PRED|NP_001037462.1_cecropin-A_precursor_[Bombyx_mori]|1.0|0.94	GO:0005576|GO:0019731
PRED|NP_001037674.1_transport_protein_Sec61_gamma_subunit_[Bombyx_mori]|0.62|0.89	GO:0006605|GO:0006886|GO:0008320|GO:0015031|GO:0016020
PRED|NP_001038145.2_granulysin_precursor_[Gallus_gallus]|1.0|0.77	GO:0031640|GO:0042742|GO:0044194|GO:0061844
PRED|NP_001038301.1_uncharacterized_protein_LOC557676_precursor_[Danio_rerio]|0.96|0.73	GO:0005615|GO:0030199|GO:0031012
PRED|NP_001038304.2_uncharacterized_protein_LOC557741_precursor_[Danio_rerio]|0.94|0.72	GO:0005615|GO:0030199|GO:0031012
PRED|NP_001038843.1_uncharacterized_protein_LOC751661_[Danio_rerio]|0.7|0.86	GO:0000786|GO:0003677|GO:0006334|GO:0030527
PRED|NP_001039081.1_FXYD_domain-containing_ion_transport_regulator_3_precursor_[Xenopus_tropicalis]|0.96|0.74	GO:0016020|GO:0017080|GO:0043269|GO:0099106|GO:2000649
PRED|NP_001039296.2_chemokine-like_ligand_4_precursor_[Gallus_gallus]|0.99|0.85	GO:0005576|GO:0005615|GO:0006954|GO:0006955|GO:0008009|GO:0030335|GO:0043547|GO:0048020|GO:0060326|GO:0061844|GO:0070098
PRED|NP_001039297.1_C-C_motif_chemokine_5_precursor_[Gallus_gallus]|1.0|0.81	GO:0005576|GO:0005615|GO:0006954|GO:0006955|GO:0008009|GO:0030335|GO:0043547|GO:0048020|GO:0048245|GO:0060326|GO:0061844|GO:0070098
PRED|NP_001040231.1_anaphase_promoting_complex_subunit_11_[Bombyx_mori]|0.56|0.92	GO:0005680|GO:0008270|GO:0031145|GO:0061630|GO:0097602
PRED|NP_001040529.1_H2A_histone_family_member_V_[Bombyx_mori]|0.9|0.7	GO:0046982
PRED|NP_001070058.1_uncharacterized_protein_LOC767650_[Danio_rerio]|0.9|0.86	GO:0003677|GO:0030527|GO:0046982
PRED|NP_001070209.1_endothelial_cell-specific_molecule_1_precursor_[Danio_rerio]|0.93|0.71	GO:0005576
PRED|NP_001070217.1_uncharacterized_protein_LOC767782_[Danio_rerio]|0.95|0.83	GO:0003677|GO:0030527|GO:0046982
PRED|NP_001071679.1_dickkopf_protein_[Ciona_intestinalis]|0.66|0.82	GO:0005615|GO:0039706|GO:0048019|GO:0090090
PRED|NP_001071812.1_secreted_frizzled-related_protein_precursor_[Ciona_intestinalis]|0.84|0.72	GO:0005886|GO:0017147|GO:0035567|GO:0042813|GO:0060070
PRED|NP_001072571.1_uncharacterized_protein_LOC780026_precursor_[Xenopus_tropicalis]|0.68|0.83	GO:0005615|GO:0007186|GO:0008343|GO:0009267|GO:0032099|GO:0043410
PRED|NP_001072943.1_histone_H2A-IV_[Gallus_gallus]|1.0|0.7	GO:0000786|GO:0003677|GO:0030527|GO:0046982
PRED|NP_001072953.1_non-histone_chromosomal_protein_HMG-17_[Gallus_gallus]|0.92|0.79	GO:0000785|GO:0003682|GO:0005634|GO:0006325|GO:0031492
PRED|NP_001073188.1_histone_H2B_7_[Gallus_gallus]|1.0|0.87	GO:0000786|GO:0003677|GO:0030527|GO:0046982
PRED|NP_001073189.1_histone_H2B_5_[Gallus_gallus]|1.0|0.86	GO:0000786|GO:0003677|GO:0030527|GO:0046982
PRED|NP_001073367.2_neutrophil_antibiotic_peptide_NP-3B_precursor_[Rattus_norvegicus]|1.0|0.83	GO:0005576|GO:0006952
PRED|NP_001073402.1_alpha-defensin_26_precursor_[Mus_musculus]|1.0|0.89	GO:0005576|GO:0006952
PRED|NP_001075020.1_beta-defensin_103_precursor_[Homo_sapiens]|1.0|0.93	GO:0005615|GO:0031731|GO:0042056|GO:0042742|GO:0060326
PRED|NP_001075021.2_sperm-associated_antigen_11A_isoform_1_precursor_[Homo_sapiens]|1.0|0.81	GO:0005576|GO:0061844
PRED|NP_001075888.2_prolactin-releasing_peptide_precursor_[Gallus_gallus]|0.73|0.73	GO:0005179|GO:0005184|GO:0007186|GO:0007631|GO:0031861|GO:0043434
PRED|NP_001076289.1_Lysozyme_g-like_[Danio_rerio]|0.94|0.72	GO:0003796|GO:0005576|GO:0009253|GO:0050830
PRED|NP_001076401.1_cocaine-_and_amphetamine-regulated_transcript_4_precursor_[Danio_rerio]|0.99|0.86	GO:0005615|GO:0007186|GO:0008343|GO:0009267|GO:0032099|GO:0043410
PRED|NP_001076436.1_chemokine-like_protein_TAFA-5_isoform_1_precursor_[Homo_sapiens]|0.88|0.85	GO:0001664|GO:0005615|GO:0007186|GO:0048018
PRED|NP_001076549.3_chemokine_(C-C_motif)_ligand_38_duplicate_6_precursor_[Danio_rerio]|0.89|0.75	GO:0005576|GO:0006955|GO:0008009
PRED|NP_001076808.1_ion_transport_peptide_precursor_[Tribolium_castaneum]|0.6|0.87	GO:0005184|GO:0005576|GO:0007623
PRED|NP_001077477.1_Histone_superfamily_protein_[Arabidopsis_thaliana]|0.93|0.85	GO:0003677|GO:0030527|GO:0046982
PRED|NP_001077480.1_Bifunctional_inhibitor/lipid-transfer_protein/seed_storage_2S_albumin_superfamily_protein_[Arabidopsis_thaliana]|0.52|0.82	GO:0006869
PRED|NP_001077509.1_EMBRYO_SURROUNDING_FACTOR-like_protein_[Arabidopsis_thaliana]|0.94|0.84	GO:0010098
PRED|NP_001077510.1_maternally_expressed_family_protein_[Arabidopsis_thaliana]|0.98|0.84	GO:0010098
PRED|NP_001077511.1_maternally_expressed_family_protein_[Arabidopsis_thaliana]|1.0|0.91	GO:0010098
PRED|NP_001077601.1_maternally_expressed_family_protein_[Arabidopsis_thaliana]|0.87|0.84	GO:0010098
PRED|NP_001077684.1_uncharacterized_protein_AT1G47278_[Arabidopsis_thaliana]|0.59|0.86	GO:0003735|GO:0006412|GO:0032543
PRED|NP_001077685.1_uncharacterized_protein_AT1G47278_[Arabidopsis_thaliana]|0.53|0.85	GO:0003735|GO:0006412|GO:0032543
PRED|NP_001077782.1_ROTUNDIFOLIA_like_21_[Arabidopsis_thaliana]|0.93|0.87	GO:0008285
PRED|NP_001077795.1_ROTUNDIFOLIA_like_15_[Arabidopsis_thaliana]|0.65|0.89	GO:0008285
PRED|NP_001077896.2_EMBRYO_SURROUNDING_FACTOR-like_protein_[Arabidopsis_thaliana]|0.97|0.91	GO:0010098
PRED|NP_001078036.1_maternally_expressed_family_protein_[Arabidopsis_thaliana]|1.0|0.87	GO:0010098
PRED|NP_001078076.1_Small_nuclear_ribonucleoprotein_family_protein_[Arabidopsis_thaliana]|0.81|0.84	GO:0008380|GO:0030532
PRED|NP_001078179.1_ROTUNDIFOLIA_like_20_[Arabidopsis_thaliana]|0.9|0.82	GO:0008285
PRED|NP_001078331.1_Small_nuclear_ribonucleoprotein_family_protein_[Arabidopsis_thaliana]|0.84|0.85	GO:0008380|GO:0030532
PRED|NP_001078665.1_ECA1_gametogenesis_related_family_protein_[Arabidopsis_thaliana]|0.81|0.75	GO:0005576|GO:0009567|GO:0031982|GO:0080155|GO:2000008
PRED|NP_001078678.1_Bifunctional_inhibitor/lipid-transfer_protein/seed_storage_2S_albumin_superfamily_protein_[Arabidopsis_thaliana]|0.64|0.84	GO:0006869
PRED|NP_001078696.1_ECA1_gametogenesis_related_family_protein_[Arabidopsis_thaliana]|0.74|0.86	GO:0005576|GO:0009567|GO:0031982|GO:0080155|GO:2000008
PRED|NP_001078831.1_oxytocin/vasopressin-like_peptide_precursor_[Tribolium_castaneum]|0.76|0.83	GO:0005184|GO:0005185|GO:0005576|GO:0005615|GO:0030141
PRED|NP_001078862.1_sperm_acrosome-associated_protein_5_precursor_[Mus_musculus]|0.99|0.88	GO:0001669|GO:0003796|GO:0007342|GO:0036126
PRED|NP_001082882.2_Cystatin-like_precursor_[Danio_rerio]|1.0|0.83	GO:0004869|GO:0005615|GO:0005737|GO:0031982|GO:2000117
PRED|NP_001083038.2_uncharacterized_protein_LOC100038789_[Danio_rerio]|0.95|0.84	GO:0003677|GO:0030527|GO:0046982
PRED|NP_001090729.1_hepcidin_1_precursor_[Xenopus_tropicalis]|0.98|0.91	GO:0005576|GO:0006879
PRED|NP_001090730.1_hepcidin_antimicrobial_peptide_2_precursor_[Xenopus_tropicalis]|1.0|0.85	GO:0005576|GO:0006879
PRED|NP_001090807.1_somatostatin_gene_1_precursor_[Xenopus_tropicalis]|0.85|0.87	GO:0005179|GO:0005576
PRED|NP_001091046.1_angiogenin_precursor_[Homo_sapiens]|1.0|0.79	GO:0001525|GO:0003676|GO:0004540|GO:0005615|GO:0019731|GO:0045087|GO:0050830|GO:0061844
PRED|NP_001091080.1_kinocilin_isoform_2_[Homo_sapiens]|0.82|0.74	GO:0016324|GO:0032437|GO:0036064|GO:0043025|GO:0060091
PRED|NP_001091448.2_H2b_histone_family_member_A_isoform_1_[Mus_musculus]|0.99|0.82	GO:0000786|GO:0003677|GO:0030527|GO:0046982
PRED|NP_001091756.1_h3_histone_family_3a_[Bombyx_mori]|0.5|0.74	GO:0000786|GO:0003677|GO:0030527|GO:0046982
PRED|NP_001091819.1_putative_defense_protein_precursor_[Bombyx_mori]|0.97|0.74	GO:0016020
PRED|NP_001091844.1_antibacterial_peptide_enbocin_2_precursor_[Bombyx_mori]|1.0|0.72	GO:0005576|GO:0019731
PRED|NP_001092111.1_relaxin-3_precursor_[Takifugu_rubripes]|0.68|0.7	GO:0001664
PRED|NP_001092124.1_agouti_signaling_protein_2_precursor_[Takifugu_rubripes]|0.92|0.75	GO:0005184|GO:0005576|GO:0005615|GO:0007218|GO:0008343|GO:0009755|GO:0031779|GO:0070996|GO:2000253
PRED|NP_001092126.1_agouti-signaling_protein_2b_precursor_[Takifugu_rubripes]|0.59|0.91	GO:0005184|GO:0005576|GO:0005615|GO:0007218|GO:0008343|GO:0009755|GO:0031779|GO:0070996|GO:2000253
PRED|NP_001092136.1_agouti-signaling_protein_precursor_[Takifugu_rubripes]|0.93|0.89	GO:0005184|GO:0005576|GO:0005615|GO:0009755|GO:0031779|GO:0032438
PRED|NP_001092231.1_uncharacterized_protein_LOC100004395_[Danio_rerio]|0.95|0.83	GO:0003677|GO:0030527|GO:0046982
PRED|NP_001092308.1_lysozyme_g-like_protein_1_precursor_[Rattus_norvegicus]|0.52|0.76	GO:0003796|GO:0005576|GO:0050830
PRED|NP_001092923.1_ribonuclease-like_3_precursor_[Danio_rerio]|0.98|0.76	GO:0001525|GO:0003676|GO:0004540|GO:0050829|GO:0050830
PRED|NP_001093144.1_ribosomal_biogenesis_factor_isoform_2_[Mus_musculus]|0.56|0.7	GO:0005730|GO:0042254
PRED|NP_001093289.1_dynein_molecular_motor_protein_light_chain_1_[Bombyx_mori]|0.62|0.83	GO:0005737|GO:0005868|GO:0007018|GO:0045505
PRED|NP_001093293.1_lysozyme-like_protein_1_precursor_[Bombyx_mori]|1.0|0.74	GO:0003796
PRED|NP_001093572.2_hematopoietic_cell_signal_transducer_precursor_[Danio_rerio]|0.86|0.72	GO:0005102|GO:0016020|GO:0043548|GO:0050776|GO:0051897
PRED|NP_001093574.1_ribonuclease_like_4_precursor_[Danio_rerio]|0.99|0.79	GO:0003676|GO:0004540|GO:0050830
PRED|NP_001095117.1_prolactin-releasing_peptide_precursor_[Mus_musculus]|0.96|0.75	GO:0005179|GO:0005184|GO:0007186|GO:0007631|GO:0031861|GO:0043434
PRED|NP_001096031.1_cecropin-B_precursor_[Bombyx_mori]|1.0|0.94	GO:0005576|GO:0019731
PRED|NP_001096095.2_chemokine_(C-C_motif)_ligand_38_duplicate_4_precursor_[Danio_rerio]|0.99|0.77	GO:0005576|GO:0006955|GO:0008009
PRED|NP_001096102.1_uncharacterized_protein_LOC100124605_[Danio_rerio]|1.0|0.89	GO:0000786|GO:0003677|GO:0030527|GO:0046982
PRED|NP_001096130.1_trypsinogen_4_precursor_[Mus_musculus]|0.67|0.7	GO:0004252|GO:0005615|GO:0006508
PRED|NP_001096369.1_protein_FAM19A5_[Xenopus_tropicalis]|0.62|0.8	GO:0001664|GO:0005615|GO:0007186|GO:0048018
PRED|NP_001096623.1_mesotrypsin-like_precursor_[Mus_musculus]|0.56|0.78	GO:0004252|GO:0005615|GO:0006508
PRED|NP_001096672.3_chymotrypsin-like_elastase_family_member_1_precursor_[Gallus_gallus]|0.58|0.8	GO:0004252|GO:0005615|GO:0006508
PRED|NP_001097123.1_lemming_A_isoform_B_[Drosophila_melanogaster]|0.7|0.89	GO:0005680|GO:0008270|GO:0031145|GO:0061630|GO:0097602
PRED|NP_001097810.1_uncharacterized_protein_Dmel_CG34276_isoform_A_[Drosophila_melanogaster]|0.81|0.89	GO:0004867|GO:0005615
PRED|NP_001099176.2_histone_1_H4_like_[Danio_rerio]|0.95|0.84	GO:0003677|GO:0030527|GO:0046982
PRED|NP_001099290.1_sperm_acrosome_membrane-associated_protein_3_precursor_[Rattus_norvegicus]|0.9|0.8	GO:0001669|GO:0003796|GO:0007342|GO:0036126
PRED|NP_001099292.1_C-C_motif_chemokine_ligand_12_precursor_[Rattus_norvegicus]|1.0|0.84	GO:0005576|GO:0005615|GO:0006954|GO:0006955|GO:0008009|GO:0030335|GO:0043547|GO:0048020|GO:0048245|GO:0060326|GO:0061844|GO:0070098
PRED|NP_001099511.1_cathepsin_G_precursor_[Rattus_norvegicus]|0.98|0.78	GO:0005737|GO:0043231
PRED|NP_001099533.2_protein_GPR15LG_precursor_[Rattus_norvegicus]|1.0|0.94	GO:0001664
PRED|NP_001099584.1_histone_cluster_1_H2B_family_member_O_[Rattus_norvegicus]|1.0|0.85	GO:0000786|GO:0003677|GO:0030527|GO:0046982
PRED|NP_001099957.1_proteoglycan_3_precursor_[Rattus_norvegicus]|0.97|0.84	GO:0006955
PRED|NP_001099993.1_cystatin-F_precursor_[Rattus_norvegicus]|0.67|0.75	GO:0004869|GO:0005615|GO:0005764|GO:0005770|GO:0005783|GO:0005794|GO:0006955|GO:0031643|GO:0097340|GO:1903979
PRED|NP_001100075.1_protein_FAM136A_[Rattus_norvegicus]|0.73|0.72	GO:0005737
PRED|NP_001100247.1_uncharacterized_protein_LOC299713_[Rattus_norvegicus]|0.52|0.79	GO:0003735|GO:0005840|GO:0006412
PRED|NP_001100822.1_histone_cluster_1_H2B_family_member_Q_[Rattus_norvegicus]|1.0|0.85	GO:0000786|GO:0003677|GO:0030527|GO:0046982
PRED|NP_001101528.1_sperm_acrosome-associated_protein_5_precursor_[Rattus_norvegicus]|0.65|0.75	GO:0001669|GO:0003796|GO:0007342|GO:0036126
PRED|NP_001101884.1_histone_cluster_1_H2B_family_member_D_[Rattus_norvegicus]|1.0|0.83	GO:0000786|GO:0003677|GO:0030527|GO:0046982
PRED|NP_001102096.1_serine_protease_3_precursor_[Rattus_norvegicus]|0.89|0.79	GO:0004252|GO:0005615|GO:0006508
PRED|NP_001102216.1_uncharacterized_protein_LOC362881_precursor_[Rattus_norvegicus]|1.0|0.94	GO:0003796|GO:0050829|GO:0050830
PRED|NP_001102283.2_NADH_dehydrogenase_[ubiquinone]_1_alpha_subcomplex_subunit_1_[Rattus_norvegicus]|0.55|0.88	GO:0005747
PRED|NP_001102352.1_lysozyme-like_protein_2_precursor_[Rattus_norvegicus]|0.99|0.8	GO:0003796
PRED|NP_001102870.1_histone_H2B_[Rattus_norvegicus]|1.0|0.85	GO:0000786|GO:0003677|GO:0030527|GO:0046982
PRED|NP_001102927.1_eppin_precursor_[Rattus_norvegicus]|1.0|0.85	GO:0005615|GO:0010466
PRED|NP_001102958.1_C-C_motif_chemokine_26_precursor_[Rattus_norvegicus]|0.98|0.93	GO:0005576|GO:0005615|GO:0006954|GO:0006955|GO:0008009|GO:0030335|GO:0043547|GO:0048020|GO:0048245|GO:0060326|GO:0061844|GO:0070098
PRED|NP_001103111.1_H2B.U_histone_1_[Rattus_norvegicus]|1.0|0.81	GO:0000786|GO:0003677|GO:0030527|GO:0046982
PRED|NP_001103119.1_ribosomal_protein_63_mitochondrial_[Rattus_norvegicus]|0.78|0.78	GO:0003735|GO:0005761|GO:0032543
PRED|NP_001103305.1_anoctamin_9a_[Danio_rerio]|1.0|0.86	GO:0000786|GO:0003677|GO:0030527|GO:0046982
PRED|NP_001103306.1_uncharacterized_protein_LOC100126107_[Danio_rerio]|1.0|0.8	GO:0000786|GO:0003677|GO:0030527|GO:0046982
PRED|NP_001103717.1_bursicon_subunit_beta-related_polypeptide_precursor_[Strongylocentrotus_purpuratus]|0.92|0.7	GO:0001664|GO:0005184|GO:0005576|GO:0007186|GO:0031395
PRED|NP_001104025.1_histone_cluster_1_H2br_isoform_1_[Mus_musculus]|0.99|0.79	GO:0000786|GO:0003677|GO:0030527|GO:0046982
PRED|NP_001104597.1_histone_cluster_3_H2ba_[Rattus_norvegicus]|1.0|0.82	GO:0000786|GO:0003677|GO:0030527|GO:0046982
PRED|NP_001104686.1_uncharacterized_protein_LOC794406_[Danio_rerio]|0.52|0.7	GO:0000786|GO:0003677|GO:0030527|GO:0046982
PRED|NP_001104729.1_C-type_natriuretic_peptide_precursor_[Gallus_gallus]|0.9|0.8	GO:0005179|GO:0005576|GO:0006182|GO:0007168
PRED|NP_001104739.1_hemoglobin_subunit_beta-2_[Rattus_norvegicus]|0.98|0.78	GO:0004601|GO:0005344|GO:0005833|GO:0015671|GO:0019825|GO:0020037|GO:0031720|GO:0031721|GO:0031838|GO:0042744|GO:0043177|GO:0072562
PRED|NP_001104825.1_adipokinetic_hormone_1_precursor_[Bombyx_mori]|1.0|0.87	GO:0005179
PRED|NP_001104950.1_female_gametophyte-specific_protein_ES1_precursor_[Zea_mays]|1.0|0.92	GO:0006952
PRED|NP_001105358.1_histone_H2B.5_[Zea_mays]|0.67|0.82	GO:0000786|GO:0003677|GO:0030527|GO:0046982
PRED|NP_001105392.1_phospholipid_transfer_protein_precursor_[Zea_mays]|0.98|0.93	GO:0006869|GO:0008289
PRED|NP_001105620.2_female_gametophyte-specific_protein_ES4_precursor_[Zea_mays]|0.99|0.93	GO:0006952
PRED|NP_001106035.1_female_gametophyte-specific_protein_ES2_precursor_[Zea_mays]|0.99|0.91	GO:0006952
PRED|NP_001106385.1_liver-expressed_antimicrobial_peptide_2_precursor_[Xenopus_tropicalis]|0.97|0.88	GO:0042742|GO:0061844
PRED|NP_001106395.1_C-type_natriuretic_peptide_precursor_[Xenopus_tropicalis]|0.51|0.86	GO:0005179|GO:0005576|GO:0006182|GO:0007168
PRED|NP_001106563.1_syncollin_precursor_[Xenopus_tropicalis]|0.57|0.79	GO:0006887|GO:0030667
PRED|NP_001106566.1_H2A_clustered_histone_17_[Xenopus_tropicalis]|0.64|0.7	GO:0000786|GO:0003677|GO:0030527|GO:0046982
PRED|NP_001106694.1_hemoglobin_subunit_beta-2_[Rattus_norvegicus]|0.98|0.72	GO:0004601|GO:0005344|GO:0005833|GO:0015671|GO:0019825|GO:0020037|GO:0031720|GO:0031721|GO:0031838|GO:0042744|GO:0043177|GO:0072562
PRED|NP_001106760.2_midkine_isoform_1_precursor_[Gallus_gallus]|0.98|0.9	GO:0008083
PRED|NP_001107067.1_C-C_motif_chemokine_20b_precursor_[Danio_rerio]|0.99|0.8	GO:0005576|GO:0006955|GO:0008009
PRED|NP_001107095.1_phospholipase_A2_precursor_[Danio_rerio]|0.99|0.94	GO:0004623|GO:0005509|GO:0005543|GO:0006644|GO:0016042|GO:0047498
PRED|NP_001107111.1_chemokine_(C-C_motif)_ligand_39_duplicate_1_precursor_[Danio_rerio]|1.0|0.85	GO:0005576|GO:0006955|GO:0008009
PRED|NP_001107123.1_C-X-C_motif_chemokine_19_precursor_[Danio_rerio]|1.0|0.89	GO:0005576|GO:0006955|GO:0008009
PRED|NP_001107264.1_Ly6-C_antigen_like_1_precursor_[Rattus_norvegicus]|0.81|0.74	GO:0005886|GO:0030550|GO:0033130|GO:0095500
PRED|NP_001107714.1_C-X-C_motif_chemokine_14_precursor_[Xenopus_tropicalis]|0.99|0.86	GO:0005576|GO:0006955|GO:0008009
PRED|NP_001107797.1_adipokinetic_hormone_1_precursor_[Tribolium_castaneum]|0.61|0.78	GO:0005179
PRED|NP_001107818.1_adipokinetic_hormone_2_precursor_[Tribolium_castaneum]|1.0|0.72	GO:0005179
PRED|NP_001108476.2_pleiotrophin-like_protein_precursor_[Bombyx_mori]|0.67|0.73	GO:0005576|GO:0008201|GO:0048332
PRED|NP_001108521.2_chemokine_(C-C_motif)_ligand_34b_duplicate_4_precursor_[Danio_rerio]|0.83|0.91	GO:0005576|GO:0006955|GO:0008009
PRED|NP_001108528.1_chemokine_(C-C_motif)_ligand_35_duplicate_1_precursor_[Danio_rerio]|1.0|0.75	GO:0005576|GO:0006955|GO:0008009
PRED|NP_001108535.1_relaxin-3b_precursor_[Danio_rerio]|0.89|0.74	GO:0001664|GO:0005179|GO:0005576
PRED|NP_001108540.1_interleukin-8b.3_precursor_[Danio_rerio]|0.8|0.8	GO:0005576|GO:0006955|GO:0008009
PRED|NP_001108551.1_agouti-signaling_protein_precursor_[Gallus_gallus]|0.84|0.85	GO:0005184|GO:0005576|GO:0005615|GO:0009755|GO:0031779|GO:0032438
PRED|NP_001108575.1_chemokine_(C-C_motif)_ligand_39_duplicate_3_precursor_[Danio_rerio]|1.0|0.87	GO:0005576|GO:0006955|GO:0008009
PRED|NP_001112373.1_chorion_class_CA_protein_ERA.4_precursor_[Bombyx_mori]|0.68|0.78	GO:0005213|GO:0007275|GO:0007304|GO:0042600
PRED|NP_001112376.1_chorion_class_CA_protein_ERA.1_precursor_[Bombyx_mori]|0.86|0.87	GO:0005213|GO:0007275|GO:0007304|GO:0042600
PRED|NP_001112377.1_chorion_class_CA_protein_ERA.2_precursor_[Bombyx_mori]|0.57|0.88	GO:0005213|GO:0007275|GO:0007304|GO:0042600
PRED|NP_001112378.1_chorion_class_CA_protein_ERA.3_precursor_[Bombyx_mori]|0.61|0.8	GO:0005213|GO:0007275|GO:0007304|GO:0042600
PRED|NP_001116426.1_phospholipase_A2_group_V_precursor_[Mus_musculus]|0.7|0.85	GO:0004623|GO:0005509|GO:0005543|GO:0006644|GO:0016042|GO:0042130|GO:0047498|GO:0050482
PRED|NP_001116941.1_histone_H4_[Rattus_norvegicus]|0.95|0.84	GO:0003677|GO:0030527|GO:0046982
PRED|NP_001116980.1_histone_H2A.V_[Strongylocentrotus_purpuratus]|0.82|0.71	GO:0046982
PRED|NP_001118241.1_protachykinin-1_isoform_c_precursor_[Rattus_norvegicus]|0.98|0.71	GO:0005615|GO:0006954|GO:0007204|GO:0007217|GO:0031835
PRED|NP_001118321.1_lipid_transfer_protein_[Arabidopsis_thaliana]|0.98|0.87	GO:0006869|GO:0008289
PRED|NP_001119554.1_anaphase-promoting_complex_subunit_11_[Rattus_norvegicus]|0.56|0.93	GO:0005680|GO:0008270|GO:0031145|GO:0061630|GO:0097602
PRED|NP_001119566.1_28S_ribosomal_protein_S21_mitochondrial_[Rattus_norvegicus]|0.56|0.89	GO:0003735|GO:0005840|GO:0006412
PRED|NP_001119600.1_prokineticin-2_isoform_a_precursor_[Homo_sapiens]|0.86|0.87	GO:0001935
PRED|NP_001119733.1_bombyxin_E-1_precursor_[Bombyx_mori]|1.0|0.83	GO:0005179|GO:0005576
PRED|NP_001119734.1_bombyxin_F-1_precursor_[Bombyx_mori]|0.98|0.73	GO:0005179|GO:0005576
PRED|NP_001119735.1_bombyxin_C-2_precursor_[Bombyx_mori]|0.81|0.92	GO:0005179|GO:0005576|GO:0005615|GO:0008083
PRED|NP_001119736.1_bombyxin_C-1_precursor_[Bombyx_mori]|0.97|0.92	GO:0005179|GO:0005576|GO:0005615|GO:0008083
PRED|NP_001119885.1_chemokine_(C-X-C_motif)_ligand_11_duplicate_8_precursor_[Danio_rerio]|0.97|0.92	GO:0005576|GO:0006955|GO:0008009
PRED|NP_001120192.1_endothelial_cell-specific_molecule_1_precursor_[Xenopus_tropicalis]|0.83|0.78	GO:0001525|GO:0005171|GO:0005178|GO:0005576|GO:1902204
PRED|NP_001120440.1_phospholipase_A2_precursor_[Xenopus_tropicalis]|0.97|0.94	GO:0004623|GO:0005509|GO:0005543|GO:0006644|GO:0016042|GO:0047498
PRED|NP_001120852.1_serum_amyloid_A-2_protein_isoform_b_preproprotein_[Homo_sapiens]|0.99|0.76	GO:0005576
PRED|NP_001120865.1_ATP_synthase_F(0)_complex_subunit_j_mitochondrial_isoform_2_[Homo_sapiens]|0.6|0.87	GO:0005739|GO:0005753
PRED|NP_001121606.1_bombyxin_B-11_precursor_[Bombyx_mori]|0.51|0.82	GO:0005179|GO:0005576|GO:0005615|GO:0008083
PRED|NP_001121607.2_bombyxin_A-4_precursor_[Bombyx_mori]|0.75|0.9	GO:0005179|GO:0005576|GO:0005615|GO:0008083
PRED|NP_001121608.2_bombyxin_A-5_precursor_[Bombyx_mori]|0.86|0.87	GO:0005179|GO:0005576|GO:0005615|GO:0008083
PRED|NP_001121629.2_bombyxin_A-7_precursor_[Bombyx_mori]|0.77|0.9	GO:0005179|GO:0005576|GO:0005615|GO:0008083
PRED|NP_001121634.1_bombyxin_G-1_precursor_[Bombyx_mori]|0.94|0.83	GO:0005179|GO:0005576
PRED|NP_001121788.1_bombyxin_B-10_precursor_[Bombyx_mori]|0.91|0.87	GO:0005179|GO:0005576|GO:0005615|GO:0008083
PRED|NP_001121789.1_bombyxin_B-7_precursor_[Bombyx_mori]|0.95|0.9	GO:0005179|GO:0005576|GO:0005615|GO:0008083
PRED|NP_001121790.1_bombyxin_B-8_precursor_[Bombyx_mori]|0.62|0.93	GO:0005179|GO:0005576|GO:0005615|GO:0008083
PRED|NP_001121791.1_bombyxin_B-1_precursor_[Bombyx_mori]|0.81|0.91	GO:0005179|GO:0005576|GO:0005615|GO:0008083
PRED|NP_001121792.2_bombyxin_B-4_precursor_[Bombyx_mori]|0.88|0.91	GO:0005179|GO:0005576|GO:0005615|GO:0008083
PRED|NP_001121793.1_bombyxin_B-2_precursor_[Bombyx_mori]|0.84|0.9	GO:0005179|GO:0005576|GO:0005615|GO:0008083
PRED|NP_001121794.2_bombyxin_B-12_precursor_[Bombyx_mori]|0.94|0.88	GO:0005179|GO:0005576|GO:0005615|GO:0008083
PRED|NP_001121795.1_bombyxin_B-6_precursor_[Bombyx_mori]|0.91|0.92	GO:0005179|GO:0005576|GO:0005615|GO:0008083
PRED|NP_001122231.1_uncharacterized_protein_LOC570661_[Danio_rerio]|1.0|0.88	GO:0000786|GO:0003677|GO:0030527|GO:0046982
PRED|NP_001122247.1_uncharacterized_protein_LOC792613_precursor_[Danio_rerio]|0.67|0.81	GO:0005102|GO:0006954|GO:0050994
PRED|NP_001122249.1_liver-expressed_antimicrobial_peptide_2_precursor_[Danio_rerio]|1.0|0.93	GO:0042742|GO:0061844
PRED|NP_001122273.1_agouti_signaling_protein_1_precursor_[Danio_rerio]|0.98|0.82	GO:0005184|GO:0005576|GO:0005615|GO:0009755|GO:0031779|GO:0032438
PRED|NP_001123180.1_Transthyretin-like_family_protein_[Caenorhabditis_elegans]|0.61|0.71	GO:0009986
PRED|NP_001123366.1_chemokine_(C-C_motif)_ligand_35_duplicate_2_precursor_[Danio_rerio]|1.0|0.76	GO:0005576|GO:0006955|GO:0008009
PRED|NP_001123518.1_C-C_motif_chemokine_20_isoform_2_precursor_[Homo_sapiens]|1.0|0.94	GO:0005576|GO:0006955|GO:0008009
PRED|NP_001124023.1_secreted_Ly-6/uPAR_domain-containing_protein_2_precursor_[Rattus_norvegicus]|0.95|0.84	GO:0005886
PRED|NP_001124024.1_lymphocyte_antigen_6D_precursor_[Rattus_norvegicus]|0.91|0.72	GO:0009986|GO:0030098
PRED|NP_001124365.1_adipokinetic_hormone_2_precursor_[Bombyx_mori]|0.98|0.85	GO:0005179
PRED|NP_001129064.1_ubiquitin-ribosomal_protein_eS31_fusion_protein_precursor_[Homo_sapiens]|0.69|0.76	GO:0003735|GO:0005840|GO:0006412
PRED|NP_001129381.1_ribosomal_protein_L41_[Apis_mellifera]|0.97|0.8	GO:0003735|GO:0005840|GO:0006412
PRED|NP_001129382.1_ribosomal_protein_L41_[Tribolium_castaneum]|0.97|0.8	GO:0003735|GO:0005840|GO:0006412
PRED|NP_001129726.1_C-C_motif_chemokine_20a.3_precursor_[Danio_rerio]|0.98|0.94	GO:0005576|GO:0006955|GO:0008009
PRED|NP_001131457.1_Histone_H2B.3-like_[Zea_mays]|0.84|0.82	GO:0000786|GO:0003677|GO:0030527|GO:0046982
PRED|NP_001131585.1_histone_H4_[Zea_mays]|0.96|0.87	GO:0003677|GO:0030527|GO:0046982
PRED|NP_001131654.1_histone_H2B.2_[Zea_mays]|0.87|0.8	GO:0000786|GO:0003677|GO:0030527|GO:0046982
PRED|NP_001132936.1_elastase_2_precursor_[Danio_rerio]|0.82|0.72	GO:0004252|GO:0005615|GO:0006508
PRED|NP_001135739.1_chemokine_CCL-CUj_precursor_[Danio_rerio]|0.99|0.8	GO:0005576|GO:0006955|GO:0008009
PRED|NP_001136.1_angiogenin_precursor_[Homo_sapiens]|1.0|0.79	GO:0001525|GO:0003676|GO:0004540|GO:0005615|GO:0019731|GO:0045087|GO:0050830|GO:0061844
PRED|NP_001136015.1_non-histone_chromosomal_protein_HMG-17_[Danio_rerio]|0.84|0.76	GO:0000785|GO:0003682|GO:0005634|GO:0006325|GO:0031492
PRED|NP_001136889.1_uncharacterized_protein_LOC100217045_precursor_[Zea_mays]|0.51|0.85	GO:0000160|GO:0005634|GO:0005737|GO:0009736|GO:0009927|GO:0016310|GO:0043424
PRED|NP_001138796.1_IGF-like_peptide_precursor_[Bombyx_mori]|1.0|0.89	GO:0005179|GO:0005576
PRED|NP_001138861.1_galanin_isoform_2_precursor_[Gallus_gallus]|0.74|0.72	GO:0005179|GO:0005184|GO:0005576|GO:0005615|GO:0007218|GO:0030141|GO:0031763
PRED|NP_001138961.2_phospholipase_A2_group_IB_precursor_[Gallus_gallus]|0.85|0.89	GO:0004623|GO:0005102|GO:0005509|GO:0005543|GO:0006633|GO:0006644|GO:0016042|GO:0047498|GO:0048146
PRED|NP_001140951.1_histone_H2B.1_[Zea_mays]|0.81|0.82	GO:0000786|GO:0003677|GO:0030527|GO:0046982
PRED|NP_001141006.1_nonspecific_lipid-transfer_protein_AKCS9_precursor_[Zea_mays]|0.99|0.89	GO:0006869
PRED|NP_001141182.1_Histone_H2A_[Zea_mays]|0.68|0.72	GO:0000786|GO:0003677|GO:0030527|GO:0046982
PRED|NP_001141398.1_histone_H2B.4_[Zea_mays]|0.63|0.8	GO:0000786|GO:0003677|GO:0030527|GO:0046982
PRED|NP_001141626.1_Histone_H2B.4-like_[Zea_mays]|0.63|0.79	GO:0000786|GO:0003677|GO:0030527|GO:0046982
PRED|NP_001142082.1_histone_H2B.3_[Zea_mays]|0.8|0.8	GO:0000786|GO:0003677|GO:0030527|GO:0046982
PRED|NP_001142300.1_Probable_non-specific_lipid-transfer_protein_3-like_precursor_[Zea_mays]|0.99|0.92	GO:0006869|GO:0008289
PRED|NP_001143220.1_EPIDERMAL_PATTERNING_FACTOR-like_protein_9_precursor_[Zea_mays]|0.57|0.82	GO:2000123
PRED|NP_001144950.1_uncharacterized_protein_LOC100278086_precursor_[Zea_mays]|0.71|0.75	GO:0050832
PRED|NP_001145016.2_uncharacterized_protein_LOC103646559_precursor_[Zea_mays]|0.94|0.82	GO:0001709
PRED|NP_001146849.1_Non-specific_lipid-transfer_protein_2-like_precursor_[Zea_mays]|0.74|0.92	GO:0006869
PRED|NP_001146871.1_Bowman-Birk_type_trypsin_inhibitor_precursor_[Zea_mays]|0.76|0.87	GO:0004867|GO:0005576
PRED|NP_001146963.1_flower-specific_gamma-thionin_precursor_[Zea_mays]|1.0|0.91	GO:0006952
PRED|NP_001146981.1_flower-specific_gamma-thionin_precursor_[Zea_mays]|1.0|0.91	GO:0006952
PRED|NP_001146982.1_gamma-thionins_family_protein_precursor_[Zea_mays]|1.0|0.92	GO:0006952
PRED|NP_001146986.1_60S_ribosomal_protein_L39-like_isoform_2_[Zea_mays]|0.56|0.9	GO:0003735|GO:0005840|GO:0006412|GO:0022625
PRED|NP_001147001.1_Defensin-like_protein_CAL1-like_precursor_[Zea_mays]|1.0|0.94	GO:0006952
PRED|NP_001147163.2_RALF_precursor_[Zea_mays]|0.95|0.87	GO:0009506|GO:0019722
PRED|NP_001147309.2_metallothionein-like_protein_type_2_[Zea_mays]|0.52|0.85	GO:0046872
PRED|NP_001148038.2_PVR3-like_protein_precursor_[Zea_mays]|0.97|0.93	GO:0005504|GO:0009627
PRED|NP_001148299.2_Bowman-Birk_type_trypsin_inhibitor_precursor_[Zea_mays]|0.96|0.91	GO:0004867|GO:0005576
PRED|NP_001148335.1_Bowman-Birk_type_wound-induced_proteinase_inhibitor_WIP1_precursor_[Zea_mays]|0.95|0.93	GO:0004867|GO:0005576
PRED|NP_001148362.2_Non-specific_lipid-transfer_protein_3_precursor_[Zea_mays]|0.65|0.91	GO:0006869|GO:0008289
PRED|NP_001148364.1_Bowman-Birk_type_wound-induced_proteinase_inhibitor_WIP1_precursor_[Zea_mays]|0.97|0.9	GO:0004867|GO:0005576
PRED|NP_001148374.1_Defensin-like_protein_2_precursor_[Zea_mays]|1.0|0.95	GO:0006952
PRED|NP_001148389.2_Chemocyanin_precursor_[Zea_mays]|0.9|0.85	GO:0005886|GO:0009055
PRED|NP_001149097.1_ribosomal_protein_L36-like_[Zea_mays]|0.86|0.71	GO:0003735|GO:0005840|GO:0006412
PRED|NP_001149230.2_Defensin-like_protein_CAL1_precursor_[Zea_mays]|1.0|0.96	GO:0006952
PRED|NP_001149446.1_rapid_alkalinization_factor_1_precursor_[Zea_mays]|0.84|0.85	GO:0009506|GO:0019722
PRED|NP_001149502.1_lipid_binding_protein_precursor_[Zea_mays]|0.96|0.91	GO:0005504|GO:0009627
PRED|NP_001149680.1_nonspecific_lipid-transfer_protein_precursor_[Zea_mays]|0.92|0.88	GO:0006869
PRED|NP_001150064.2_nonspecific_lipid-transfer_protein_precursor_[Zea_mays]|0.95|0.92	GO:0006869
PRED|NP_001150150.2_non-specific_lipid-transfer_protein_precursor_[Zea_mays]|0.81|0.78	GO:0006869|GO:0008289
PRED|NP_001150159.1_uncharacterized_protein_LOC100283788_precursor_[Zea_mays]|0.94|0.87	GO:0005504|GO:0009627
PRED|NP_001150243.1_uncharacterized_protein_LOC100283873_[Zea_mays]|0.79|0.8	GO:0005783|GO:0030968
PRED|NP_001150534.2_alpha-expansin_6_precursor_[Zea_mays]|0.61|0.7	GO:0005576|GO:0009664
PRED|NP_001150550.1_40S_ribosomal_protein_S30-like_[Zea_mays]|0.93|0.88	GO:0003735|GO:0005840|GO:0006412|GO:0022627
PRED|NP_001150566.1_nonspecific_lipid-transfer_protein_precursor_[Zea_mays]|0.8|0.93	GO:0006869
PRED|NP_001150599.1_Protein_RALF-like_22_precursor_[Zea_mays]|0.99|0.87	GO:0009506|GO:0019722
PRED|NP_001150677.1_RALFL33_precursor_[Zea_mays]|0.78|0.84	GO:0009506|GO:0019722
PRED|NP_001151008.2_PVR3-like_protein_precursor_[Zea_mays]|0.9|0.88	GO:0005504|GO:0009627
PRED|NP_001151364.2_Non-specific_lipid-transfer_protein_precursor_[Zea_mays]|0.72|0.87	GO:0005504|GO:0009627
PRED|NP_001152007.2_RALFL33_[Zea_mays]|0.53|0.9	GO:0009506|GO:0019722
PRED|NP_001152008.1_nonspecific_lipid-transfer_protein_AKCS9_precursor_[Zea_mays]|0.96|0.94	GO:0006869
PRED|NP_001152442.1_RALF_precursor_[Zea_mays]|0.93|0.79	GO:0009506|GO:0019722
PRED|NP_001152655.1_uncharacterized_LOC100286296_[Zea_mays]|0.85|0.89	GO:0006952
PRED|NP_001152704.1_low-molecular-weight_cysteine-rich_protein_LCR70_precursor_[Zea_mays]|1.0|0.86	GO:0006952
PRED|NP_001152925.1_Defensin-like_protein_precursor_[Zea_mays]|1.0|0.93	GO:0006952
PRED|NP_001153210.1_C-C_motif_chemokine_20_isoform_2_precursor_[Mus_musculus]|0.99|0.89	GO:0005576|GO:0006955|GO:0008009
PRED|NP_001153668.1_histone_H2B-like_protein_[Bombyx_mori]|0.99|0.79	GO:0000786|GO:0003677|GO:0030527|GO:0046982
PRED|NP_001153669.1_histone_H4-like_protein_[Bombyx_mori]|0.96|0.84	GO:0003677|GO:0030527|GO:0046982
PRED|NP_001153675.1_male_reproductive_organ_serine_protease_2_precursor_[Bombyx_mori]|0.68|0.87	GO:0004252|GO:0005615|GO:0006508
PRED|NP_001153703.1_40S_ribosomal_protein_S30_precursor_[Rattus_norvegicus]|1.0|0.87	GO:0003735|GO:0005840|GO:0006412|GO:0022627
PRED|NP_001153704.1_40S_ribosomal_protein_S30_precursor_[Rattus_norvegicus]|1.0|0.87	GO:0003735|GO:0005840|GO:0006412|GO:0022627
PRED|NP_001153711.1_ubiquitin-like_FUBI-ribosomal_protein_eS30_fusion_protein_[Mus_musculus]|1.0|0.8	GO:0003735|GO:0005840|GO:0006412|GO:0022627
PRED|NP_001154459.1_ROTUNDIFOLIA_like_15_[Arabidopsis_thaliana]|0.63|0.89	GO:0008285
PRED|NP_001154806.1_histone_H2B_type_2-F_isoform_b_[Homo_sapiens]|1.0|0.71	GO:0000786|GO:0003677|GO:0030527|GO:0046982
PRED|NP_001154969.1_cytochrome_c_oxidase_assembly_factor_5_[Danio_rerio]|0.89|0.81	GO:0005739|GO:0033617
PRED|NP_001155199.1_phospholipase_A2_membrane_associated_precursor_[Homo_sapiens]|1.0|0.92	GO:0004623|GO:0005509|GO:0005543|GO:0006644|GO:0016042|GO:0042130|GO:0047498
PRED|NP_001155200.1_phospholipase_A2_membrane_associated_precursor_[Homo_sapiens]|1.0|0.92	GO:0004623|GO:0005509|GO:0005543|GO:0006644|GO:0016042|GO:0042130|GO:0047498
PRED|NP_001155201.1_phospholipase_A2_membrane_associated_precursor_[Homo_sapiens]|1.0|0.9	GO:0004623|GO:0005509|GO:0005543|GO:0006644|GO:0016042|GO:0042130|GO:0047498
PRED|NP_001155203.1_angiogenin_precursor_[Mus_musculus]|0.94|0.76	GO:0001525|GO:0003676|GO:0004540|GO:0005615|GO:0019731|GO:0045087|GO:0050830|GO:0061844
PRED|NP_001155870.1_translocase_of_outer_membrane_7_[Apis_mellifera]|0.69|0.73	GO:0005742|GO:0030150|GO:1903955
PRED|NP_001156335.1_inactive_ribonuclease-like_protein_10_isoform_2_precursor_[Mus_musculus]|0.71|0.79	GO:0003676|GO:0050830
PRED|NP_001157083.1_neuropeptide_S_precursor_[Mus_musculus]|0.58|0.87	GO:0005576|GO:0007218
PRED|NP_001157688.1_reactive_oxygen_species_modulator_1_[Mus_musculus]|1.0|0.9	GO:0005744|GO:0030150|GO:0045039
PRED|NP_001157689.1_reactive_oxygen_species_modulator_1_[Mus_musculus]|1.0|0.9	GO:0005744|GO:0030150|GO:0045039
PRED|NP_001158051.1_modulator_of_smoothened_protein_precursor_[Homo_sapiens]|0.52|0.7	GO:0005794|GO:0045879|GO:0060170
PRED|NP_001158052.1_modulator_of_smoothened_protein_isoform_1_[Mus_musculus]|0.52|0.7	GO:0005794|GO:0045879|GO:0060170
PRED|NP_001158259.1_small_proline-rich_protein_2A1_[Mus_musculus]|0.98|0.91	GO:0001533
PRED|NP_001159596.1_apelin_precursor_[Danio_rerio]|0.99|0.81	GO:0005179|GO:0007165|GO:0031704
PRED|NP_001159622.2_general_odorant-binding_protein_56d_[Bombyx_mori]|0.77|0.78	GO:0005549|GO:0005615|GO:0007608
PRED|NP_001160156.1_glycoprotein_hormone_alpha-2_precursor_[Danio_rerio]|0.81|0.88	GO:0005179|GO:0005576|GO:0005615|GO:0007166|GO:0051427
PRED|NP_001161262.1_alpha-defensin_17_preproprotein_[Mus_musculus]|1.0|0.88	GO:0005576|GO:0006952
PRED|NP_001161327.1_NADH_dehydrogenase_[ubiquinone]_1_alpha_subcomplex_subunit_1_[Danio_rerio]|0.54|0.91	GO:0005747
PRED|NP_001163293.1_Ion_transport_peptide_isoform_E_[Drosophila_melanogaster]|0.97|0.72	GO:0005184|GO:0005576|GO:0007623
PRED|NP_001163294.1_Ion_transport_peptide_isoform_F_[Drosophila_melanogaster]|0.95|0.71	GO:0005184|GO:0005576|GO:0007623
PRED|NP_001164244.1_glycoprotein_hormone_alpha_2_precursor_[Tribolium_castaneum]|0.53|0.83	GO:0005615|GO:0007166|GO:0051427
PRED|NP_001164426.1_uncharacterized_protein_LOC100041811_precursor_[Mus_musculus]|1.0|0.89	GO:0005576|GO:0006952
PRED|NP_001165069.1_cytochrome_c_oxidase_subunit_7B_mitochondrial_[Xenopus_tropicalis]|0.53|0.93	GO:0005739|GO:0006123|GO:0045277
PRED|NP_001165117.1_reactive_oxygen_species_modulator_1_[Xenopus_tropicalis]|1.0|0.79	GO:0005744|GO:0030150|GO:0045039
PRED|NP_001165135.1_60S_ribosomal_protein_L39_[Xenopus_tropicalis]|0.69|0.89	GO:0003735|GO:0005840|GO:0006412|GO:0022625
PRED|NP_001165146.1_apelin_preproprotein_[Xenopus_tropicalis]|0.99|0.8	GO:0005179|GO:0005615|GO:0007165|GO:0031704
PRED|NP_001165148.1_60S_ribosomal_protein_L29_[Gallus_gallus]|0.58|0.86	GO:0002181|GO:0003735|GO:0005840|GO:0006412|GO:0022625
PRED|NP_001165577.1_prostate_stem_cell_antigen_precursor_[Rattus_norvegicus]|0.74|0.71	GO:0005886
PRED|NP_001165757.1_protachykinin-1_precursor_[Xenopus_tropicalis]|0.8|0.74	GO:0007217
PRED|NP_001165870.1_prokineticin-2_precursor_[Danio_rerio]|0.9|0.85	GO:0001935
PRED|NP_001166147.1_chemokine_(C-C_motif)_ligand_33_duplicate_3_precursor_[Danio_rerio]|0.86|0.83	GO:0005576|GO:0006955|GO:0008009
PRED|NP_001166644.1_cuticular_protein_RR-2_motif_126_precursor_[Bombyx_mori]|0.58|0.86	GO:0005615|GO:0031012
PRED|NP_001166650.1_cuticular_protein_RR-2_motif_118_precursor_[Bombyx_mori]|0.94|0.73	GO:0005615|GO:0031012
PRED|NP_001166652.1_cuticular_protein_RR-2_motif_116_precursor_[Bombyx_mori]|0.81|0.73	GO:0005615|GO:0031012
PRED|NP_001166776.1_cuticular_protein_hypothetical_1_precursor_[Bombyx_mori]|0.86|0.92	GO:0042302
PRED|NP_001166843.1_FXYD_domain-containing_ion_transport_regulator_4_precursor_[Mus_musculus]|0.51|0.86	GO:0016020|GO:0043269|GO:0099106
PRED|NP_001166890.1_bombyxin_A-3_precursor_[Bombyx_mori]|0.75|0.89	GO:0005179|GO:0005576|GO:0005615|GO:0008083
PRED|NP_001167609.1_cholecystokinin_preproprotein_[Homo_sapiens]|0.56|0.71	GO:0005179|GO:0005184|GO:0005576|GO:0005615|GO:0007586|GO:0030424
PRED|NP_001170872.1_kunitz-type_protease_inhibitor_3_precursor_[Mus_musculus]|1.0|0.93	GO:0004867|GO:0005615
PRED|NP_001170884.1_ubiquitin-ribosomal_protein_eS31_fusion_protein_precursor_[Homo_sapiens]|0.69|0.76	GO:0003735|GO:0005840|GO:0006412
PRED|NP_001170952.1_uncharacterized_protein_LOC100041688_precursor_[Mus_musculus]|1.0|0.88	GO:0005576|GO:0006952
PRED|NP_001170956.1_uncharacterized_protein_LOC100038927_precursor_[Mus_musculus]|1.0|0.89	GO:0005576|GO:0006952
PRED|NP_001170957.1_uncharacterized_protein_LOC100041759_precursor_[Mus_musculus]|1.0|0.88	GO:0005576|GO:0006952
PRED|NP_001170958.1_uncharacterized_protein_LOC100041787_precursor_[Mus_musculus]|1.0|0.89	GO:0005576|GO:0006952
PRED|NP_001170992.1_uncharacterized_protein_LOC100041890_precursor_[Mus_musculus]|1.0|0.86	GO:0005576|GO:0006952
PRED|NP_001170993.1_alpha-defensin_5-like_precursor_[Mus_musculus]|1.0|0.88	GO:0005576|GO:0006952
PRED|NP_001170994.1_defensin-6_precursor_[Mus_musculus]|1.0|0.86	GO:0005576|GO:0006952
PRED|NP_001170999.1_uncharacterized_protein_LOC100041952_precursor_[Mus_musculus]|1.0|0.88	GO:0005576|GO:0006952
PRED|NP_001171124.1_histone_H2B_type_1-C/E/G_[Mus_musculus]|1.0|0.79	GO:0000786|GO:0003677|GO:0030527|GO:0046982
PRED|NP_001171319.1_WAP_four-disulfide_core_domain_protein_6A_isoform_1_precursor_[Mus_musculus]|0.73|0.83	GO:0005615|GO:0010466
PRED|NP_001171407.1_chemokine_(C-C_motif)_ligand_34b_duplicate_9_precursor_[Danio_rerio]|0.54|0.78	GO:0005576|GO:0006955|GO:0008009
PRED|NP_001171477.2_serum_amyloid_A-1_protein_preproprotein_[Homo_sapiens]|0.98|0.86	GO:0005576
PRED|NP_001171605.1_stromal_cell-derived_factor_1_isoform_delta_precursor_[Homo_sapiens]|1.0|0.84	GO:0005576|GO:0006955|GO:0008009
PRED|NP_001171686.2_group_10_secretory_phospholipase_A2_precursor_[Gallus_gallus]|0.96|0.92	GO:0004623|GO:0005509|GO:0005543|GO:0006644|GO:0016042|GO:0047498
PRED|NP_001171878.1_group_IIE_secretory_phospholipase_A2_precursor_[Gallus_gallus]|1.0|0.93	GO:0004623|GO:0005509|GO:0005543|GO:0006644|GO:0016042|GO:0047498
PRED|NP_001172012.1_insulin-2_preproprotein_[Mus_musculus]|0.94|0.94	GO:0005179|GO:0005576
PRED|NP_001172013.1_insulin-2_preproprotein_[Mus_musculus]|0.94|0.94	GO:0005179|GO:0005576
PRED|NP_001172026.1_insulin_preproprotein_[Homo_sapiens]|0.97|0.87	GO:0005179|GO:0005576
PRED|NP_001172027.1_insulin_preproprotein_[Homo_sapiens]|0.97|0.87	GO:0005179|GO:0005576
PRED|NP_001177365.1_ubiquitin-like_FUBI-ribosomal_protein_eS30_fusion_protein_[Mus_musculus]|1.0|0.87	GO:0003735|GO:0005840|GO:0006412|GO:0022627
PRED|NP_001178021.1_C-C_motif_chemokine_1_precursor_[Rattus_norvegicus]|1.0|0.93	GO:0005576|GO:0005615|GO:0006954|GO:0006955|GO:0008009|GO:0030335|GO:0043547|GO:0048020|GO:0048245|GO:0060326|GO:0061844|GO:0070098
PRED|NP_001178920.1_chemokine-like_protein_TAFA-5_precursor_[Rattus_norvegicus]|0.88|0.86	GO:0001664|GO:0005615|GO:0007186|GO:0048018
PRED|NP_001180303.1_resistin_isoform_a_precursor_[Homo_sapiens]|0.99|0.87	GO:0005179|GO:0005576|GO:0005615
PRED|NP_001180595.1_C-C_motif_chemokine_21b_precursor_[Mus_musculus]|0.99|0.76	GO:0005576|GO:0006955|GO:0008009
PRED|NP_001180597.1_C-C_motif_chemokine_21b_precursor_[Mus_musculus]|0.99|0.76	GO:0005576|GO:0006955|GO:0008009
PRED|NP_001182219.1_serine_protease_inhibitor_Kazal-type_6_precursor_[Homo_sapiens]|1.0|0.92	GO:0004867
PRED|NP_001182350.1_histone_H4_[Mus_musculus]|0.95|0.83	GO:0003677|GO:0030527|GO:0046982
PRED|NP_001182417.1_uncharacterized_protein_LOC503252_[Rattus_norvegicus]|0.72|0.73	GO:0005739|GO:0033617
PRED|NP_001182419.1_reactive_oxygen_species_modulator_1_[Rattus_norvegicus]|1.0|0.9	GO:0005744|GO:0030150|GO:0045039
PRED|NP_001182563.2_alpha-defensin_2_precursor_[Mus_musculus]|1.0|0.86	GO:0005576|GO:0006952
PRED|NP_001182987.1_Histone_H2B.1_[Zea_mays]|0.83|0.82	GO:0000786|GO:0003677|GO:0030527|GO:0046982
PRED|NP_001183097.1_Histone_H2B.2_[Zea_mays]|0.83|0.81	GO:0000786|GO:0003677|GO:0030527|GO:0046982
PRED|NP_001183143.1_Histone_H2A_[Zea_mays]|0.73|0.8	GO:0000786|GO:0003677|GO:0030527|GO:0046982
PRED|NP_001183227.1_Histone_H2B.2_[Zea_mays]|0.86|0.82	GO:0000786|GO:0003677|GO:0030527|GO:0046982
PRED|NP_001183439.1_Histone_H2A-like_[Zea_mays]|0.73|0.75	GO:0000786|GO:0003677|GO:0030527|GO:0046982
PRED|NP_001183510.1_Probable_histone_H2A.5_[Zea_mays]|0.88|0.72	GO:0000786|GO:0003677|GO:0030527|GO:0046982
PRED|NP_001183565.1_Histone_H2B.2_[Zea_mays]|0.84|0.82	GO:0000786|GO:0003677|GO:0030527|GO:0046982
PRED|NP_001185750.1_reactive_oxygen_species_modulator_1_[Gallus_gallus]|1.0|0.84	GO:0005744|GO:0030150|GO:0045039
PRED|NP_001185915.1_SPINLW1-WFDC6_fusion_protein_precursor_[Homo_sapiens]|0.92|0.77	GO:0005615|GO:0010466
PRED|NP_001186609.1_large_ribosomal_subunit_protein_bL34m_isoform_1_[Danio_rerio]|0.74|0.71	GO:0003735|GO:0005762|GO:0005840|GO:0006412
PRED|NP_001186880.1_lysozyme-like_protein_6_precursor_[Homo_sapiens]|0.99|0.78	GO:0001669|GO:0003796|GO:0007342|GO:0036126
PRED|NP_001186964.1_C-C_motif_chemokine_25b_precursor_[Danio_rerio]|1.0|0.91	GO:0005576|GO:0006955|GO:0008009
PRED|NP_001188288.1_C-C_motif_chemokine_25_isoform_2_precursor_[Homo_sapiens]|0.99|0.81	GO:0005576|GO:0006955|GO:0008009
PRED|NP_001188299.1_RING-box_protein_2_isoform_4_[Homo_sapiens]|0.77|0.88	GO:0008270
PRED|NP_001188320.1_hemoglobin_beta_adult_s_chain_[Mus_musculus]|0.98|0.75	GO:0004601|GO:0005344|GO:0005833|GO:0015671|GO:0019825|GO:0020037|GO:0031720|GO:0031721|GO:0031838|GO:0042744|GO:0043177|GO:0072562
PRED|NP_001188398.1_metallothionein-B-like_[Danio_rerio]|0.64|0.94	GO:0046872
PRED|NP_001188979.1_Odorant-binding_protein_56h_isoform_B_[Drosophila_melanogaster]|1.0|0.74	GO:0005549
PRED|NP_001189116.1_uncharacterized_protein_Dmel_CG42716_[Drosophila_melanogaster]|0.93|0.91	GO:0004867|GO:0005615
PRED|NP_001189271.1_uncharacterized_protein_Dmel_CG42828_[Drosophila_melanogaster]|0.96|0.93	GO:0005615|GO:0007179|GO:0048019|GO:0050431
PRED|NP_001189306.1_eukaryotic_translation_initiation_factor_4E6_isoform_B_[Drosophila_melanogaster]|0.79|0.71	GO:0000340|GO:0003723|GO:0003743|GO:0006413|GO:0016281
PRED|NP_001189307.1_eukaryotic_translation_initiation_factor_4E6_isoform_C_[Drosophila_melanogaster]|0.79|0.71	GO:0000340|GO:0003723|GO:0003743|GO:0006413|GO:0016281
PRED|NP_001189842.1_lipid_transfer_protein_6_[Arabidopsis_thaliana]|1.0|0.72	GO:0006869|GO:0008289
PRED|NP_001191424.1_histone_3_[Aplysia_californica]|0.5|0.74	GO:0000786|GO:0003677|GO:0030527|GO:0046982
PRED|NP_001191641.1_glycoprotein_hormone_alpha_subunit_[Aplysia_californica]|0.76|0.87	GO:0005615|GO:0007166|GO:0051427
PRED|NP_001191888.1_resistin_precursor_[Mus_musculus]|0.92|0.91	GO:0005179|GO:0005576|GO:0005615
PRED|NP_001191958.1_nuclear_protein_MDM1_isoform_3_[Homo_sapiens]|0.97|0.76	GO:0008017|GO:0046600
PRED|NP_001192195.1_beta-defensin_4B_precursor_[Homo_sapiens]|1.0|0.93	GO:0005576|GO:0005615|GO:0006952|GO:0031731|GO:0042056|GO:0042742|GO:0060326
PRED|NP_001193613.1_protein_GPR15LG_precursor_[Mus_musculus]|1.0|0.92	GO:0001664
PRED|NP_001193935.1_interleukin-21_isoform_2_precursor_[Homo_sapiens]|0.98|0.74	GO:0005126|GO:0005576|GO:0006955|GO:0045954
PRED|NP_001229615.1_histone_H2B-like_[Strongylocentrotus_purpuratus]|0.94|0.88	GO:0000786|GO:0003677|GO:0030527|GO:0046982
PRED|NP_001229782.1_beta-defensin_131B_precursor_[Homo_sapiens]|1.0|0.84	GO:0005615
PRED|NP_001230174.1_bone_marrow_proteoglycan_isoform_2_preproprotein_[Homo_sapiens]|0.81|0.86	GO:0006955
PRED|NP_001232823.1_40S_ribosomal_protein_S30_[Zea_mays]|0.93|0.89	GO:0003735|GO:0005840|GO:0006412|GO:0022627
PRED|NP_001232879.1_nonspecific_lipid-transfer_protein_3_precursor_[Zea_mays]|0.67|0.71	GO:0006869|GO:0008289
PRED|NP_001232914.1_prolactin-releasing_peptide_precursor_[Danio_rerio]|0.68|0.73	GO:0005179|GO:0005184|GO:0007186|GO:0007631|GO:0031861|GO:0043434
PRED|NP_001233112.1_lysozyme-like_protein_4_precursor_[Rattus_norvegicus]|0.98|0.85	GO:0001669|GO:0003796|GO:0007342|GO:0036126
PRED|NP_001233222.1_C-C_motif_chemokine_ligand_20_precursor_[Takifugu_rubripes]|0.94|0.89	GO:0005576|GO:0006955|GO:0008009
PRED|NP_001233223.1_C-X-C_motif_chemokine_13_precursor_[Takifugu_rubripes]|0.99|0.85	GO:0005576|GO:0006955|GO:0008009
PRED|NP_001233248.1_centromere_protein_W_[Rattus_norvegicus]|0.95|0.74	GO:0000278|GO:0000776|GO:0003677|GO:0005654|GO:0007059|GO:0046982|GO:0051382
PRED|NP_001234987.2_protease_inhibitor_precursor_[Glycine_max]|1.0|0.92	GO:0006952
PRED|NP_001235077.2_RALF_domain-containing_protein_precursor_[Glycine_max]|0.79|0.89	GO:0009506|GO:0019722
PRED|NP_001235108.1_alpha-amylase_inhibitor/lipid_transfer/seed_storage_family_protein_precursor_[Glycine_max]|0.99|0.85	GO:0006869
PRED|NP_001235162.1_uncharacterized_protein_LOC100499726_precursor_[Glycine_max]|0.59|0.88	GO:0006869|GO:0008289
PRED|NP_001235199.1_Putative_lipid-transfer_protein_DIR1_precursor_[Glycine_max]|0.68|0.89	GO:0005504|GO:0009627
PRED|NP_001235288.1_Putative_lipid-transfer_protein_DIR1-like_precursor_[Glycine_max]|0.87|0.85	GO:0005504|GO:0009627
PRED|NP_001235375.1_uncharacterized_protein_LOC100305948_precursor_[Glycine_max]|0.81|0.92	GO:0005886|GO:0009055
PRED|NP_001235382.1_Putative_lipid-transfer_protein_DIR1-like_precursor_[Glycine_max]|0.99|0.9	GO:0005504|GO:0009627
PRED|NP_001235392.1_pectinesterase_inhibitor_domain-containing_protein_precursor_[Glycine_max]|0.93|0.74	GO:0004857|GO:0043086
PRED|NP_001235444.1_uncharacterized_protein_LOC100500513_precursor_[Glycine_max]|0.8|0.8	GO:0009506|GO:0019722
PRED|NP_001235770.1_Histone_H2AX-like_[Glycine_max]|0.8|0.7	GO:0000786|GO:0003677|GO:0030527|GO:0046982
PRED|NP_001235921.1_histone_superfamily_protein_[Glycine_max]|0.93|0.83	GO:0000786|GO:0003677|GO:0030527|GO:0046982
PRED|NP_001235941.1_Pathogenesis-related_protein_PR-4B-like_precursor_[Glycine_max]|0.71|0.77	GO:0004540|GO:0006952
PRED|NP_001236215.2_Bowman-Birk_type_proteinase_inhibitor_D-II_precursor_[Glycine_max]|0.97|0.84	GO:0004867|GO:0005576
PRED|NP_001236239.1_histone_superfamily_protein_[Glycine_max]|0.92|0.81	GO:0000786|GO:0003677|GO:0030527|GO:0046982
PRED|NP_001236253.1_uncharacterized_protein_LOC100306011_precursor_[Glycine_max]|0.96|0.8	GO:0006869|GO:0008289
PRED|NP_001236334.1_uncharacterized_protein_LOC100306273_precursor_[Glycine_max]|0.61|0.85	GO:0005504|GO:0009627
PRED|NP_001236353.2_Bowman-Birk_type_proteinase_inhibitor_precursor_[Glycine_max]|0.88|0.81	GO:0004867|GO:0005576
PRED|NP_001236410.1_alpha-amylase_inhibitor/lipid_transfer/seed_storage_family_protein_precursor_[Glycine_max]|0.92|0.85	GO:0005504|GO:0009627
PRED|NP_001236539.1_putative_Bowman-Birk_type_protease_inhibitor_precursor_[Glycine_max]|0.9|0.89	GO:0004867|GO:0005576
PRED|NP_001236550.2_expansin_precursor_[Glycine_max]|0.67|0.7	GO:0005576|GO:0009664
PRED|NP_001236847.1_uncharacterized_protein_LOC100306055_[Glycine_max]|0.56|0.93	GO:0006869|GO:0008289
PRED|NP_001236851.1_Putative_lipid-transfer_protein_DIR1-like_precursor_[Glycine_max]|0.98|0.89	GO:0005504|GO:0009627
PRED|NP_001236948.1_uncharacterized_protein_LOC100306062_precursor_[Glycine_max]|0.84|0.73	GO:0006869|GO:0008289
PRED|NP_001236987.2_Bowman-Birk_type_proteinase_inhibitor_precursor_[Glycine_max]|0.98|0.81	GO:0004867|GO:0005576
PRED|NP_001237097.2_RALF_domain-containing_protein_precursor_[Glycine_max]|0.92|0.83	GO:0009506|GO:0019722
PRED|NP_001237117.1_Putative_lipid-transfer_protein_DIR1-like_[Glycine_max]|0.9|0.93	GO:0005504|GO:0009627
PRED|NP_001237170.1_uncharacterized_protein_LOC100499869_precursor_[Glycine_max]|0.8|0.92	GO:0005886|GO:0009055
PRED|NP_001237495.1_histone_H4_[Glycine_max]|0.96|0.87	GO:0003677|GO:0030527|GO:0046982
PRED|NP_001237531.1_putative_plantacyanin_precursor_[Glycine_max]|0.82|0.85	GO:0005886|GO:0009055
PRED|NP_001237714.2_albumin-1_precursor_[Glycine_max]|0.82|0.8	GO:0045735
PRED|NP_001237759.1_uncharacterized_protein_LOC100306626_[Glycine_max]|0.88|0.86	GO:0006412
PRED|NP_001237892.1_histone_superfamily_protein_[Glycine_max]|0.84|0.78	GO:0000786|GO:0003677|GO:0030527|GO:0046982
PRED|NP_001238031.1_uncharacterized_protein_LOC100500178_precursor_[Glycine_max]|0.98|0.81	GO:0006869|GO:0008289
PRED|NP_001238143.1_uncharacterized_protein_LOC100500441_[Glycine_max]|0.81|0.81	GO:0005789|GO:0005794|GO:0006816|GO:0032469
PRED|NP_001238176.2_alpha-amylase_inhibitor/lipid_transfer/seed_storage_family_protein_precursor_[Glycine_max]|0.57|0.9	GO:0006869|GO:0008289
PRED|NP_001238303.1_uncharacterized_protein_LOC100305635_precursor_[Glycine_max]|0.52|0.78	GO:0005504|GO:0009627
PRED|NP_001238322.1_alpha-amylase_inhibitor/lipid_transfer/seed_storage_family_protein_[Glycine_max]|0.53|0.93	GO:0005504|GO:0009627
PRED|NP_001238367.2_Bowman-Birk_type_proteinase_inhibitor_C-II_precursor_[Glycine_max]|0.99|0.81	GO:0004867|GO:0005576
PRED|NP_001238401.1_alpha-amylase_inhibitor/lipid_transfer/seed_storage_family_protein_precursor_[Glycine_max]|0.98|0.91	GO:0006869
PRED|NP_001238409.2_Bowman-Birk_type_proteinase_inhibitor_C-II_precursor_[Glycine_max]|0.99|0.79	GO:0004867|GO:0005576
PRED|NP_001238490.1_uncharacterized_protein_LOC100500207_precursor_[Glycine_max]|0.97|0.9	GO:0005504|GO:0009627
PRED|NP_001238547.2_Bowman-Birk_type_proteinase_inhibitor_precursor_[Glycine_max]|0.98|0.81	GO:0004867|GO:0005576
PRED|NP_001238593.2_repetitive_proline-rich_cell_wall_protein_2_precursor_[Glycine_max]|0.79|0.71	GO:0005199|GO:0005576
PRED|NP_001239239.1_chemokine-like_protein_TAFA-5_isoform_1_precursor_[Mus_musculus]|0.88|0.83	GO:0001664|GO:0005615|GO:0007186|GO:0048018
PRED|NP_001240073.1_non-specific_lipid-transfer_protein_3-like_precursor_[Glycine_max]|1.0|0.92	GO:0006869|GO:0008289
PRED|NP_001240136.1_expansin_4_precursor_[Glycine_max]|0.72|0.7	GO:0005576|GO:0009664
PRED|NP_001240892.1_alpha-amylase_inhibitor/lipid_transfer/seed_storage_family_protein_precursor_[Glycine_max]|0.85|0.85	GO:0005504|GO:0009627
PRED|NP_001241103.1_non-specific_lipid-transfer_protein-like_precursor_[Glycine_max]|0.99|0.9	GO:0006869|GO:0008289
PRED|NP_001241144.1_non-specific_lipid-transfer_protein_3-like_precursor_[Glycine_max]|1.0|0.93	GO:0006869|GO:0008289
PRED|NP_001242744.2_60S_ribosomal_protein_L30-like_[Glycine_max]|0.63|0.88	GO:0003723
PRED|NP_001242978.1_expansin-A4-like_precursor_[Glycine_max]|0.87|0.72	GO:0005576|GO:0009664
PRED|NP_001243939.1_immune-related_protein_2_precursor_[Bombyx_mori]|0.59|0.73	GO:0016020
PRED|NP_001246794.1_Ubiquinol-cytochrome_c_reductase_6.4_kDa_subunit-like_[Drosophila_melanogaster]|0.9|0.8	GO:0005743|GO:0006122
PRED|NP_001248346.1_histone_H4_[Aplysia_californica]|0.94|0.88	GO:0003677|GO:0030527|GO:0046982
PRED|NP_001254560.1_follicle_stimulating_hormone_beta_subunit_precursor_[Gasterosteus_aculeatus]|0.76|0.78	GO:0005179|GO:0005576
PRED|NP_001254628.1_small_ribosomal_subunit_protein_eS1_isoform_2_[Homo_sapiens]|0.66|0.89	GO:0003735|GO:0005840|GO:0006412
PRED|NP_001254710.1_prostate_and_testis_expressed_protein_2_precursor_[Rattus_norvegicus]|0.62|0.71	GO:0005615
PRED|NP_001255763.1_60S_ribosomal_protein_L29_[Caenorhabditis_elegans]|0.86|0.82	GO:0002181|GO:0003735|GO:0005840|GO:0006412|GO:0022625
PRED|NP_001256812.1_TransThyretin-Related_family_domain_[Caenorhabditis_elegans]|0.67|0.74	GO:0009986
PRED|NP_001256814.1_TransThyretin-Related_family_domain_[Caenorhabditis_elegans]|0.97|0.77	GO:0009986
PRED|NP_001257289.1_C-C_motif_chemokine_21b_precursor_[Mus_musculus]|0.99|0.77	GO:0005576|GO:0006955|GO:0008009
PRED|NP_001257470.1_androgen-binding_protein_precursor_[Mus_musculus]|0.62|0.74	GO:0005615
PRED|NP_001257479.1_midkine_isoform_a_precursor_[Homo_sapiens]|1.0|0.94	GO:0008083
PRED|NP_001257480.1_midkine_isoform_a_precursor_[Homo_sapiens]|1.0|0.94	GO:0008083
PRED|NP_001257481.1_midkine_isoform_b_precursor_[Homo_sapiens]|1.0|0.92	GO:0008083
PRED|NP_001257484.1_alpha-defensin_20-like_precursor_[Mus_musculus]|1.0|0.86	GO:0005576|GO:0006952
PRED|NP_001257542.1_alpha-defensin_5-like_precursor_[Mus_musculus]|1.0|0.88	GO:0005576|GO:0006952
PRED|NP_001257752.1_cuticular_protein_11_precursor_[Apis_mellifera]|0.57|0.76	GO:0005615|GO:0031012
PRED|NP_001258150.1_histone_H4_[Rattus_norvegicus]|0.95|0.84	GO:0003677|GO:0030527|GO:0046982
PRED|NP_001258220.1_agouti-signaling_protein_2b_precursor_[Danio_rerio]|0.82|0.79	GO:0005184|GO:0005576|GO:0005615|GO:0007218|GO:0008343|GO:0009755|GO:0031779|GO:0070996|GO:2000253
PRED|NP_001258647.1_serine_protease_inhibitor_Kazal-type_2_isoform_1_precursor_[Homo_sapiens]|0.91|0.78	GO:0004867|GO:0007286|GO:1900004
PRED|NP_001258649.1_serine_protease_inhibitor_Kazal-type_2_isoform_4_precursor_[Homo_sapiens]|0.99|0.88	GO:0004867|GO:0007286|GO:1900004
PRED|NP_001258743.1_group_IID_secretory_phospholipase_A2_isoform_2_precursor_[Homo_sapiens]|1.0|0.89	GO:0004623|GO:0005509|GO:0005543|GO:0006644|GO:0016042|GO:0042130|GO:0047498
PRED|NP_001258894.1_calcitonin_gene-related_peptide_isoform_2_preproprotein_[Gallus_gallus]|0.61|0.87	GO:0005179|GO:0005576|GO:0005615|GO:0007189|GO:0031716|GO:0051480
PRED|NP_001258895.1_calcitonin_gene-related_peptide_isoform_3_preproprotein_[Gallus_gallus]|0.69|0.87	GO:0005179|GO:0005576|GO:0005615|GO:0007189|GO:0031716|GO:0051480
PRED|NP_001259374.1_histone_H3.3B_isoform_E_[Drosophila_melanogaster]|0.5|0.74	GO:0000786|GO:0003677|GO:0030527|GO:0046982
PRED|NP_001260018.1_ribosomal_protein_L40_isoform_B_[Drosophila_melanogaster]|0.96|0.89	GO:0006412
PRED|NP_001260082.1_histone_H3.3A_isoform_C_[Drosophila_melanogaster]|0.5|0.74	GO:0000786|GO:0003677|GO:0030527|GO:0046982
PRED|NP_001260261.1_lemming_A_isoform_C_[Drosophila_melanogaster]|0.7|0.88	GO:0005680|GO:0008270|GO:0031145|GO:0061630|GO:0097602
PRED|NP_001260262.1_lemming_A_isoform_D_[Drosophila_melanogaster]|0.7|0.88	GO:0005680|GO:0008270|GO:0031145|GO:0061630|GO:0097602
PRED|NP_001260398.1_uncharacterized_protein_Dmel_CG44008_isoform_A_[Drosophila_melanogaster]|1.0|0.87	GO:0005615
PRED|NP_001261197.1_midkine_and_pleiotrophin_1_isoform_C_[Drosophila_melanogaster]|0.99|0.78	GO:0005576|GO:0008201|GO:0048332
PRED|NP_001261199.1_midkine_and_pleiotrophin_2_isoform_E_[Drosophila_melanogaster]|0.68|0.71	GO:0005576|GO:0008201|GO:0048332
PRED|NP_001261245.1_lysozyme_B_isoform_B_[Drosophila_melanogaster]|1.0|0.75	GO:0003796
PRED|NP_001262576.1_histone_H4_replacement_isoform_D_[Drosophila_melanogaster]|0.96|0.83	GO:0003677|GO:0030527|GO:0046982
PRED|NP_001262616.1_uncharacterized_protein_Dmel_CG34276_isoform_B_[Drosophila_melanogaster]|0.81|0.89	GO:0004867|GO:0005615
PRED|NP_001262668.1_eclosion_hormone_isoform_B_[Drosophila_melanogaster]|1.0|0.74	GO:0007218|GO:0008255|GO:0018990
PRED|NP_001263291.1_pleiotrophin_precursor_[Gallus_gallus]|0.99|0.88	GO:0005576|GO:0008083
PRED|NP_001264663.1_dynein_light_chain_Tctex-type_3_[Gallus_gallus]|0.53|0.74	GO:0005737|GO:0005868|GO:0007018|GO:0045505
PRED|NP_001264843.1_phospholipase_A2_membrane_associated_precursor_[Gallus_gallus]|0.99|0.82	GO:0004623|GO:0005509|GO:0005543|GO:0006644|GO:0016042|GO:0042130|GO:0047498
PRED|NP_001264973.2_phospholipase_A2_group_V_precursor_[Gallus_gallus]|0.98|0.85	GO:0004623|GO:0005509|GO:0005543|GO:0006644|GO:0016042|GO:0042130|GO:0047498
PRED|NP_001264997.1_histone_H2A-III_[Gallus_gallus]|1.0|0.7	GO:0000786|GO:0003677|GO:0030527|GO:0046982
PRED|NP_001266663.1_chemocyanin_precursor_[Zea_mays]|0.91|0.91	GO:0005886|GO:0009055
PRED|NP_001266955.1_C-C_motif_chemokine_28_precursor_[Takifugu_rubripes]|0.96|0.94	GO:0005576|GO:0006955|GO:0008009
PRED|NP_001267535.1_expansin-A1-like_precursor_[Cucumis_sativus]|0.68|0.72	GO:0005576|GO:0009664
PRED|NP_001267767.1_uncharacterized_protein_LOC101854106_[Aplysia_californica]|0.59|0.7	GO:0046982
PRED|NP_001268075.1_class_IV_chitinase_precursor_[Vitis_vinifera]|0.63|0.82	GO:0004568|GO:0005975|GO:0006032|GO:0008061|GO:0016998
PRED|NP_001268120.1_lipid_transfer_protein_precursor_[Vitis_vinifera]|0.97|0.92	GO:0006869|GO:0008289
PRED|NP_001268362.1_zinc_finger_HIT_domain-containing_protein_3_isoform_4_[Homo_sapiens]|0.86|0.85	GO:0000463|GO:0000492|GO:0005634|GO:0048254|GO:0070761
PRED|NP_001268410.1_histone_H2A-IV-like_1_[Gallus_gallus]|1.0|0.7	GO:0000786|GO:0003677|GO:0030527|GO:0046982
PRED|NP_001268414.1_histone_cluster_1_H4-IV_germinal_H4-like_2_[Gallus_gallus]|0.95|0.82	GO:0003677|GO:0030527|GO:0046982
PRED|NP_001268682.1_glycoprotein_hormone_alpha-2_precursor_[Strongylocentrotus_purpuratus]|0.91|0.91	GO:0005615|GO:0007166|GO:0051427
PRED|NP_001268729.2_dickkopf_WNT_signaling_pathway_inhibitor_1a_precursor_[Danio_rerio]|0.79|0.76	GO:0005615|GO:0039706|GO:0048019|GO:0090090
PRED|NP_001268759.1_interferon_alpha-inducible_protein_27-like_protein_2A_isoform_2_precursor_[Mus_musculus]|0.93|0.85	GO:0001836|GO:0016020|GO:0031966|GO:0097193
PRED|NP_001269121.1_ribonuclease_4_precursor_[Homo_sapiens]|1.0|0.87	GO:0003676|GO:0004540|GO:0005615|GO:0050830
PRED|NP_001269122.1_ribonuclease_4_precursor_[Homo_sapiens]|1.0|0.88	GO:0003676|GO:0004540|GO:0005615|GO:0050830
PRED|NP_001269565.1_acyl-CoA-binding_protein_isoform_7_[Homo_sapiens]|0.81|0.76	GO:0000062|GO:0005739|GO:0006631
PRED|NP_001273335.1_appetite-regulating_hormone_isoform_4_precursor_[Mus_musculus]|0.77|0.74	GO:0001696|GO:0005179|GO:0005576|GO:0005615|GO:0016608|GO:0031768|GO:0032095|GO:0050728|GO:0060124
PRED|NP_001273422.1_sperm-associated_antigen_11B_isoform_1_precursor_[Mus_musculus]|1.0|0.81	GO:0005576|GO:0061844
PRED|NP_001274045.1_28S_ribosomal_protein_S21_mitochondrial_[Rattus_norvegicus]|0.56|0.89	GO:0003735|GO:0005840|GO:0006412
PRED|NP_001274134.1_ubiquitin-40S_ribosomal_protein_S27a_[Gallus_gallus]|0.71|0.75	GO:0003735|GO:0005840|GO:0006412
PRED|NP_001274922.2_proteinase_inhibitor_type-2_K_precursor_[Solanum_tuberosum]|1.0|0.9	GO:0004867
PRED|NP_001275027.1_non-specific_lipid_transfer_protein_a7_precursor_[Solanum_tuberosum]|0.99|0.93	GO:0006869|GO:0008289
PRED|NP_001275257.1_proteinase_inhibitor_precursor_[Solanum_tuberosum]|0.79|0.81	GO:0004867
PRED|NP_001275608.1_pathogenesis-related_protein_P2-like_precursor_[Solanum_tuberosum]|0.8|0.72	GO:0004540|GO:0006952
PRED|NP_001275621.1_probable_histone_H2B.1-like_[Solanum_tuberosum]|0.88|0.81	GO:0000786|GO:0003677|GO:0030527|GO:0046982
PRED|NP_001275625.1_probable_non-specific_lipid-transfer_protein_AKCS9-like_precursor_[Solanum_tuberosum]|1.0|0.94	GO:0006869
PRED|NP_001275628.1_wound-induced_protein_WIN2_precursor_[Solanum_tuberosum]|0.96|0.76	GO:0004540|GO:0006952|GO:0008061
PRED|NP_001276349.1_anaphase-promoting_complex_subunit_11_isoform_4_[Homo_sapiens]|0.71|0.9	GO:0005680|GO:0008270|GO:0031145|GO:0061630|GO:0097602
PRED|NP_001276723.1_hepcidin-1_isoform_2_precursor_[Danio_rerio]|1.0|0.94	GO:0005576|GO:0006879
PRED|NP_001277309.1_histone_H2B_type_1-C/E/G_[Mus_musculus]|1.0|0.85	GO:0000786|GO:0003677|GO:0030527|GO:0046982
PRED|NP_001277395.1_histone_H2B_type_1-P_isoform_2_[Mus_musculus]|1.0|0.83	GO:0000786|GO:0003677|GO:0030527|GO:0046982
PRED|NP_001277459.1_histone_H2B_type_1-C/E/G_[Mus_musculus]|1.0|0.85	GO:0000786|GO:0003677|GO:0030527|GO:0046982
PRED|NP_001277938.1_group_10_secretory_phospholipase_A2_isoform_2_preproprotein_[Mus_musculus]|0.53|0.83	GO:0004623|GO:0005509|GO:0005543|GO:0006644|GO:0016042|GO:0043433|GO:0047498
PRED|NP_001278397.1_C-C_motif_chemokine_4-like_isoform_1_precursor_[Homo_sapiens]|1.0|0.72	GO:0005576|GO:0006955|GO:0008009
PRED|NP_001278398.1_C-C_motif_chemokine_4-like_isoform_2_precursor_[Homo_sapiens]|0.99|0.8	GO:0005576|GO:0006955|GO:0008009
PRED|NP_001278399.1_C-C_motif_chemokine_4-like_isoform_2_precursor_[Homo_sapiens]|0.99|0.8	GO:0005576|GO:0006955|GO:0008009
PRED|NP_001278401.1_C-C_motif_chemokine_4-like_isoform_4_precursor_[Homo_sapiens]|0.99|0.82	GO:0005576|GO:0006955|GO:0008009
PRED|NP_001278402.1_C-C_motif_chemokine_4-like_isoform_5_precursor_[Homo_sapiens]|0.99|0.81	GO:0005576|GO:0006955|GO:0008009
PRED|NP_001278404.1_C-C_motif_chemokine_4-like_isoform_7_precursor_[Homo_sapiens]|0.94|0.87	GO:0005576|GO:0006955|GO:0008009
PRED|NP_001278410.1_midkine_isoform_a_precursor_[Mus_musculus]|1.0|0.94	GO:0008083
PRED|NP_001278411.1_midkine_isoform_b_[Mus_musculus]|0.88|0.93	GO:0008083
PRED|NP_001278412.1_midkine_isoform_c_precursor_[Mus_musculus]|1.0|0.93	GO:0008083
PRED|NP_001278493.1_Histone_H4_[Zea_mays]|0.96|0.87	GO:0003677|GO:0030527|GO:0046982
PRED|NP_001278528.1_Histone_H2B.1_[Zea_mays]|0.76|0.78	GO:0000786|GO:0003677|GO:0030527|GO:0046982
PRED|NP_001278826.1_insulin_preproprotein_[Homo_sapiens]|0.97|0.87	GO:0005179|GO:0005576
PRED|NP_001279269.1_guanylin-like_precursor_[Callorhinchus_milii]|0.88|0.82	GO:0005576|GO:0030250
PRED|NP_001279275.1_guanylin-like_precursor_[Callorhinchus_milii]|0.71|0.72	GO:0005576|GO:0030250
PRED|NP_001279276.1_interleukin-8-like_precursor_[Callorhinchus_milii]|1.0|0.92	GO:0005576|GO:0006955|GO:0008009
PRED|NP_001279281.1_guanylin-like_precursor_[Callorhinchus_milii]|0.88|0.82	GO:0005576|GO:0030250
PRED|NP_001279370.1_H3_histone_family_3D_[Callorhinchus_milii]|0.5|0.74	GO:0000786|GO:0003677|GO:0030527|GO:0046982
PRED|NP_001279412.1_eotaxin-like_precursor_[Callorhinchus_milii]|0.98|0.94	GO:0005576|GO:0006955|GO:0008009
PRED|NP_001279442.1_C-C_motif_chemokine_24-like_precursor_[Callorhinchus_milii]|0.78|0.86	GO:0005576|GO:0006955|GO:0008009
PRED|NP_001279496.1_eotaxin-like_precursor_[Callorhinchus_milii]|1.0|0.82	GO:0005576|GO:0006955|GO:0008009
PRED|NP_001279504.1_galanin_peptides-like_precursor_[Callorhinchus_milii]|0.83|0.71	GO:0005179|GO:0005184|GO:0005576|GO:0005615|GO:0007218|GO:0030141|GO:0031763
PRED|NP_001279539.1_interleukin-8-like_precursor_[Callorhinchus_milii]|1.0|0.88	GO:0005576|GO:0006955|GO:0008009
PRED|NP_001279553.1_interleukin-8-like_precursor_[Callorhinchus_milii]|0.95|0.87	GO:0005576|GO:0006955|GO:0008009
PRED|NP_001279562.1_C-C_motif_chemokine_20-like_[Callorhinchus_milii]|1.0|0.92	GO:0005576|GO:0006955|GO:0008009
PRED|NP_001279587.1_C-C_motif_chemokine_20-like_precursor_[Callorhinchus_milii]|0.99|0.7	GO:0005576|GO:0006955|GO:0008009
PRED|NP_001279802.1_FAU_ubiquitin_like_and_ribosomal_protein_S30_fusion_a_[Callorhinchus_milii]|0.98|0.84	GO:0003735|GO:0005840|GO:0006412|GO:0022627
PRED|NP_001279852.1_lysozyme_C_precursor_[Callorhinchus_milii]|1.0|0.79	GO:0003796
PRED|NP_001279872.1_ubiquitin-60S_ribosomal_protein_L40_[Callorhinchus_milii]|0.8|0.83	GO:0006412
PRED|NP_001279942.1_ubiquitin-40S_ribosomal_protein_S27a_[Callorhinchus_milii]|0.54|0.78	GO:0003735|GO:0005840|GO:0006412
PRED|NP_001280238.1_chemokine_(C-C_motif)_ligand_17_precursor_[Gallus_gallus]|0.57|0.79	GO:0005576|GO:0006955|GO:0008009
PRED|NP_001280525.1_cuticle_protein_precursor_[Tribolium_castaneum]|0.9|0.79	GO:0005615|GO:0031012
PRED|NP_001281194.1_Histone_H4_[Zea_mays]|0.96|0.87	GO:0003677|GO:0030527|GO:0046982
PRED|NP_001281242.1_Non-specific_lipid-transfer_protein_2_precursor_[Zea_mays]|0.73|0.87	GO:0006869|GO:0008289
PRED|NP_001281295.1_non-specific_lipid-transfer_protein_precursor_[Malus_domestica]|1.0|0.93	GO:0006869|GO:0008289
PRED|NP_001284476.1_apelin_receptor_early_endogenous_ligand_precursor_[Danio_rerio]|1.0|0.9	GO:0007507|GO:0031704|GO:0060183
PRED|NP_001284479.1_apelin_receptor_early_endogenous_ligand_precursor_[Homo_sapiens]|0.98|0.85	GO:0007507|GO:0031704|GO:0060183
PRED|NP_001284483.1_apelin_receptor_early_endogenous_ligand_precursor_[Mus_musculus]|0.97|0.85	GO:0007507|GO:0031704|GO:0060183
PRED|NP_001285450.1_Sec61_gamma_subunit_isoform_B_[Drosophila_melanogaster]|0.53|0.88	GO:0006605|GO:0006886|GO:0008320|GO:0015031|GO:0016020
PRED|NP_001285451.1_Sec61_gamma_subunit_isoform_C_[Drosophila_melanogaster]|0.53|0.88	GO:0006605|GO:0006886|GO:0008320|GO:0015031|GO:0016020
PRED|NP_001285593.1_uncharacterized_protein_Dmel_CG16704_isoform_B_[Drosophila_melanogaster]|1.0|0.87	GO:0005615|GO:0007179|GO:0048019|GO:0050431
PRED|NP_001285594.1_immune_induced_molecule_33_isoform_B_[Drosophila_melanogaster]|0.99|0.92	GO:0004867|GO:0005615
PRED|NP_001285851.1_uncharacterized_protein_Dmel_CG44008_isoform_B_[Drosophila_melanogaster]|1.0|0.87	GO:0005615
PRED|NP_001286209.1_peptidoglycan_recognition_protein_SC1b_isoform_B_[Drosophila_melanogaster]|0.94|0.87	GO:0042834|GO:0045087
PRED|NP_001286569.1_bomanin_short_3_isoform_B_[Drosophila_melanogaster]|1.0|0.89	GO:0006952
PRED|NP_001286845.1_Ion_transport_peptide_isoform_G_[Drosophila_melanogaster]|0.95|0.71	GO:0005184|GO:0005576|GO:0007623
PRED|NP_001287425.1_metallothionein_B_isoform_B_[Drosophila_melanogaster]|0.96|0.95	GO:0046872
PRED|NP_001287426.1_metallothionein_B_isoform_C_[Drosophila_melanogaster]|0.96|0.94	GO:0046872
PRED|NP_001287433.1_ribosomal_protein_S30_isoform_C_[Drosophila_melanogaster]|0.61|0.78	GO:0003735|GO:0005840|GO:0006412|GO:0022627
PRED|NP_001287605.1_andropin_isoform_B_[Drosophila_melanogaster]|1.0|0.86	GO:0005576|GO:0019731
PRED|NP_001288263.1_alpha-S2-casein-like_B_isoform_2_precursor_[Mus_musculus]|0.87|0.79	GO:0005576|GO:0005615|GO:0035375|GO:0042803
PRED|NP_001288264.1_alpha-S2-casein-like_B_isoform_3_precursor_[Mus_musculus]|0.79|0.81	GO:0005576|GO:0005615|GO:0035375|GO:0042803
PRED|NP_001288378.1_histone_H2B.1-like_[Zea_mays]|0.68|0.77	GO:0000786|GO:0003677|GO:0030527|GO:0046982
PRED|NP_001288381.2_histone_H4_[Zea_mays]|0.96|0.87	GO:0003677|GO:0030527|GO:0046982
PRED|NP_001288701.1_glycosylphosphatidylinositol-anchored_high_density_lipoprotein-binding_protein_1_isoform_2_precursor_[Homo_sapiens]|0.99|0.91	GO:0005886|GO:0030550|GO:0035473|GO:0035478|GO:0051006|GO:0070328
PRED|NP_001288802.1_C-C_motif_chemokine_28_isoform_a_precursor_[Homo_sapiens]|1.0|0.92	GO:0005576|GO:0006955|GO:0008009
PRED|NP_001288803.1_C-C_motif_chemokine_28_isoform_a_precursor_[Homo_sapiens]|1.0|0.92	GO:0005576|GO:0006955|GO:0008009
PRED|NP_001288804.1_C-C_motif_chemokine_28_isoform_b_[Homo_sapiens]|1.0|0.91	GO:0005576|GO:0006955|GO:0008009
PRED|NP_001289026.1_phorbol-12-myristate-13-acetate-induced_protein_1_[Gallus_gallus]|0.78|0.72	GO:0001836|GO:0006915|GO:0006974|GO:0043065
PRED|NP_001289044.1_NADH_dehydrogenase_[ubiquinone]_1_alpha_subcomplex_subunit_1_[Gallus_gallus]|0.83|0.87	GO:0005747
PRED|NP_001289052.1_C-X-C_motif_chemokine_11_isoform_2_precursor_[Homo_sapiens]|0.99|0.77	GO:0005576|GO:0006955|GO:0008009
PRED|NP_001289107.1_scrapie-responsive_protein_1_precursor_[Gallus_gallus]|1.0|0.87	GO:0005794|GO:0044306
PRED|NP_001289129.1_adipogenesis_regulatory_factor_[Gallus_gallus]|0.85|0.79	GO:0005634|GO:0045600
PRED|NP_001289194.1_neutrophil_defensin_1_isoform_1_preproprotein_[Homo_sapiens]|1.0|0.89	GO:0005576|GO:0006952
PRED|NP_001289436.1_large_ribosomal_subunit_protein_bL34m_isoform_2_[Danio_rerio]|0.51|0.72	GO:0003735|GO:0005762|GO:0005840|GO:0006412
PRED|NP_001289687.1_granulysin_isoform_1_precursor_[Homo_sapiens]|0.98|0.72	GO:0031640|GO:0042742|GO:0044194|GO:0061844
PRED|NP_001289790.1_eppin_isoform_2_precursor_[Homo_sapiens]|0.96|0.76	GO:0005615|GO:0010466
PRED|NP_001289855.1_bone_marrow_proteoglycan_isoform_1_preproprotein_[Homo_sapiens]|0.65|0.86	GO:0006955
PRED|NP_001289856.1_bone_marrow_proteoglycan_isoform_1_preproprotein_[Homo_sapiens]|0.65|0.86	GO:0006955
PRED|NP_001290058.1_ATP_synthase_subunit_f_mitochondrial_[Danio_rerio]|0.51|0.9	GO:0005753|GO:0042776|GO:0046933
PRED|NP_001290343.1_trypsin-2_isoform_1_preproprotein_[Homo_sapiens]|0.7|0.72	GO:0004252|GO:0005615|GO:0006508
PRED|NP_001291315.1_lysozyme-like_protein_4_precursor_[Homo_sapiens]|0.96|0.83	GO:0001669|GO:0003796|GO:0007342|GO:0036126
PRED|NP_001291353.2_sperm_associated_antigen_11b-like_precursor_[Rattus_norvegicus]|1.0|0.86	GO:0005576|GO:0061844
PRED|NP_001291698.1_alpha-S2-casein-like_A_isoform_4_precursor_[Mus_musculus]|0.69|0.77	GO:0005576|GO:0005615|GO:0035375|GO:0042803
PRED|NP_001291963.1_E3_ubiquitin-protein_ligase_RNF152_[Gallus_gallus]|0.7|0.78	GO:0061630
PRED|NP_001292268.1_metalloproteinase_inhibitor_3-like_precursor_[Magallana_gigas]|0.52|0.81	GO:0002020|GO:0005615|GO:0008191|GO:0010033|GO:0010951|GO:0031012|GO:0051045
PRED|NP_001292276.1_lysozyme-like_[Magallana_gigas]|0.98|0.94	GO:0003796
PRED|NP_001292372.1_ubiquitin-ribosomal_protein_eS31_fusion_protein_[Rattus_norvegicus]|0.79|0.77	GO:0003735|GO:0005840|GO:0006412
PRED|NP_001294228.1_Vitelline_membrane_outer_layer_protein_1_[Caenorhabditis_elegans]|0.59|0.75	GO:0005615
PRED|NP_001295040.1_tumor_necrosis_factor_receptor_superfamily_member_23_isoform_2_precursor_[Mus_musculus]|0.87|0.72	GO:0005515|GO:0005886|GO:0009986|GO:0036462|GO:0043065
PRED|NP_001295179.1_apelin_receptor_early_endogenous_ligand_precursor_[Gallus_gallus]|1.0|0.91	GO:0007507|GO:0031704|GO:0060183
PRED|NP_001295798.1_lipopolysaccharide-binding_protein_precursor_[Cucumis_sativus]|0.98|0.85	GO:0005504|GO:0009627
PRED|NP_001295860.1_expansin-A4_precursor_[Cucumis_sativus]|0.55|0.7	GO:0005576|GO:0009664
PRED|NP_001297031.1_histone_H2B_1.1-like_[Xenopus_tropicalis]|0.98|0.87	GO:0000786|GO:0003677|GO:0030527|GO:0046982
PRED|NP_001297146.1_non-specific_lipid-transfer_protein_precursor_[Zea_mays]|0.99|0.93	GO:0006869|GO:0008289
PRED|NP_001297989.1_protachykinin-1_isoform_2_precursor_[Mus_musculus]|0.93|0.7	GO:0005615|GO:0006954|GO:0007204|GO:0007217|GO:0031835
PRED|NP_001298111.2_kallikrein-14_preproprotein_[Homo_sapiens]|0.69|0.78	GO:0030141|GO:0048730|GO:0070684
PRED|NP_001298126.1_relaxin-3_precursor_[Homo_sapiens]|0.94|0.77	GO:0001664
PRED|NP_001298721.1_NK-lysin_tandem_duplicate_2_precursor_[Danio_rerio]|0.73|0.85	GO:0006629|GO:0042742
PRED|NP_001299582.1_histone_H2B_type_1-K_[Homo_sapiens]|1.0|0.85	GO:0000786|GO:0003677|GO:0030527|GO:0046982
PRED|NP_001299907.1_Apple_domain-containing_protein_[Caenorhabditis_elegans]|0.71|0.76	GO:0007623
PRED|NP_001300339.1_lysozyme_[Caenorhabditis_elegans]|0.89|0.9	GO:0003796|GO:0050830
PRED|NP_001300807.1_histone_cluster_1_H2br_isoform_2_[Mus_musculus]|1.0|0.84	GO:0000786|GO:0003677|GO:0030527|GO:0046982
PRED|NP_001300809.1_H2b_histone_family_member_A_isoform_2_[Mus_musculus]|1.0|0.84	GO:0000786|GO:0003677|GO:0030527|GO:0046982
PRED|NP_001300817.1_interleukin-7_isoform_b_[Mus_musculus]|0.93|0.83	GO:0005139|GO:0005576|GO:0006955|GO:0008083
PRED|NP_001300818.1_interleukin-7_isoform_c_[Mus_musculus]|0.87|0.83	GO:0005139|GO:0005576|GO:0006955|GO:0008083
PRED|NP_001300819.1_interleukin-7_isoform_b_[Mus_musculus]|0.93|0.83	GO:0005139|GO:0005576|GO:0006955|GO:0008083
PRED|NP_001303592.1_uncharacterized_protein_Dmel_CG46193_[Drosophila_melanogaster]|0.8|0.8	GO:0007283|GO:0035092
PRED|NP_001303924.1_histone_H2A.Z_isoform_2_[Mus_musculus]|0.8|0.72	GO:0046982
PRED|NP_001304154.1_sperm_acrosome_membrane-associated_protein_3_isoform_3_[Homo_sapiens]|0.91|0.82	GO:0001669|GO:0003796|GO:0007342|GO:0036126
PRED|NP_001304155.1_sperm_acrosome_membrane-associated_protein_3_isoform_2_[Homo_sapiens]|0.82|0.86	GO:0001669|GO:0003796|GO:0007342|GO:0036126
PRED|NP_001304837.1_Bowman-Birk_type_trypsin_inhibitor_precursor_[Zea_mays]|0.91|0.87	GO:0004867|GO:0005576
PRED|NP_001305074.1_uncharacterized_protein_LOC100278973_[Zea_mays]|0.81|0.91	GO:0005744|GO:0030150|GO:0045039
PRED|NP_001305414.1_large_ribosomal_subunit_protein_bL20m_isoform_2_[Homo_sapiens]|0.66|0.9	GO:0003735|GO:0005840|GO:0006412|GO:0019843
PRED|NP_001305474.1_acidic_endochitinase_pcht28_precursor_[Solanum_tuberosum]|0.68|0.75	GO:0004568|GO:0006032|GO:0016998|GO:0050832
PRED|NP_001305536.1_basic_endochitinase_precursor_[Solanum_tuberosum]|0.75|0.76	GO:0004568|GO:0005975|GO:0006032|GO:0016998
PRED|NP_001307343.1_chemokine_(C-X-C_motif)_ligand_12b_(stromal_cell-derived_factor_1)_precursor_[Danio_rerio]|1.0|0.92	GO:0005576|GO:0006955|GO:0008009
PRED|NP_001307946.1_ubiquitin-ribosomal_protein_eL40_fusion_protein_isoform_1_precursor_[Homo_sapiens]|0.92|0.89	GO:0006412
PRED|NP_001307947.1_ubiquitin-ribosomal_protein_eL40_fusion_protein_isoform_1_precursor_[Homo_sapiens]|0.92|0.89	GO:0006412
PRED|NP_001307948.1_ubiquitin-ribosomal_protein_eL40_fusion_protein_isoform_1_precursor_[Homo_sapiens]|0.92|0.89	GO:0006412
PRED|NP_001307949.1_ubiquitin-ribosomal_protein_eL40_fusion_protein_isoform_1_precursor_[Homo_sapiens]|0.92|0.89	GO:0006412
PRED|NP_001307951.1_ubiquitin-ribosomal_protein_eL40_fusion_protein_isoform_3_[Homo_sapiens]|0.97|0.91	GO:0006412
PRED|NP_001307994.1_apolipoprotein_C-I_isoform_a_precursor_[Homo_sapiens]|0.51|0.71	GO:0004859|GO:0005504|GO:0005576|GO:0006641|GO:0010916|GO:0032375|GO:0034361|GO:0034364|GO:0034447|GO:0042157|GO:0050995|GO:0051005
PRED|NP_001307995.1_apolipoprotein_C-I_isoform_a_precursor_[Homo_sapiens]|0.51|0.71	GO:0004859|GO:0005504|GO:0005576|GO:0006641|GO:0010916|GO:0032375|GO:0034361|GO:0034364|GO:0034447|GO:0042157|GO:0050995|GO:0051005
PRED|NP_001308315.1_pleiotrophin_isoform_1_precursor_[Homo_sapiens]|1.0|0.87	GO:0005576|GO:0008083
PRED|NP_001308316.1_pleiotrophin_isoform_2_precursor_[Homo_sapiens]|1.0|0.87	GO:0005576|GO:0008083
PRED|NP_001308375.1_Non-specific_lipid-transfer_protein_2_precursor_[Zea_mays]|1.0|0.95	GO:0006869
PRED|NP_001308412.1_small_ribosomal_subunit_protein_eS19_isoform_1_[Homo_sapiens]|0.68|0.76	GO:0000028|GO:0003723|GO:0003735|GO:0005840|GO:0006412|GO:0022627
PRED|NP_001308413.1_small_ribosomal_subunit_protein_eS19_isoform_1_[Homo_sapiens]|0.68|0.74	GO:0000028|GO:0003723|GO:0003735|GO:0005840|GO:0006412|GO:0022627
PRED|NP_001308421.1_uncharacterized_protein_LOC417533_precursor_[Gallus_gallus]|0.88|0.91	GO:0005576|GO:0005615|GO:0006954|GO:0006955|GO:0008009|GO:0030335|GO:0043547|GO:0048020|GO:0048245|GO:0060326|GO:0061844|GO:0070098
PRED|NP_001310349.1_uncharacterized_protein_LOC107603303_precursor_[Zea_mays]|0.97|0.83	GO:0004867|GO:0005576
PRED|NP_001313304.1_histone_H4_[Zea_mays]|0.96|0.87	GO:0003677|GO:0030527|GO:0046982
PRED|NP_001313334.1_CCHC-type_zinc_finger_nucleic_acid_binding_protein_b_[Danio_rerio]|0.64|0.92	GO:0003676|GO:0008270
PRED|NP_001313392.1_NADH_dehydrogenase_[ubiquinone]_1_beta_subcomplex_subunit_2_[Zea_mays]|0.72|0.86	GO:0005743|GO:0045271
PRED|NP_001313620.1_uncharacterized_protein_LOC100381468_[Zea_mays]|0.65|0.87	GO:0005783|GO:0030968
PRED|NP_001314747.1_cocaine-_and_amphetamine-regulated_transcript_protein-like_precursor_[Danio_rerio]|0.79|0.85	GO:0005615|GO:0007186|GO:0008343|GO:0009267|GO:0032099|GO:0043410
PRED|NP_001314828.1_serine_peptidase_inhibitor_Kazal_type_4_precursor_[Danio_rerio]|0.77|0.77	GO:0004867
PRED|NP_001314911.1_uncharacterized_protein_LOC100272875_[Zea_mays]|0.75|0.92	GO:0005744|GO:0030150|GO:0045039
PRED|NP_001314914.1_interleukin-8b.1_precursor_[Danio_rerio]|0.97|0.73	GO:0005576|GO:0006955|GO:0008009
PRED|NP_001315002.1_ragulator_complex_protein_LAMTOR5_[Danio_rerio]|0.8|0.78	GO:0005085|GO:0005737|GO:0005764|GO:0043066|GO:0071230|GO:0071986|GO:1904263
PRED|NP_001315019.1_chemokine_(C-X-C_motif)_ligand_18a_duplicate_1_precursor_[Danio_rerio]|0.99|0.8	GO:0005576|GO:0006955|GO:0008009
PRED|NP_001315310.1_C-C_motif_chemokine_27a_isoform_2_precursor_[Danio_rerio]|1.0|0.87	GO:0005576|GO:0006955|GO:0008009
PRED|NP_001315565.1_uncharacterized_protein_LOC100277178_[Zea_mays]|0.6|0.87	GO:0005739|GO:0033617
PRED|NP_001316146.1_P2X_purinoceptor_3_precursor_[Gallus_gallus]|0.94|0.9	GO:0006955
PRED|NP_001316526.1_scrapie-responsive_protein_1_precursor_[Homo_sapiens]|0.96|0.92	GO:0005794|GO:0044306
PRED|NP_001316687.1_protein_FAM136A_isoform_4_[Homo_sapiens]|0.99|0.7	GO:0005737
PRED|NP_001317705.1_Bowman-Birk_type_wound-induced_proteinase_inhibitor_WIP1_precursor_[Zea_mays]|0.9|0.93	GO:0004867|GO:0005576
PRED|NP_001318123.1_uncharacterized_protein_LOC100303943_[Zea_mays]|0.62|0.86	GO:0005739|GO:0034551
PRED|NP_001318227.1_lipid_transfer_protein_[Arabidopsis_thaliana]|0.99|0.88	GO:0006869|GO:0008289
PRED|NP_001318330.1_low-molecular-weight_cysteine-rich_75_[Arabidopsis_thaliana]|1.0|0.9	GO:0006952
PRED|NP_001319356.1_expansin_A1_[Arabidopsis_thaliana]|0.56|0.73	GO:0005576|GO:0009664
PRED|NP_001319377.1_Bifunctional_inhibitor/lipid-transfer_protein/seed_storage_2S_albumin_superfamily_protein_[Arabidopsis_thaliana]|1.0|0.85	GO:0006869
PRED|NP_001319480.1_ralf-like_22_[Arabidopsis_thaliana]|0.92|0.83	GO:0009506|GO:0019722
PRED|NP_001319570.1_rapid_alkalinization_factor_23_[Arabidopsis_thaliana]|0.95|0.88	GO:0009506|GO:0019722
PRED|NP_001319626.1_ROTUNDIFOLIA_like_13_[Arabidopsis_thaliana]|0.82|0.88	GO:0008285
PRED|NP_001319739.1_Histone_superfamily_protein_[Arabidopsis_thaliana]|0.81|0.78	GO:0000786|GO:0003677|GO:0030527|GO:0046982
PRED|NP_001319758.1_ROTUNDIFOLIA_like_7_[Arabidopsis_thaliana]|0.53|0.79	GO:0008285
PRED|NP_001319822.1_Mitochondrial_import_inner_membrane_translocase_subunit_Tim17/Tim22/Tim23_family_protein_[Arabidopsis_thaliana]|0.61|0.82	GO:0008320|GO:0030943|GO:0042721|GO:0045039
PRED|NP_001320444.1_Defender_against_death_(DAD_family)_protein_[Arabidopsis_thaliana]|0.81|0.88	GO:0006487|GO:0008250|GO:0016020
PRED|NP_001320974.1_expansin_11_[Arabidopsis_thaliana]|0.76|0.74	GO:0005576|GO:0009664
PRED|NP_001322091.1_uncharacterized_protein_AT1G47278_[Arabidopsis_thaliana]|0.53|0.86	GO:0003735|GO:0006412|GO:0032543
PRED|NP_001323508.1_NADH-ubiquinone_oxidoreductase-like_protein_[Arabidopsis_thaliana]|0.81|0.72	GO:0005747|GO:0032981
PRED|NP_001323801.1_Low_temperature_and_salt_responsive_protein_family_[Arabidopsis_thaliana]|0.99|0.85	GO:0016020
PRED|NP_001324717.1_Barwin-like_endoglucanases_superfamily_protein_[Arabidopsis_thaliana]|0.86|0.77	GO:0005576|GO:0009664
PRED|NP_001325456.1_Vacuolar_protein_sorting_55_(VPS55)_family_protein_[Arabidopsis_thaliana]|0.81|0.72	GO:0005768|GO:0032511
PRED|NP_001326374.1_Bifunctional_inhibitor/lipid-transfer_protein/seed_storage_2S_albumin_superfamily_protein_[Arabidopsis_thaliana]|0.89|0.9	GO:0006869
PRED|NP_001327214.1_rapid_alkalinization_factor_23_[Arabidopsis_thaliana]|0.95|0.88	GO:0009506|GO:0019722
PRED|NP_001327215.1_rapid_alkalinization_factor_23_[Arabidopsis_thaliana]|0.95|0.88	GO:0009506|GO:0019722
PRED|NP_001330288.1_Bifunctional_inhibitor/lipid-transfer_protein/seed_storage_2S_albumin_superfamily_protein_[Arabidopsis_thaliana]|0.58|0.82	GO:0006869|GO:0008289
PRED|NP_001331125.1_Hypoxia-responsive_family_protein_[Arabidopsis_thaliana]|0.92|0.73	GO:0005746|GO:0033617
PRED|NP_001332089.1_Histone_superfamily_protein_[Arabidopsis_thaliana]|0.96|0.87	GO:0003677|GO:0030527|GO:0046982
PRED|NP_001332456.1_RmlC-like_cupins_superfamily_protein_[Arabidopsis_thaliana]|0.52|0.71	GO:0030145
PRED|NP_001332569.1_expansin_A14_[Arabidopsis_thaliana]|0.7|0.7	GO:0005576|GO:0009664
PRED|NP_001333588.1_NADH_dehydrogenase_[ubiquinone]_1_beta_subcomplex_subunit_2-like_[Zea_mays]|0.67|0.8	GO:0005743|GO:0045271
PRED|NP_001334097.1_retinoic_acid_receptor_responder_protein_2_isoform_2_preproprotein_[Mus_musculus]|0.52|0.82	GO:0005102|GO:0005615|GO:0006954|GO:0031012|GO:0045087|GO:0050921|GO:0050994
PRED|NP_001334608.1_uncharacterized_protein_LOC109279843_precursor_[Vitis_vinifera]|0.98|0.92	GO:0006869
PRED|NP_001334671.1_uncharacterized_protein_Dmel_CG15418_isoform_A_[Drosophila_melanogaster]|0.96|0.81	GO:0004867|GO:0005615
PRED|NP_001335156.1_ubiquitin-ribosomal_protein_eL40_fusion_protein_precursor_[Mus_musculus]|0.92|0.9	GO:0006412
PRED|NP_001335157.1_ubiquitin-ribosomal_protein_eL40_fusion_protein_precursor_[Mus_musculus]|0.92|0.89	GO:0006412
PRED|NP_001335158.1_ubiquitin-ribosomal_protein_eL40_fusion_protein_precursor_[Mus_musculus]|0.92|0.89	GO:0006412
PRED|NP_001335440.1_gallinacin-14_precursor_[Gallus_gallus]|1.0|0.94	GO:0002227|GO:0005615|GO:0031731|GO:0050829|GO:0050830
PRED|NP_001335584.2_C-X-C_motif_chemokine_ligand_13-like_3_precursor_[Gallus_gallus]|0.99|0.91	GO:0005576|GO:0006955|GO:0008009
PRED|NP_001335585.1_C-X-C_motif_chemokine_ligand_13-like_2_precursor_[Gallus_gallus]|0.96|0.86	GO:0005576|GO:0006955|GO:0008009
PRED|NP_001335586.1_C-X-C_motif_chemokine_13_precursor_[Gallus_gallus]|0.97|0.71	GO:0005576|GO:0006955|GO:0008009
PRED|NP_001336638.1_AAI_LTSS_superfamily_protein_precursor_[Glycine_max]|1.0|0.94	GO:0006869|GO:0008289
PRED|NP_001336659.1_defensin-like_protein_isoform_1_precursor_[Glycine_max]|1.0|0.93	GO:0006952
PRED|NP_001336660.1_defensin-like_protein_isoform_2_precursor_[Glycine_max]|1.0|0.93	GO:0006952
PRED|NP_001336676.1_AAI_LTSS_superfamily_protein_precursor_[Glycine_max]|0.91|0.89	GO:0006869|GO:0008289
PRED|NP_001337172.1_Bowman-Birk_type_wound-induced_proteinase_inhibitor_WIP1-like_precursor_[Zea_mays]|0.98|0.91	GO:0004867|GO:0005576
PRED|NP_001338304.1_small_ribosomal_subunit_protein_uS14_isoform_3_[Homo_sapiens]|0.78|0.93	GO:0002181|GO:0003735|GO:0005840|GO:0006412|GO:0008270|GO:0022627
PRED|NP_001339261.1_dermokine_isoform_16_[Homo_sapiens]|0.54|0.74	GO:0005615|GO:1903575
PRED|NP_001339361.1_acyl-CoA-binding_protein_isoform_7_[Homo_sapiens]|0.81|0.77	GO:0000062|GO:0005739|GO:0006631
PRED|NP_001341387.1_phospholipid_phosphatase_5_isoform_8_[Homo_sapiens]|0.58|0.8	GO:0006644|GO:0008195|GO:0016020|GO:0046839
PRED|NP_001341388.1_phospholipid_phosphatase_5_isoform_8_[Homo_sapiens]|0.58|0.81	GO:0006644|GO:0008195|GO:0016020|GO:0046839
PRED|NP_001341769.1_interleukin-8_isoform_2_precursor_[Homo_sapiens]|1.0|0.89	GO:0005576|GO:0006955|GO:0008009
PRED|NP_001341895.1_serine_protease_inhibitor_Kazal-type_1_precursor_[Homo_sapiens]|0.95|0.82	GO:0004867
PRED|NP_001343171.1_signal_peptidase_complex_subunit_Spc1_[Schizosaccharomyces_pombe]|0.96|0.71	GO:0005787|GO:0006465|GO:0016020|GO:0045047
PRED|NP_001343401.1_lysozyme-like_protein_6_precursor_[Mus_musculus]|1.0|0.81	GO:0001669|GO:0003796|GO:0007342|GO:0036126
PRED|NP_001343515.1_phospholipase_A2_isoform_2_precursor_[Mus_musculus]|1.0|0.94	GO:0004623|GO:0005102|GO:0005509|GO:0005543|GO:0006633|GO:0006644|GO:0016042|GO:0047498|GO:0048146
PRED|NP_001343516.1_phospholipase_A2_isoform_3_precursor_[Mus_musculus]|1.0|0.8	GO:0004623|GO:0005102|GO:0005509|GO:0005543|GO:0006633|GO:0006644|GO:0016042|GO:0047498|GO:0048146
PRED|NP_001343559.1_C-C_motif_chemokine_24_precursor_[Mus_musculus]|0.99|0.9	GO:0005576|GO:0005615|GO:0006954|GO:0006955|GO:0008009|GO:0030335|GO:0043547|GO:0048020|GO:0048245|GO:0060326|GO:0061844|GO:0070098
PRED|NP_001344275.2_lysozyme-like_protein_4_precursor_[Mus_musculus]|0.95|0.83	GO:0001669|GO:0007342|GO:0036126
PRED|NP_001344420.1_serum_amyloid_A-2_protein_preproprotein_[Mus_musculus]|0.99|0.74	GO:0005576
PRED|NP_001344422.1_serum_amyloid_A-1_protein_precursor_[Mus_musculus]|0.97|0.83	GO:0005576
PRED|NP_001344493.1_serine_protease_inhibitor_Kazal-type_6_isoform_3_[Mus_musculus]|0.65|0.81	GO:0004867
PRED|NP_001344695.1_uncharacterized_protein_LOC100502257_precursor_[Zea_mays]|1.0|0.88	GO:0004867|GO:0005576
PRED|NP_001344819.1_vesicle_transport_protein_SFT2A_isoform_2_[Mus_musculus]|0.96|0.83	GO:0016020|GO:0016192
PRED|NP_001346041.1_probable_histone_H2B.3_[Glycine_max]|0.95|0.84	GO:0000786|GO:0003677|GO:0030527|GO:0046982
PRED|NP_001346112.1_sperm_acrosome_membrane-associated_protein_3_precursor_[Mus_musculus]|0.97|0.78	GO:0001669|GO:0003796|GO:0007342|GO:0036126
PRED|NP_001347044.2_small_ribosomal_subunit_protein_eS19_isoform_a_[Mus_musculus]|0.68|0.78	GO:0000028|GO:0003723|GO:0003735|GO:0005840|GO:0006412|GO:0022627
PRED|NP_001347046.1_ribonuclease_K6_precursor_[Mus_musculus]|0.98|0.86	GO:0003676|GO:0004540|GO:0005615|GO:0019731|GO:0045087|GO:0050829|GO:0050830|GO:0061844
PRED|NP_001347047.1_small_ribosomal_subunit_protein_eS19_isoform_a_[Mus_musculus]|0.68|0.75	GO:0000028|GO:0003723|GO:0003735|GO:0005840|GO:0006412|GO:0022627
PRED|NP_001347054.1_small_ribosomal_subunit_protein_eS19_isoform_d_[Mus_musculus]|0.75|0.79	GO:0000028|GO:0003723|GO:0003735|GO:0005840|GO:0006412|GO:0022627
PRED|NP_001347057.1_small_ribosomal_subunit_protein_eS19_isoform_e_[Mus_musculus]|0.96|0.81	GO:0000028|GO:0003723|GO:0003735|GO:0005840|GO:0006412|GO:0022627
PRED|NP_001347263.1_repetitive_proline-rich_cell_wall_protein_1_precursor_[Glycine_max]|0.92|0.88	GO:0005199|GO:0005576
PRED|NP_001347295.1_probable_histone_H2B.1_[Glycine_max]|0.84|0.82	GO:0000786|GO:0003677|GO:0030527|GO:0046982
PRED|NP_001347296.1_probable_histone_H2B_[Glycine_max]|0.84|0.82	GO:0000786|GO:0003677|GO:0030527|GO:0046982
PRED|NP_001347804.1_group_IIF_secretory_phospholipase_A2_isoform_2_precursor_[Mus_musculus]|0.67|0.75	GO:0004623|GO:0005509|GO:0005543|GO:0006644|GO:0016042|GO:0047498
PRED|NP_001350281.1_platelet_factor_4_isoform_2_[Homo_sapiens]|0.99|0.8	GO:0005576|GO:0006955|GO:0008009
PRED|NP_001350655.1_sperm-associated_antigen_11A_isoform_2_precursor_[Homo_sapiens]|0.99|0.74	GO:0005576
PRED|NP_001350931.1_probable_histone_H2AXa_[Zea_mays]|0.74|0.7	GO:0000786|GO:0003677|GO:0030527|GO:0046982
PRED|NP_001350936.1_notch_homolog_2_N-terminal-like_protein_B_isoform_1_precursor_[Homo_sapiens]|0.72|0.91	GO:0005112|GO:0007219
PRED|NP_001350965.1_uncharacterized_protein_LOC100277161_[Zea_mays]|0.52|0.91	GO:0008285
PRED|NP_001351295.1_60S_ribosomal_protein_L41-like_[Zea_mays]|0.97|0.82	GO:0003735|GO:0005840|GO:0006412
PRED|NP_001351534.1_PAMP-induced_secreted_peptide_1_precursor_[Glycine_max]|0.98|0.71	GO:0006952
PRED|NP_001351544.1_killer_cell_lectin-like_receptor_subfamily_B_member_1B_allele_B_isoform_2_[Mus_musculus]|0.92|0.71	GO:0005886|GO:0009986|GO:0038023|GO:0042269
PRED|NP_001351591.1_PAMP-induced_secreted_peptide_1-like_precursor_[Glycine_max]|0.96|0.72	GO:0006952
PRED|NP_001352026.1_uncharacterized_protein_LOC100275343_[Zea_mays]|0.94|0.81	GO:0008285
PRED|NP_001353109.1_Non-specific_lipid-transfer_protein_2_precursor_[Zea_mays]|0.96|0.94	GO:0006869
PRED|NP_001353288.1_androgen-induced_gene_1_protein_isoform_u_[Homo_sapiens]|0.61|0.72	GO:0012505|GO:0016020
PRED|NP_001353291.1_androgen-induced_gene_1_protein_isoform_w_[Homo_sapiens]|0.78|0.81	GO:0012505|GO:0016020
PRED|NP_001353363.1_uncharacterized_protein_LOC100536401_[Danio_rerio]|1.0|0.89	GO:0000786|GO:0003677|GO:0030527|GO:0046982
PRED|NP_001353364.1_histone_2_H3ca1_[Danio_rerio]|0.57|0.7	GO:0000786|GO:0003677|GO:0030527|GO:0046982
PRED|NP_001354275.1_expansin_A5c_precursor_[Glycine_max]|0.76|0.71	GO:0005576|GO:0009664
PRED|NP_001354898.1_putative_inactive_group_IIC_secretory_phospholipase_A2_isoform_2_precursor_[Homo_sapiens]|0.95|0.83	GO:0004623|GO:0005102|GO:0005509|GO:0005543|GO:0006633|GO:0006644|GO:0016042|GO:0047498|GO:0048146
PRED|NP_001355115.1_uncharacterized_protein_LOC100285535_precursor_[Zea_mays]|0.98|0.84	GO:0009506|GO:0019722
PRED|NP_001355181.1_transmembrane_4_L6_family_member_20_isoform_2_[Mus_musculus]|0.59|0.87	GO:0016020
PRED|NP_001355292.1_protein_FAM136A_isoform_2_[Mus_musculus]|0.82|0.75	GO:0005737
PRED|NP_001356196.1_40S_ribosomal_protein_S30-like_[Zea_mays]|0.95|0.89	GO:0003735|GO:0005840|GO:0006412|GO:0022627
PRED|NP_001356704.1_kallikrein-14_preproprotein_[Homo_sapiens]|0.69|0.78	GO:0030141|GO:0048730|GO:0070684
PRED|NP_001357952.1_Cyclotide_phyb-A-like_precursor_[Zea_mays]|0.85|0.85	GO:0006952
PRED|NP_001357956.1_lymphocyte_antigen_6_complex_locus_protein_G6d_isoform_2_[Mus_musculus]|0.57|0.7	GO:0009897|GO:0030550|GO:0095500
PRED|NP_001358037.1_lymphocyte_antigen_6_complex_locus_G2_isoform_2_precursor_[Mus_musculus]|0.69|0.72	GO:0005886|GO:0030550|GO:0033130|GO:0095500
PRED|NP_001358122.1_C-C_motif_chemokine_24_precursor_[Homo_sapiens]|0.99|0.87	GO:0005576|GO:0005615|GO:0006954|GO:0006955|GO:0008009|GO:0030335|GO:0043547|GO:0048020|GO:0048245|GO:0060326|GO:0061844|GO:0070098
PRED|NP_001358487.1_C-X-C_motif_chemokine_13_precursor_[Homo_sapiens]|1.0|0.88	GO:0005576|GO:0006955|GO:0008009
PRED|NP_001358501.1_uncharacterized_protein_LOC100276509_[Zea_mays]|0.61|0.79	GO:0005789|GO:0005794|GO:0006816|GO:0032469
PRED|NP_001358865.1_C-C_motif_chemokine_26_precursor_[Homo_sapiens]|1.0|0.92	GO:0005576|GO:0005615|GO:0006954|GO:0006955|GO:0008009|GO:0030335|GO:0043547|GO:0048020|GO:0048245|GO:0060326|GO:0061844|GO:0070098
PRED|NP_001358867.1_C-C_motif_chemokine_26_precursor_[Homo_sapiens]|1.0|0.92	GO:0005576|GO:0005615|GO:0006954|GO:0006955|GO:0008009|GO:0030335|GO:0043547|GO:0048020|GO:0048245|GO:0060326|GO:0061844|GO:0070098
PRED|NP_001359835.1_INSulin_related_[Caenorhabditis_elegans]|0.96|0.83	GO:0005179|GO:0005576
PRED|NP_001363866.1_histone_H3.1_[Homo_sapiens]|0.65|0.7	GO:0000786|GO:0003677|GO:0030527|GO:0046982
PRED|NP_001364945.1_60S_ribosomal_protein_L30-like_[Glycine_max]|0.63|0.89	GO:0003723
PRED|NP_001365879.1_calcitonin_isoform_alpha-CGRP_preproprotein_[Homo_sapiens]|0.64|0.85	GO:0005179|GO:0005576|GO:0005615|GO:0007189|GO:0031716|GO:0051480
PRED|NP_001365972.1_histone_H3.3_[Homo_sapiens]|0.5|0.74	GO:0000786|GO:0003677|GO:0030527|GO:0046982
PRED|NP_001365974.1_histone_H3.3_[Homo_sapiens]|0.5|0.7	GO:0000786|GO:0003677|GO:0030527|GO:0046982
PRED|NP_001365975.1_histone_H3.3_[Homo_sapiens]|0.5|0.74	GO:0000786|GO:0003677|GO:0030527|GO:0046982
PRED|NP_001365976.1_histone_H3.3_[Homo_sapiens]|0.5|0.74	GO:0000786|GO:0003677|GO:0030527|GO:0046982
PRED|NP_001366197.1_serum_amyloid_A-2_protein_preproprotein_[Mus_musculus]|0.99|0.82	GO:0005576
PRED|NP_001366198.1_serum_amyloid_A-2_protein_preproprotein_[Mus_musculus]|0.99|0.82	GO:0005576
PRED|NP_001366205.1_serum_amyloid_A_precursor_[Gallus_gallus]|0.74|0.73	GO:0005576
PRED|NP_001366539.1_serine_protease_inhibitor_Kazal-type_1_precursor_[Homo_sapiens]|0.95|0.82	GO:0004867
PRED|NP_001366902.1_Histone_H2A/H2B/H3_domain-containing_protein_[Caenorhabditis_elegans]|0.54|0.77	GO:0000786|GO:0003677|GO:0030527|GO:0046982
PRED|NP_001367954.1_CCHC-type_domain-containing_protein_[Caenorhabditis_elegans]|0.57|0.91	GO:0003676|GO:0008270
PRED|NP_001368918.1_histone_H2B_type_1-C/E/F/G/I_[Homo_sapiens]|1.0|0.85	GO:0000786|GO:0003677|GO:0030527|GO:0046982
PRED|NP_001368928.1_histone_H3.1_[Homo_sapiens]|0.65|0.7	GO:0000786|GO:0003677|GO:0030527|GO:0046982
PRED|NP_001369764.1_lysozyme-like_protein_4_precursor_[Mus_musculus]|0.95|0.82	GO:0001669|GO:0007342|GO:0036126
PRED|NP_001370602.1_UPF0057_membrane_protein_T23F2.5_[Caenorhabditis_elegans]|0.88|0.8	GO:0016020
PRED|NP_001371045.1_proline-rich_protein_3_isoform_e_[Mus_musculus]|0.81|0.76	GO:0003723|GO:0046872
PRED|NP_001371046.1_proline-rich_protein_3_isoform_f_[Mus_musculus]|0.91|0.78	GO:0003723|GO:0046872
PRED|NP_001371082.1_lymphocyte_antigen_6_complex_locus_G6G_isoform_1_precursor_[Mus_musculus]|0.94|0.86	GO:0005886
PRED|NP_001372147.1_agouti-signaling_protein_precursor_[Homo_sapiens]|0.91|0.82	GO:0005184|GO:0005576|GO:0005615|GO:0009755|GO:0031779|GO:0032438
PRED|NP_001372190.1_choriogonadotropin_subunit_beta_7_precursor_[Homo_sapiens]|0.93|0.7	GO:0005179|GO:0005576|GO:0005615|GO:0005737|GO:0007186
PRED|NP_001372200.1_angiogenin_precursor_[Homo_sapiens]|1.0|0.79	GO:0001525|GO:0003676|GO:0004540|GO:0005615|GO:0019731|GO:0045087|GO:0050830|GO:0061844
PRED|NP_001372201.1_angiogenin_precursor_[Homo_sapiens]|1.0|0.79	GO:0001525|GO:0003676|GO:0004540|GO:0005615|GO:0019731|GO:0045087|GO:0050830|GO:0061844
PRED|NP_001372202.1_angiogenin_precursor_[Homo_sapiens]|1.0|0.79	GO:0001525|GO:0003676|GO:0004540|GO:0005615|GO:0019731|GO:0045087|GO:0050830|GO:0061844
PRED|NP_001372203.1_angiogenin_precursor_[Homo_sapiens]|1.0|0.79	GO:0001525|GO:0003676|GO:0004540|GO:0005615|GO:0019731|GO:0045087|GO:0050830|GO:0061844
PRED|NP_001372595.1_serum_amyloid_A-2_protein_isoform_a_preproprotein_[Homo_sapiens]|0.99|0.88	GO:0005576
PRED|NP_001372596.1_serum_amyloid_A-2_protein_isoform_b_preproprotein_[Homo_sapiens]|0.99|0.76	GO:0005576
PRED|NP_001372598.1_serum_amyloid_A-2_protein_isoform_d_preproprotein_[Homo_sapiens]|0.9|0.88	GO:0005576
PRED|NP_001372599.1_serum_amyloid_A-2_protein_isoform_e_preproprotein_[Homo_sapiens]|0.98|0.88	GO:0005576
PRED|NP_001372600.1_serum_amyloid_A-2_protein_isoform_f_[Homo_sapiens]|0.54|0.87	GO:0005576
PRED|NP_001372601.1_serum_amyloid_A-2_protein_isoform_g_preproprotein_[Homo_sapiens]|0.99|0.87	GO:0005576
PRED|NP_001372654.1_resistin_isoform_a_precursor_[Homo_sapiens]|0.99|0.86	GO:0005179|GO:0005576|GO:0005615
PRED|NP_001372655.1_resistin_isoform_b_precursor_[Homo_sapiens]|0.9|0.84	GO:0005179|GO:0005576|GO:0005615
PRED|NP_001372656.1_resistin_isoform_c_precursor_[Homo_sapiens]|1.0|0.88	GO:0005179|GO:0005576|GO:0005615
PRED|NP_001373151.1_somatostatin_1.2_precursor_[Danio_rerio]|0.62|0.86	GO:0005179|GO:0005576
PRED|NP_001373245.1_COX8_domain-containing_protein_[Danio_rerio]|0.53|0.75	GO:0005739|GO:0006123|GO:0045277
PRED|NP_001373259.1_histone_H1/H5_family_protein_[Danio_rerio]|0.51|0.82	GO:0000786|GO:0003677|GO:0006334|GO:0030527
PRED|NP_001373290.1_liver-expressed_antimicrobial_peptide_2-like_precursor_[Danio_rerio]|0.9|0.83	GO:0042742|GO:0061844
PRED|NP_001373333.1_liver-expressed_antimicrobial_peptide_2-like_precursor_[Danio_rerio]|1.0|0.94	GO:0042742|GO:0061844
PRED|NP_001373416.1_lysozyme_g-like_2_[Danio_rerio]|0.95|0.74	GO:0003796|GO:0005576|GO:0009253|GO:0050830
PRED|NP_001373436.1_serine_peptidase_inhibitor_Kazal_type_2_tandem_duplicate_2_precursor_[Danio_rerio]|1.0|0.91	GO:0004867
PRED|NP_001373445.1_probable_pancreatic_secretory_proteinase_inhibitor_precursor_[Danio_rerio]|0.94|0.91	GO:0004867
PRED|NP_001373478.1_uncharacterized_protein_LOC100537943_precursor_[Danio_rerio]|1.0|0.82	GO:0004867
PRED|NP_001373480.1_uncharacterized_protein_LOC100537905_precursor_[Danio_rerio]|1.0|0.91	GO:0004867
PRED|NP_001373497.1_histone_H2B-like_[Danio_rerio]|1.0|0.89	GO:0000786|GO:0003677|GO:0030527|GO:0046982
PRED|NP_001373498.1_C-C_motif_chemokine_34b.8_precursor_[Danio_rerio]|0.87|0.91	GO:0005576|GO:0006955|GO:0008009
PRED|NP_001373519.1_uncharacterized_protein_LOC100537859_precursor_[Danio_rerio]|0.99|0.9	GO:0004867
PRED|NP_001373525.1_C-C_motif_chemokine_32b.3_precursor_[Danio_rerio]|0.96|0.85	GO:0005576|GO:0006955|GO:0008009
PRED|NP_001373549.1_uncharacterized_protein_LOC100537819_precursor_[Danio_rerio]|0.99|0.9	GO:0004867
PRED|NP_001373550.1_trypsin_inhibitor_ClTI-1-like_precursor_[Danio_rerio]|0.99|0.84	GO:0004867
PRED|NP_001373551.1_serine_peptidase_inhibitor_Kazal_type_2_tandem_duplicate_5_precursor_[Danio_rerio]|0.99|0.89	GO:0004867
PRED|NP_001373579.1_histone_H4_[Danio_rerio]|0.95|0.84	GO:0003677|GO:0030527|GO:0046982
PRED|NP_001373604.1_histone_H4_[Danio_rerio]|0.95|0.83	GO:0003677|GO:0030527|GO:0046982
PRED|NP_001373605.1_histone_H2B-like_[Danio_rerio]|1.0|0.88	GO:0000786|GO:0003677|GO:0030527|GO:0046982
PRED|NP_001373648.1_histone_H2B-like_[Danio_rerio]|1.0|0.89	GO:0000786|GO:0003677|GO:0030527|GO:0046982
PRED|NP_001373655.1_histone_H1-like_[Danio_rerio]|0.89|0.82	GO:0000786|GO:0003677|GO:0006334|GO:0030527
PRED|NP_001373671.1_otospiralin-like_precursor_[Danio_rerio]|0.75|0.77	GO:0007605
PRED|NP_001373673.1_histone_H2B_1/2_[Danio_rerio]|1.0|0.89	GO:0000786|GO:0003677|GO:0030527|GO:0046982
PRED|NP_001373675.1_C-C_motif_chemokine_36.1_precursor_[Danio_rerio]|0.59|0.93	GO:0005576|GO:0006955|GO:0008009
PRED|NP_001373679.1_histone_H1-like_[Danio_rerio]|0.79|0.78	GO:0000786|GO:0003677|GO:0006334|GO:0030527
PRED|NP_001373681.1_histone_H2B-like_[Danio_rerio]|1.0|0.89	GO:0000786|GO:0003677|GO:0030527|GO:0046982
PRED|NP_001373708.1_C-X-C_motif_chemokine_11-1_precursor_[Danio_rerio]|1.0|0.78	GO:0005576|GO:0006955|GO:0008009
PRED|NP_001373716.1_histone_H3-like_[Danio_rerio]|0.52|0.7	GO:0000786|GO:0003677|GO:0030527|GO:0046982
PRED|NP_001376178.1_stromal_cell-derived_factor_1_isoform_2_precursor_[Gallus_gallus]|0.99|0.86	GO:0005576|GO:0006955|GO:0008009
PRED|NP_001379193.1_Stress-associated_endoplasmic_reticulum_protein_2_[Caenorhabditis_elegans]|0.72|0.89	GO:0005783|GO:0030968
PRED|NP_001379923.1_UPF0057_membrane_protein_F47B7.1_[Caenorhabditis_elegans]|0.58|0.75	GO:0016020
PRED|NP_001380031.1_Putative_ATP_synthase_subunit_epsilon_mitochondrial_[Caenorhabditis_elegans]|0.81|0.85	GO:0005743|GO:0015986|GO:0045259|GO:0046933
PRED|NP_001380038.1_Putative_insulin-like_peptide_beta-type_6_[Caenorhabditis_elegans]|0.66|0.88	GO:0005179|GO:0005576
PRED|NP_001380270.1_liver-expressed_antimicrobial_peptide_2_precursor_[Rattus_norvegicus]|0.99|0.91	GO:0042742|GO:0061844
PRED|NP_001380452.1_histone_H2B_type_3-B_[Mus_musculus]|1.0|0.81	GO:0000786|GO:0003677|GO:0030527|GO:0046982
PRED|NP_001381322.1_putative_lysozyme_C-2_precursor_[Rattus_norvegicus]|1.0|0.81	GO:0003796|GO:0050829|GO:0050830
PRED|NP_001381563.1_C-C_motif_chemokine_25_isoform_1_precursor_[Homo_sapiens]|0.99|0.8	GO:0005576|GO:0006955|GO:0008009
PRED|NP_001381564.1_C-C_motif_chemokine_25_isoform_1_precursor_[Homo_sapiens]|0.99|0.81	GO:0005576|GO:0006955|GO:0008009
PRED|NP_001381565.1_C-C_motif_chemokine_25_isoform_1_precursor_[Homo_sapiens]|0.99|0.8	GO:0005576|GO:0006955|GO:0008009
PRED|NP_001381566.1_C-C_motif_chemokine_25_isoform_1_precursor_[Homo_sapiens]|0.99|0.81	GO:0005576|GO:0006955|GO:0008009
PRED|NP_001381567.1_C-C_motif_chemokine_25_isoform_2_precursor_[Homo_sapiens]|0.99|0.8	GO:0005576|GO:0006955|GO:0008009
PRED|NP_001381889.1_NADH_dehydrogenase_[ubiquinone]_1_alpha_subcomplex_subunit_4-like_2_[Homo_sapiens]|0.55|0.76	GO:0005751
PRED|NP_001381890.1_NADH_dehydrogenase_[ubiquinone]_1_alpha_subcomplex_subunit_4-like_2_[Homo_sapiens]|0.55|0.79	GO:0005751
PRED|NP_001382153.1_NEDD4-binding_protein_2-like_2_isoform_21_[Homo_sapiens]|0.63|0.82	GO:0000122|GO:0003714|GO:0005634
PRED|NP_001382392.1_phospholipase_A2_membrane_associated_precursor_[Homo_sapiens]|1.0|0.92	GO:0004623|GO:0005509|GO:0005543|GO:0006644|GO:0016042|GO:0042130|GO:0047498
PRED|NP_001382413.1_sperm-associated_antigen_11A_isoform_3_precursor_[Homo_sapiens]|0.99|0.76	GO:0005576|GO:0061844
PRED|NP_001382675.1_serine_protease_inhibitor_Kazal-type_6_isoform_1_precursor_[Rattus_norvegicus]|1.0|0.93	GO:0004867
PRED|NP_001382676.1_serine_protease_inhibitor_Kazal-type_6_isoform_2_precursor_[Rattus_norvegicus]|1.0|0.93	GO:0004867
PRED|NP_001383355.1_histone_H4_type_VIII_[Gallus_gallus]|0.95|0.83	GO:0003677|GO:0030527|GO:0046982
PRED|NP_001383537.1_histone_H2A.V_[Gallus_gallus]|0.71|0.75	GO:0046982
PRED|NP_001383544.1_histone_H2A-IV_[Gallus_gallus]|1.0|0.71	GO:0000786|GO:0003677|GO:0030527|GO:0046982
PRED|NP_001383781.1_reactive_oxygen_species_modulator_1_[Gallus_gallus]|1.0|0.85	GO:0005744|GO:0030150|GO:0045039
PRED|NP_001383782.1_reactive_oxygen_species_modulator_1_[Gallus_gallus]|1.0|0.84	GO:0005744|GO:0030150|GO:0045039
PRED|NP_001383783.1_reactive_oxygen_species_modulator_1_[Gallus_gallus]|1.0|0.85	GO:0005744|GO:0030150|GO:0045039
PRED|NP_001383907.1_reactive_oxygen_species_modulator_1_[Gallus_gallus]|1.0|0.84	GO:0005744|GO:0030150|GO:0045039
PRED|NP_001384497.1_rapid_alkalinization_factor_1_precursor_[Zea_mays]|0.99|0.87	GO:0009506|GO:0019722
PRED|NP_001384880.1_metallothionein-like_protein_2B_[Oryza_sativa_Japonica_Group]|0.64|0.84	GO:0046872
PRED|NP_001385100.1_midkine_isoform_1_precursor_[Gallus_gallus]|0.98|0.9	GO:0008083
PRED|NP_001385101.1_midkine_isoform_1_precursor_[Gallus_gallus]|0.98|0.9	GO:0008083
PRED|NP_001385415.1_vps55_superfamily_protein_isoform_2_[Glycine_max]|0.7|0.71	GO:0005768|GO:0032511
PRED|NP_001385416.1_vps55_superfamily_protein_isoform_3_[Glycine_max]|0.65|0.71	GO:0005768|GO:0032511
PRED|NP_001385418.1_vps55_superfamily_protein_isoform_3_[Glycine_max]|0.65|0.71	GO:0005768|GO:0032511
PRED|NP_001386335.1_succinate_dehydrogenase_assembly_factor_4_mitochondrial_isoform_2_[Rattus_norvegicus]|0.63|0.7	GO:0005739|GO:0034553
PRED|NP_001386351.1_apelin_receptor_early_endogenous_ligand_precursor_[Mus_musculus]|0.97|0.85	GO:0007507|GO:0031704|GO:0060183
PRED|NP_001386353.1_apelin_receptor_early_endogenous_ligand_precursor_[Rattus_norvegicus]|0.98|0.91	GO:0007507|GO:0031704|GO:0060183
PRED|NP_001386496.1_kunitz-type_protease_inhibitor_3_precursor_[Rattus_norvegicus]|0.99|0.84	GO:0004867|GO:0005615
PRED|NP_001388428.1_prokineticin-2_isoform_4_precursor_[Mus_musculus]|0.6|0.93	GO:0001935
PRED|NP_001389030.1_serum_amyloid_A-3_protein_precursor_[Rattus_norvegicus]|0.99|0.9	GO:0005576
PRED|NP_001389050.1_ubiquitin-ribosomal_protein_eL40z_fusion_protein_[Oryza_sativa_Japonica_Group]|0.85|0.87	GO:0006412
PRED|NP_001389154.1_H3.3_histone_A_[Rattus_norvegicus]|0.5|0.73	GO:0000786|GO:0003677|GO:0030527|GO:0046982
PRED|NP_001389155.1_H3.3_histone_A_[Rattus_norvegicus]|0.5|0.73	GO:0000786|GO:0003677|GO:0030527|GO:0046982
PRED|NP_001389212.1_adipogenin_[Rattus_norvegicus]|0.54|0.77	GO:0045444
PRED|NP_001390014.1_serum_amyloid_A-1_protein_precursor_[Mus_musculus]|0.97|0.83	GO:0005576
PRED|NP_001390015.1_serum_amyloid_A-1_protein_precursor_[Mus_musculus]|0.97|0.74	GO:0005576
PRED|NP_001391370.1_non-specific_lipid-transfer_protein_4-like_precursor_[Oryza_sativa_Japonica_Group]|0.71|0.91	GO:0006869|GO:0008289
PRED|NP_001391371.1_non-specific_lipid-transfer_protein_3_precursor_[Oryza_sativa_Japonica_Group]|0.96|0.9	GO:0006869|GO:0008289
PRED|NP_001391561.1_non-specific_lipid-transfer_protein_3-like_precursor_[Oryza_sativa_Japonica_Group]|0.96|0.9	GO:0006869|GO:0008289
PRED|NP_001391563.1_non-specific_lipid-transfer_protein_2B_precursor_[Oryza_sativa_Japonica_Group]|1.0|0.92	GO:0006869|GO:0008289
PRED|NP_001391564.1_non-specific_lipid-transfer_protein_1_precursor_[Oryza_sativa_Japonica_Group]|1.0|0.94	GO:0006869|GO:0008289
PRED|NP_001391721.1_non-specific_lipid-transfer_protein_2A_precursor_[Oryza_sativa_Japonica_Group]|1.0|0.92	GO:0006869|GO:0008289
PRED|NP_001395572.1_histone_H2B_[Rattus_norvegicus]|0.99|0.8	GO:0000786|GO:0003677|GO:0030527|GO:0046982
PRED|NP_001395600.1_eosinophil-associated_ribonuclease_A_family_member_1_precursor_[Rattus_norvegicus]|0.98|0.93	GO:0002227|GO:0003676|GO:0004540|GO:0005615|GO:0006935|GO:0050830
PRED|NP_001395683.1_histone_cluster_1_H2B_family_member_l_[Rattus_norvegicus]|1.0|0.84	GO:0000786|GO:0003677|GO:0030527|GO:0046982
PRED|NP_001395688.1_histone_H2A_type_1-E_[Rattus_norvegicus]|0.95|0.84	GO:0003677|GO:0030527|GO:0046982
PRED|NP_001395691.1_histone_cluster_3_H3_[Rattus_norvegicus]|0.65|0.7	GO:0000786|GO:0003677|GO:0030527|GO:0046982
PRED|NP_001395693.1_histone_cluster_1_H2bc_[Rattus_norvegicus]|1.0|0.78	GO:0000786|GO:0003677|GO:0030527|GO:0046982
PRED|NP_001395694.1_histone_cluster_1_H3b_[Rattus_norvegicus]|0.65|0.7	GO:0000786|GO:0003677|GO:0030527|GO:0046982
PRED|NP_001395777.1_histone_cluster_2_H2B_family_member_E_[Rattus_norvegicus]|1.0|0.82	GO:0000786|GO:0003677|GO:0030527|GO:0046982
PRED|NP_001395862.1_H2B_clustered_histone_like_2_[Rattus_norvegicus]|1.0|0.85	GO:0000786|GO:0003677|GO:0030527|GO:0046982
PRED|NP_001395897.1_ribonuclease_16-like_precursor_[Rattus_norvegicus]|0.62|0.89	GO:0002227|GO:0003676|GO:0004540|GO:0005615|GO:0006935|GO:0050830
PRED|NP_001395954.1_histone_H2B_type_1-N-like_[Rattus_norvegicus]|1.0|0.83	GO:0000786|GO:0003677|GO:0030527|GO:0046982
PRED|NP_001396013.1_histone_H2B.11_[Oryza_sativa_Japonica_Group]|0.72|0.8	GO:0000786|GO:0003677|GO:0030527|GO:0046982
PRED|NP_001396017.1_histone_H2B_type_1-C/E/G-like_[Rattus_norvegicus]|1.0|0.85	GO:0000786|GO:0003677|GO:0030527|GO:0046982
PRED|NP_001396019.1_histone_cluster_1_H2bd-like_[Rattus_norvegicus]|1.0|0.85	GO:0000786|GO:0003677|GO:0030527|GO:0046982
PRED|NP_001396026.1_H2B_clustered_histone_6_[Rattus_norvegicus]|1.0|0.85	GO:0000786|GO:0003677|GO:0030527|GO:0046982
PRED|NP_001396284.1_hemoglobin_subunit_beta-2_[Rattus_norvegicus]|0.98|0.8	GO:0004601|GO:0005344|GO:0005833|GO:0015671|GO:0019825|GO:0020037|GO:0031720|GO:0031721|GO:0031838|GO:0042744|GO:0043177|GO:0072562
PRED|NP_001397165.1_cholecystokinin_isoform_1_preproprotein_[Mus_musculus]|0.72|0.75	GO:0005179|GO:0005184|GO:0005576|GO:0005615|GO:0007586|GO:0030424
PRED|NP_001397202.1_pleiotrophin_precursor_[Mus_musculus]|1.0|0.89	GO:0005576|GO:0008083
PRED|NP_001398766.1_mesotrypsin-like_precursor_[Mus_musculus]|0.56|0.78	GO:0004252|GO:0005615|GO:0006508
PRED|NP_001398935.1_angiogenin_precursor_[Rattus_norvegicus]|0.98|0.76	GO:0001525|GO:0003676|GO:0004540|GO:0005615|GO:0019731|GO:0045087|GO:0050830|GO:0061844
PRED|NP_001399508.1_beta-defensin_136_precursor_[Rattus_norvegicus]|0.98|0.93	GO:0001530|GO:0042742|GO:0061760|GO:0140367
PRED|NP_001399509.1_beta-defensin_42_precursor_[Mus_musculus]|1.0|0.92	GO:0001530|GO:0042742|GO:0061760|GO:0140367
PRED|NP_001400143.1_midkine_precursor_[Rattus_norvegicus]|1.0|0.93	GO:0008083
PRED|NP_001401925.1_putative_phytosulfokines_6-like_isoform_2_precursor_[Glycine_max]|0.9|0.71	GO:0005576|GO:0008083|GO:0008283
PRED|NP_001403180.1_lysozyme-like_protein_1_isoform_2_[Mus_musculus]|0.99|0.88	GO:0003796
PRED|NP_001403243.1_H2B_clustered_histone_18_[Rattus_norvegicus]|1.0|0.85	GO:0000786|GO:0003677|GO:0030527|GO:0046982
PRED|NP_001403367.1_lymphocyte_antigen_6_complex_locus_G2_isoform_2_precursor_[Mus_musculus]|0.69|0.72	GO:0005886|GO:0030550|GO:0033130|GO:0095500
PRED|NP_001403427.1_expansin-A23_precursor_[Oryza_sativa_Japonica_Group]|0.6|0.71	GO:0005576|GO:0009664
PRED|NP_001404088.1_non-specific_lipid-transfer_protein_2_precursor_[Oryza_sativa_Japonica_Group]|0.97|0.94	GO:0006869
PRED|NP_001404100.1_defensin-like_protein_precursor_[Oryza_sativa_Japonica_Group]|1.0|0.92	GO:0006952
PRED|NP_001404595.1_expansin-A6_precursor_[Oryza_sativa_Japonica_Group]|0.55|0.77	GO:0005576|GO:0009664
PRED|NP_001404904.1_protein_S100-A6_isoform_4_[Mus_musculus]|1.0|0.75	GO:0005509|GO:0005615|GO:0005634|GO:0044548|GO:0048306|GO:0048471|GO:0062023
PRED|NP_001404905.1_protein_S100-A6_isoform_5_[Mus_musculus]|1.0|0.75	GO:0005509|GO:0005615|GO:0005634|GO:0044548|GO:0048306|GO:0048471|GO:0062023
PRED|NP_001404906.1_protein_S100-A6_isoform_6_[Mus_musculus]|1.0|0.74	GO:0005509|GO:0005615|GO:0005634|GO:0044548|GO:0048306|GO:0048471|GO:0062023
PRED|NP_001405896.1_probable_histone_H2AXa_[Oryza_sativa_Japonica_Group]|0.68|0.73	GO:0046982
PRED|NP_001406128.1_C-X-C_motif_chemokine_13_isoform_1_precursor_[Rattus_norvegicus]|0.96|0.9	GO:0005576|GO:0006955|GO:0008009
PRED|NP_001406751.1_histone_H4_[Oryza_sativa_Japonica_Group]|0.96|0.87	GO:0003677|GO:0030527|GO:0046982
PRED|NP_001406994.1_probable_histone_H2A.6_[Oryza_sativa_Japonica_Group]|0.87|0.74	GO:0000786|GO:0003677|GO:0030527|GO:0046982
PRED|NP_001407225.1_expansin-A33_precursor_[Oryza_sativa_Japonica_Group]|0.58|0.81	GO:0005576|GO:0009664
PRED|NP_001407341.1_midkine_isoform_b_[Mus_musculus]|0.88|0.93	GO:0008083
PRED|NP_001407405.1_modulator_of_smoothened_protein_isoform_3_[Mus_musculus]|0.62|0.9	GO:0005794|GO:0045879|GO:0060170
PRED|NP_001407406.1_modulator_of_smoothened_protein_isoform_4_[Mus_musculus]|0.79|0.91	GO:0005794|GO:0045879|GO:0060170
PRED|NP_001407476.1_expansin-A4_precursor_[Oryza_sativa_Japonica_Group]|0.52|0.72	GO:0005576|GO:0009664
PRED|NP_001407817.1_histone_H2B.9_[Oryza_sativa_Japonica_Group]|0.92|0.82	GO:0000786|GO:0003677|GO:0030527|GO:0046982
PRED|NP_001408989.1_seed_allergenic_protein_RAG1_precursor_[Oryza_sativa_Japonica_Group]|0.92|0.87	GO:0004867
PRED|NP_001409537.1_histone_H2B.2_[Oryza_sativa_Japonica_Group]|0.89|0.81	GO:0000786|GO:0003677|GO:0030527|GO:0046982
PRED|NP_001409615.1_expansin-A32_precursor_[Oryza_sativa_Japonica_Group]|0.77|0.71	GO:0005576|GO:0009664
PRED|NP_001409825.1_non-specific_lipid-transfer_protein_A_precursor_[Oryza_sativa_Japonica_Group]|0.64|0.76	GO:0006869|GO:0008289
PRED|NP_001409878.1_ubiquitin-ribosomal_protein_eL40y_fusion_protein_[Oryza_sativa_Japonica_Group]|0.85|0.87	GO:0006412
PRED|NP_001410232.1_si:dkey-261m9.9_[Danio_rerio]|0.95|0.83	GO:0003677|GO:0030527|GO:0046982
PRED|NP_001410235.1_si:dkey-261m9.13_[Danio_rerio]|0.95|0.84	GO:0003677|GO:0030527|GO:0046982
PRED|NP_001410330.1_si:dkey-151g10.6_[Danio_rerio]|0.96|0.81	GO:0003735|GO:0005840|GO:0006412
PRED|NP_001410485.1_probable_histone_H2AXb_[Oryza_sativa_Japonica_Group]|0.64|0.71	GO:0000786|GO:0003677|GO:0030527|GO:0046982
PRED|NP_001410792.1_C-X-C_motif_chemokine_11-6_precursor_[Danio_rerio]|0.98|0.75	GO:0005576|GO:0006955|GO:0008009
PRED|NP_001411736.1_phospholipase_A2_group_V_precursor_[Mus_musculus]|0.7|0.85	GO:0004623|GO:0005509|GO:0005543|GO:0006644|GO:0016042|GO:0042130|GO:0047498|GO:0050482
PRED|NP_001411737.1_phospholipase_A2_group_V_precursor_[Mus_musculus]|0.7|0.85	GO:0004623|GO:0005509|GO:0005543|GO:0006644|GO:0016042|GO:0042130|GO:0047498|GO:0050482
PRED|NP_001411804.1_scrapie-responsive_protein_1_precursor_[Mus_musculus]|0.87|0.93	GO:0005794|GO:0044306
PRED|NP_001411852.1_probable_histone_H2A.3_[Medicago_truncatula]|0.89|0.7	GO:0000786|GO:0003677|GO:0030527|GO:0046982
PRED|NP_001411956.1_probable_histone_H2B.1_[Medicago_truncatula]|0.91|0.81	GO:0000786|GO:0003677|GO:0030527|GO:0046982
PRED|NP_001412282.1_wound-induced_protein_WIN1_precursor_[Solanum_tuberosum]|0.95|0.77	GO:0004540|GO:0006952|GO:0008061
PRED|NP_001412652.1_histone_H2B.1_[Oryza_sativa_Japonica_Group]|0.85|0.77	GO:0000786|GO:0003677|GO:0030527|GO:0046982
PRED|NP_001412656.1_probable_histone_H2A.5_[Oryza_sativa_Japonica_Group]|0.83|0.75	GO:0000786|GO:0003677|GO:0030527|GO:0046982
PRED|NP_001413543.1_small_polypeptide_ROTUNDIFOLIA_LIKE_2_[Oryza_sativa_Japonica_Group]|0.52|0.8	GO:0008285
PRED|NP_001415043.1_probable_histone_H2A.5_[Oryza_sativa_Japonica_Group]|0.83|0.75	GO:0000786|GO:0003677|GO:0030527|GO:0046982
PRED|NP_001415045.1_histone_H2B.10_[Oryza_sativa_Japonica_Group]|0.92|0.81	GO:0000786|GO:0003677|GO:0030527|GO:0046982
PRED|NP_001415046.1_histone_H2B.5_[Oryza_sativa_Japonica_Group]|0.98|0.83	GO:0000786|GO:0003677|GO:0030527|GO:0046982
PRED|NP_001415047.1_histone_H2B.7_[Oryza_sativa_Japonica_Group]|0.94|0.82	GO:0000786|GO:0003677|GO:0030527|GO:0046982
PRED|NP_001415048.1_histone_H2B.6_[Oryza_sativa_Japonica_Group]|0.96|0.83	GO:0000786|GO:0003677|GO:0030527|GO:0046982
PRED|NP_001415060.1_histone_H2B.5_[Oryza_sativa_Japonica_Group]|0.76|0.81	GO:0000786|GO:0003677|GO:0030527|GO:0046982
PRED|NP_001415061.1_histone_H2B.3_[Oryza_sativa_Japonica_Group]|0.94|0.82	GO:0000786|GO:0003677|GO:0030527|GO:0046982
PRED|NP_001415064.1_histone_H2B.4_[Oryza_sativa_Japonica_Group]|0.94|0.75	GO:0000786|GO:0003677|GO:0030527|GO:0046982
PRED|NP_001417297.1_chemokine-like_protein_TAFA-5a_isoform_1_[Danio_rerio]|0.93|0.8	GO:0001664|GO:0005615|GO:0007186|GO:0048018
PRED|NP_001417298.1_chemokine-like_protein_TAFA-5a_isoform_2_[Danio_rerio]|0.91|0.79	GO:0001664|GO:0005615|GO:0007186|GO:0048018
PRED|NP_001417934.1_histone_H4_h4.1_[Schizosaccharomyces_pombe]|0.93|0.73	GO:0003677|GO:0030527|GO:0046982
PRED|NP_001417962.1_mitochondrial_TOM_complex_subunit_Tom7_[Schizosaccharomyces_pombe]|0.68|0.76	GO:0005741|GO:0005742|GO:0030150|GO:0045040
PRED|NP_001428741.1_putative_C-type_lectin-like_domain_family_1_isoform_8_precursor_[Homo_sapiens]|0.82|0.81	GO:0005886
PRED|NP_001428742.1_putative_C-type_lectin-like_domain_family_1_isoform_8_precursor_[Homo_sapiens]|0.77|0.81	GO:0005886
PRED|NP_001428743.1_putative_C-type_lectin-like_domain_family_1_isoform_8_precursor_[Homo_sapiens]|0.77|0.81	GO:0005886
PRED|NP_001502.1_growth-regulated_alpha_protein_precursor_[Homo_sapiens]|1.0|0.91	GO:0005576|GO:0006955|GO:0008009
PRED|NP_001515.1_hypocretin_neuropeptide_precursor_precursor_[Homo_sapiens]|0.61|0.9	GO:0001659|GO:0005184|GO:0007218|GO:0007631|GO:0030431|GO:0031771|GO:0031772|GO:0042594|GO:0042755|GO:0046928|GO:0048471|GO:0051971
PRED|NP_001556.2_C-X-C_motif_chemokine_10_precursor_[Homo_sapiens]|1.0|0.74	GO:0005576|GO:0006955|GO:0008009
PRED|NP_001636.1_apolipoprotein_C-I_isoform_a_precursor_[Homo_sapiens]|0.51|0.71	GO:0004859|GO:0005504|GO:0005576|GO:0006641|GO:0010916|GO:0032375|GO:0034361|GO:0034364|GO:0034447|GO:0042157|GO:0050995|GO:0051005
PRED|NP_001663.2_agouti-signaling_protein_precursor_[Homo_sapiens]|0.91|0.82	GO:0005184|GO:0005576|GO:0005615|GO:0009755|GO:0031779|GO:0032438
PRED|NP_001691.1_azurocidin_preproprotein_[Homo_sapiens]|0.89|0.84	GO:0004252
PRED|NP_001916.1_defensin_alpha_4_preproprotein_[Homo_sapiens]|1.0|0.87	GO:0005576|GO:0006952
PRED|NP_001917.1_defensin-6_preproprotein_[Homo_sapiens]|1.0|0.88	GO:0005576|GO:0006952
PRED|NP_001988.1_ubiquitin-like_FUBI-ribosomal_protein_eS30_fusion_protein_precursor_[Homo_sapiens]|1.0|0.88	GO:0003735|GO:0005840|GO:0006412|GO:0022627
PRED|NP_002029.3_interferon_alpha-inducible_protein_6_isoform_a_precursor_[Homo_sapiens]|0.54|0.78	GO:0001836|GO:0016020|GO:0031966|GO:0043154|GO:0051902|GO:0097193|GO:2001240
PRED|NP_002080.1_C-X-C_motif_chemokine_2_precursor_[Homo_sapiens]|1.0|0.92	GO:0005576|GO:0006955|GO:0008009
PRED|NP_002081.2_C-X-C_motif_chemokine_3_precursor_[Homo_sapiens]|1.0|0.92	GO:0005576|GO:0006955|GO:0008009
PRED|NP_002097.1_histone_H2A.Z_[Homo_sapiens]|0.71|0.73	GO:0046982
PRED|NP_002098.1_histone_H3.3_[Homo_sapiens]|0.5|0.74	GO:0000786|GO:0003677|GO:0030527|GO:0046982
PRED|NP_002382.1_midkine_isoform_a_precursor_[Homo_sapiens]|1.0|0.94	GO:0008083
PRED|NP_002407.1_C-X-C_motif_chemokine_9_precursor_[Homo_sapiens]|0.99|0.9	GO:0005576|GO:0006955|GO:0008009
PRED|NP_002610.1_platelet_factor_4_isoform_1_precursor_[Homo_sapiens]|1.0|0.74	GO:0005576|GO:0006955|GO:0008009
PRED|NP_002611.1_platelet_factor_4_variant_precursor_[Homo_sapiens]|1.0|0.78	GO:0005576|GO:0006955|GO:0008009
PRED|NP_002643.1_prolactin-inducible_protein_precursor_[Homo_sapiens]|0.82|0.72	GO:0002682|GO:0004190|GO:0005576|GO:0005615|GO:0006508
PRED|NP_002695.1_platelet_basic_protein_preproprotein_[Homo_sapiens]|1.0|0.77	GO:0005576|GO:0006955|GO:0008009
PRED|NP_002719.3_bone_marrow_proteoglycan_isoform_1_preproprotein_[Homo_sapiens]|0.65|0.86	GO:0006955
PRED|NP_002761.1_trypsin-2_isoform_2_preproprotein_[Homo_sapiens]|0.79|0.79	GO:0004252|GO:0005615|GO:0006508
PRED|NP_002816.1_pleiotrophin_isoform_1_precursor_[Homo_sapiens]|1.0|0.87	GO:0005576|GO:0008083
PRED|NP_002924.1_ribonuclease_pancreatic_precursor_[Homo_sapiens]|0.99|0.72	GO:0003676|GO:0004540|GO:0050830|GO:0090501
PRED|NP_002925.1_non-secretory_ribonuclease_precursor_[Homo_sapiens]|0.99|0.92	GO:0002227|GO:0003676|GO:0004540|GO:0005615|GO:0006935
PRED|NP_002926.2_eosinophil_cationic_protein_precursor_[Homo_sapiens]|0.99|0.85	GO:0002227|GO:0003676|GO:0004540|GO:0005615|GO:0006935|GO:0050830
PRED|NP_002928.1_ribonuclease_4_precursor_[Homo_sapiens]|1.0|0.88	GO:0003676|GO:0004540|GO:0005615|GO:0050830
PRED|NP_002945.1_ubiquitin-ribosomal_protein_eS31_fusion_protein_precursor_[Homo_sapiens]|0.69|0.76	GO:0003735|GO:0005840|GO:0006412
PRED|NP_002972.1_C-C_motif_chemokine_1_precursor_[Homo_sapiens]|0.63|0.78	GO:0005576|GO:0006955|GO:0008009
PRED|NP_002973.1_C-C_motif_chemokine_2_precursor_[Homo_sapiens]|1.0|0.91	GO:0005576|GO:0005615|GO:0006954|GO:0006955|GO:0008009|GO:0030335|GO:0043547|GO:0048020|GO:0048245|GO:0060326|GO:0061844|GO:0070098
PRED|NP_002974.1_C-C_motif_chemokine_3_precursor_[Homo_sapiens]|1.0|0.76	GO:0005576|GO:0005615|GO:0006954|GO:0006955|GO:0008009|GO:0030335|GO:0043547|GO:0048020|GO:0060326|GO:0061844|GO:0070098
PRED|NP_002976.2_C-C_motif_chemokine_5_isoform_1_precursor_[Homo_sapiens]|1.0|0.83	GO:0005576|GO:0005615|GO:0006954|GO:0006955|GO:0008009|GO:0030335|GO:0043547|GO:0048020|GO:0048245|GO:0060326|GO:0061844|GO:0070098
PRED|NP_002977.1_eotaxin_precursor_[Homo_sapiens]|1.0|0.88	GO:0005576|GO:0005615|GO:0006954|GO:0006955|GO:0008009|GO:0030335|GO:0043547|GO:0048020|GO:0048245|GO:0060326|GO:0061844|GO:0070098
PRED|NP_002978.1_C-C_motif_chemokine_17_precursor_[Homo_sapiens]|1.0|0.91	GO:0005576|GO:0006955|GO:0008009
PRED|NP_002979.1_C-C_motif_chemokine_18_precursor_[Homo_sapiens]|1.0|0.83	GO:0005576|GO:0005615|GO:0006954|GO:0006955|GO:0008009|GO:0030335|GO:0043547|GO:0048020|GO:0060326|GO:0061844|GO:0070098
PRED|NP_002980.1_C-C_motif_chemokine_21_precursor_[Homo_sapiens]|1.0|0.84	GO:0005576|GO:0005615|GO:0006954|GO:0006955|GO:0008009|GO:0030335|GO:0043547|GO:0048020|GO:0048245|GO:0060326|GO:0061844|GO:0070098
PRED|NP_002981.2_C-C_motif_chemokine_22_precursor_[Homo_sapiens]|1.0|0.9	GO:0005576|GO:0005615|GO:0006954|GO:0006955|GO:0008009|GO:0030335|GO:0043547|GO:0048020|GO:0048245|GO:0060326|GO:0061844|GO:0070098
PRED|NP_002982.2_C-C_motif_chemokine_24_precursor_[Homo_sapiens]|0.99|0.87	GO:0005576|GO:0005615|GO:0006954|GO:0006955|GO:0008009|GO:0030335|GO:0043547|GO:0048020|GO:0048245|GO:0060326|GO:0061844|GO:0070098
PRED|NP_002984.1_C-X-C_motif_chemokine_6_precursor_[Homo_sapiens]|1.0|0.91	GO:0005576|GO:0006955|GO:0008009
PRED|NP_002985.1_C-X-C_motif_chemokine_5_precursor_[Homo_sapiens]|1.0|0.79	GO:0005576|GO:0006955|GO:0008009
PRED|NP_002986.1_lymphotactin_precursor_[Homo_sapiens]|1.0|0.77	GO:0005576|GO:0005615|GO:0006954|GO:0006955|GO:0008009|GO:0030335|GO:0043547|GO:0048020|GO:0060326|GO:0061844|GO:0070098
PRED|NP_003113.2_serine_protease_inhibitor_Kazal-type_1_precursor_[Homo_sapiens]|0.95|0.81	GO:0004867
PRED|NP_003145.1_statherin_isoform_a_precursor_[Homo_sapiens]|0.98|0.71	GO:0005576|GO:0030500|GO:0042742|GO:0046848
PRED|NP_003216.1_trefoil_factor_1_precursor_[Homo_sapiens]|0.91|0.81	GO:0005615|GO:0030277
PRED|NP_003324.1_ubiquitin-ribosomal_protein_eL40_fusion_protein_isoform_1_precursor_[Homo_sapiens]|0.92|0.89	GO:0006412
PRED|NP_003486.1_histone_H4_[Homo_sapiens]|0.95|0.84	GO:0003677|GO:0030527|GO:0046982
PRED|NP_003509.1_histone_H2B_type_1-C/E/F/G/I_[Homo_sapiens]|1.0|0.85	GO:0000786|GO:0003677|GO:0030527|GO:0046982
PRED|NP_003510.1_histone_H2B_type_1-L_[Homo_sapiens]|1.0|0.76	GO:0000786|GO:0003677|GO:0030527|GO:0046982
PRED|NP_003511.1_histone_H2B_type_1-N_[Homo_sapiens]|1.0|0.83	GO:0000786|GO:0003677|GO:0030527|GO:0046982
PRED|NP_003512.1_histone_H2B_type_1-M_[Homo_sapiens]|1.0|0.85	GO:0000786|GO:0003677|GO:0030527|GO:0046982
PRED|NP_003513.1_histone_H2B_type_1-C/E/F/G/I_[Homo_sapiens]|1.0|0.85	GO:0000786|GO:0003677|GO:0030527|GO:0046982
PRED|NP_003514.2_histone_H2B_type_1-C/E/F/G/I_[Homo_sapiens]|1.0|0.85	GO:0000786|GO:0003677|GO:0030527|GO:0046982
PRED|NP_003515.1_histone_H2B_type_1-H_[Homo_sapiens]|1.0|0.86	GO:0000786|GO:0003677|GO:0030527|GO:0046982
PRED|NP_003516.1_histone_H2B_type_1-C/E/F/G/I_[Homo_sapiens]|1.0|0.85	GO:0000786|GO:0003677|GO:0030527|GO:0046982
PRED|NP_003517.2_histone_H2B_type_1-C/E/F/G/I_[Homo_sapiens]|1.0|0.85	GO:0000786|GO:0003677|GO:0030527|GO:0046982
PRED|NP_003518.2_histone_H2B_type_1-O_[Homo_sapiens]|1.0|0.87	GO:0000786|GO:0003677|GO:0030527|GO:0046982
PRED|NP_003519.1_histone_H2B_type_2-E_[Homo_sapiens]|1.0|0.86	GO:0000786|GO:0003677|GO:0030527|GO:0046982
PRED|NP_003520.1_histone_H3.1_[Homo_sapiens]|0.65|0.7	GO:0000786|GO:0003677|GO:0030527|GO:0046982
PRED|NP_003522.1_histone_H3.1_[Homo_sapiens]|0.65|0.7	GO:0000786|GO:0003677|GO:0030527|GO:0046982
PRED|NP_003523.1_histone_H3.1_[Homo_sapiens]|0.65|0.7	GO:0000786|GO:0003677|GO:0030527|GO:0046982
PRED|NP_003524.1_histone_H3.1_[Homo_sapiens]|0.65|0.7	GO:0000786|GO:0003677|GO:0030527|GO:0046982
PRED|NP_003526.1_histone_H3.1_[Homo_sapiens]|0.65|0.7	GO:0000786|GO:0003677|GO:0030527|GO:0046982
PRED|NP_003528.1_histone_H3.1_[Homo_sapiens]|0.65|0.7	GO:0000786|GO:0003677|GO:0030527|GO:0046982
PRED|NP_003529.1_histone_H4_[Homo_sapiens]|0.95|0.84	GO:0003677|GO:0030527|GO:0046982
PRED|NP_003530.1_histone_H4_[Homo_sapiens]|0.95|0.79	GO:0003677|GO:0030527|GO:0046982
PRED|NP_003531.1_histone_H4_[Homo_sapiens]|0.95|0.84	GO:0003677|GO:0030527|GO:0046982
PRED|NP_003532.1_histone_H4_[Homo_sapiens]|0.95|0.84	GO:0003677|GO:0030527|GO:0046982
PRED|NP_003533.1_histone_H4_[Homo_sapiens]|0.95|0.84	GO:0003677|GO:0030527|GO:0046982
PRED|NP_003534.1_histone_H4_[Homo_sapiens]|0.95|0.84	GO:0003677|GO:0030527|GO:0046982
PRED|NP_003535.1_histone_H4_[Homo_sapiens]|0.95|0.84	GO:0003677|GO:0030527|GO:0046982
PRED|NP_003536.1_histone_H4_[Homo_sapiens]|0.95|0.79	GO:0003677|GO:0030527|GO:0046982
PRED|NP_003537.1_histone_H4_[Homo_sapiens]|0.95|0.84	GO:0003677|GO:0030527|GO:0046982
PRED|NP_003538.1_histone_H4-like_protein_type_G_[Homo_sapiens]|0.88|0.81	GO:0003677|GO:0030527|GO:0046982
PRED|NP_003539.1_histone_H4_[Homo_sapiens]|0.95|0.84	GO:0003677|GO:0030527|GO:0046982
PRED|NP_003641.3_cystatin-F_precursor_[Homo_sapiens]|0.87|0.74	GO:0004869|GO:0005615|GO:0005764|GO:0005770|GO:0005783|GO:0005794|GO:0006955|GO:0031643|GO:0097340|GO:1903979
PRED|NP_004075.1_neutrophil_defensin_1_preproprotein_[Homo_sapiens]|1.0|0.89	GO:0005576|GO:0006952
PRED|NP_004581.1_C-C_motif_chemokine_16_precursor_[Homo_sapiens]|0.98|0.78	GO:0005576|GO:0005615|GO:0006954|GO:0006955|GO:0008009|GO:0030335|GO:0043547|GO:0048020|GO:0048245|GO:0060326|GO:0061844|GO:0070098
PRED|NP_004582.1_C-C_motif_chemokine_20_isoform_1_precursor_[Homo_sapiens]|1.0|0.94	GO:0005576|GO:0006955|GO:0008009
PRED|NP_004878.3_C-X-C_motif_chemokine_14_precursor_[Homo_sapiens]|1.0|0.77	GO:0005576|GO:0006955|GO:0008009
PRED|NP_004933.1_defensin_beta_4A_precursor_[Homo_sapiens]|1.0|0.93	GO:0005576|GO:0005615|GO:0006952|GO:0031731|GO:0042056|GO:0042742|GO:0060326
PRED|NP_005082.1_peptidoglycan_recognition_protein_1_precursor_[Homo_sapiens]|1.0|0.78	GO:0016019|GO:0016045|GO:0042834|GO:0050830
PRED|NP_005208.1_neutrophil_defensin_3_preproprotein_[Homo_sapiens]|1.0|0.88	GO:0005576|GO:0006952
PRED|NP_005209.1_beta-defensin_1_preproprotein_[Homo_sapiens]|1.0|0.93	GO:0002227|GO:0005615|GO:0031731|GO:0050829|GO:0050830
PRED|NP_005315.1_histone_H3.3_[Homo_sapiens]|0.5|0.74	GO:0000786|GO:0003677|GO:0030527|GO:0046982
PRED|NP_005321.1_hemoglobin_subunit_epsilon_[Homo_sapiens]|0.96|0.7	GO:0004601|GO:0005344|GO:0005833|GO:0015671|GO:0019825|GO:0020037|GO:0031720|GO:0031721|GO:0031838|GO:0042744|GO:0043177|GO:0072562
PRED|NP_005399.1_C-C_motif_chemokine_13_precursor_[Homo_sapiens]|1.0|0.92	GO:0005576|GO:0005615|GO:0006954|GO:0006955|GO:0008009|GO:0030335|GO:0043547|GO:0048020|GO:0048245|GO:0060326|GO:0061844|GO:0070098
PRED|NP_005400.1_C-X-C_motif_chemokine_11_isoform_1_precursor_[Homo_sapiens]|1.0|0.78	GO:0005576|GO:0006955|GO:0008009
PRED|NP_005508.1_non-histone_chromosomal_protein_HMG-17_[Homo_sapiens]|0.98|0.82	GO:0000785|GO:0003682|GO:0005634|GO:0006325|GO:0031492
PRED|NP_005606.1_ribonuclease_K6_precursor_[Homo_sapiens]|1.0|0.89	GO:0003676|GO:0004540|GO:0005615|GO:0019731|GO:0045087|GO:0050829|GO:0050830|GO:0061844
PRED|NP_005614.2_C-C_motif_chemokine_8_precursor_[Homo_sapiens]|1.0|0.91	GO:0005576|GO:0005615|GO:0006954|GO:0006955|GO:0008009|GO:0030335|GO:0043547|GO:0048020|GO:0048245|GO:0060326|GO:0061844|GO:0070098
PRED|NP_005615.2_C-C_motif_chemokine_25_isoform_1_precursor_[Homo_sapiens]|0.99|0.8	GO:0005576|GO:0006955|GO:0008009
PRED|NP_006063.1_C-C_motif_chemokine_26_precursor_[Homo_sapiens]|1.0|0.91	GO:0005576|GO:0005615|GO:0006954|GO:0006955|GO:0008009|GO:0030335|GO:0043547|GO:0048020|GO:0048245|GO:0060326|GO:0061844|GO:0070098
PRED|NP_006084.2_proteoglycan_3_precursor_[Homo_sapiens]|0.62|0.88	GO:0006955
PRED|NP_006264.2_C-C_motif_chemokine_7_precursor_[Homo_sapiens]|1.0|0.89	GO:0005576|GO:0005615|GO:0006954|GO:0006955|GO:0008009|GO:0030335|GO:0043547|GO:0048020|GO:0048245|GO:0060326|GO:0061844|GO:0070098
PRED|NP_006265.1_C-C_motif_chemokine_19_precursor_[Homo_sapiens]|0.97|0.85	GO:0005576|GO:0005615|GO:0006954|GO:0006955|GO:0008009|GO:0030335|GO:0043547|GO:0048020|GO:0048245|GO:0060326|GO:0061844|GO:0070098
PRED|NP_006344.1_high_mobility_group_nucleosome-binding_domain-containing_protein_4_[Homo_sapiens]|0.74|0.79	GO:0000785|GO:0003682|GO:0005634|GO:0006325|GO:0031492
PRED|NP_006410.1_C-X-C_motif_chemokine_13_precursor_[Homo_sapiens]|1.0|0.88	GO:0005576|GO:0006955|GO:0008009
PRED|NP_006424.2_granulysin_isoform_2_precursor_[Homo_sapiens]|1.0|0.77	GO:0031640|GO:0042742|GO:0044194|GO:0061844
PRED|NP_006511.1_dynein_light_chain_Tctex-type_3_[Homo_sapiens]|0.71|0.7	GO:0005737|GO:0005868|GO:0007018|GO:0045505
PRED|NP_006543.1_secretoglobin_family_1D_member_1_precursor_[Homo_sapiens]|0.99|0.81	GO:0005615
PRED|NP_006643.1_kunitz-type_protease_inhibitor_3_precursor_[Homo_sapiens]|1.0|0.89	GO:0004867|GO:0005615
PRED|NP_006655.1_C-C_motif_chemokine_27_precursor_[Homo_sapiens]|1.0|0.91	GO:0005576|GO:0006955|GO:0008009
PRED|NP_006676.1_submaxillary_gland_androgen-regulated_protein_3B_precursor_[Homo_sapiens]|0.86|0.85	GO:0004866|GO:0005615|GO:0051930
PRED|NP_009212.1_scrapie-responsive_protein_1_precursor_[Homo_sapiens]|0.96|0.91	GO:0005794|GO:0044306
PRED|NP_009553.1_histone_H2B_[Saccharomyces_cerevisiae_S288C]|0.51|0.7	GO:0000786|GO:0003677|GO:0030527|GO:0046982
PRED|NP_009563.1_histone_H4_[Saccharomyces_cerevisiae_S288C]|0.86|0.75	GO:0003677|GO:0030527|GO:0046982
PRED|NP_010097.1_60S_ribosomal_protein_eL41_RPL41A_[Saccharomyces_cerevisiae_S288C]|0.93|0.84	GO:0003735|GO:0005840|GO:0006412
PRED|NP_010148.1_60S_ribosomal_protein_eL41_RPL41B_[Saccharomyces_cerevisiae_S288C]|0.93|0.84	GO:0003735|GO:0005840|GO:0006412
PRED|NP_010510.3_histone_H2B_[Saccharomyces_cerevisiae_S288C]|0.54|0.7	GO:0000786|GO:0003677|GO:0030527|GO:0046982
PRED|NP_010898.1_proteolipid_ATPase_[Saccharomyces_cerevisiae_S288C]|0.83|0.87	GO:0030234|GO:0050790
PRED|NP_011483.3_Aga2p_[Saccharomyces_cerevisiae_S288C]|0.74|0.77	GO:0000752|GO:0009277|GO:0050839
PRED|NP_012118.1_ubiquitin-60S_ribosomal_protein_eL40_RPL40A_fusion_protein_[Saccharomyces_cerevisiae_S288C]|0.97|0.88	GO:0006412
PRED|NP_013020.3_ubiquitin-60S_ribosomal_protein_eL40_RPL40B_fusion_protein_[Saccharomyces_cerevisiae_S288C]|0.97|0.88	GO:0006412
PRED|NP_013268.1_ubiquitin-40S_ribosomal_protein_eS31_RPS31_fusion_protein_[Saccharomyces_cerevisiae_S288C]|0.52|0.8	GO:0003735|GO:0005840|GO:0006412
PRED|NP_014277.1_mitochondrial_54S_ribosomal_protein_bL35m_MRP35_[Saccharomyces_cerevisiae_S288C]|0.81|0.84	GO:0003735|GO:0005840|GO:0006412
PRED|NP_014368.1_histone_H4_[Saccharomyces_cerevisiae_S288C]|0.86|0.74	GO:0003677|GO:0030527|GO:0046982
PRED|NP_015492.1_mitochondrial_37S_ribosomal_protein_uS14m_MRP2_[Saccharomyces_cerevisiae_S288C]|0.52|0.78	GO:0003735|GO:0005840|GO:0006412
PRED|NP_031411.1_apolipoprotein_C-IV_precursor_[Mus_musculus]|0.52|0.76	GO:0010890|GO:0034361|GO:0034364|GO:0070328
PRED|NP_031473.1_angiogenin_precursor_[Mus_musculus]|0.94|0.76	GO:0001525|GO:0003676|GO:0004540|GO:0005615|GO:0019731|GO:0045087|GO:0050830|GO:0061844
PRED|NP_031474.2_angiogenin_ribonuclease_A_family_member_5_precursor_[Mus_musculus]|0.98|0.86	GO:0001525|GO:0003676|GO:0004540|GO:0005615|GO:0019731|GO:0045087|GO:0050830|GO:0061844
PRED|NP_031475.2_angiogenin-2_precursor_[Mus_musculus]|1.0|0.88	GO:0001525|GO:0003676|GO:0004540|GO:0005615|GO:0019731|GO:0045087|GO:0050830|GO:0061844
PRED|NP_031826.1_cathepsin_G_preproprotein_[Mus_musculus]|0.87|0.72	GO:0005737|GO:0043231
PRED|NP_031869.1_beta-defensin_1_precursor_[Mus_musculus]|1.0|0.88	GO:0002227|GO:0005615|GO:0031731|GO:0050829|GO:0050830
PRED|NP_031874.2_alpha-defensin_31_precursor_[Mus_musculus]|1.0|0.89	GO:0005576|GO:0006952
PRED|NP_031875.1_alpha-defensin_25_precursor_[Mus_musculus]|1.0|0.86	GO:0005576|GO:0006952
PRED|NP_031876.1_alpha-defensin_3_precursor_[Mus_musculus]|1.0|0.88	GO:0005576|GO:0006952
PRED|NP_031877.2_alpha-defensin_5_precursor_[Mus_musculus]|1.0|0.88	GO:0005576|GO:0006952
PRED|NP_031920.1_eosinophil_cationic_protein_1_precursor_[Mus_musculus]|0.95|0.83	GO:0002227|GO:0003676|GO:0004540|GO:0005615|GO:0006935|GO:0050830
PRED|NP_031921.1_eosinophil_cationic_protein_2_precursor_[Mus_musculus]|0.97|0.9	GO:0002227|GO:0003676|GO:0004540|GO:0005615|GO:0006935|GO:0050830
PRED|NP_032016.1_ubiquitin-like_FUBI-ribosomal_protein_eS30_fusion_protein_[Mus_musculus]|1.0|0.87	GO:0003735|GO:0005840|GO:0006412|GO:0022627
PRED|NP_032202.1_growth-regulated_alpha_protein_precursor_[Mus_musculus]|1.0|0.8	GO:0005576|GO:0006955|GO:0008009
PRED|NP_032236.1_histone_H3.3_[Mus_musculus]|0.5|0.74	GO:0000786|GO:0003677|GO:0030527|GO:0046982
PRED|NP_032237.1_histone_H3.3_[Mus_musculus]|0.5|0.74	GO:0000786|GO:0003677|GO:0030527|GO:0046982
PRED|NP_032246.2_hemoglobin_beta_adult_t_chain_[Mus_musculus]|0.98|0.75	GO:0004601|GO:0005344|GO:0005833|GO:0015671|GO:0019825|GO:0020037|GO:0031720|GO:0031721|GO:0031838|GO:0042744|GO:0043177|GO:0072562
PRED|NP_032412.3_insulin-1_preproprotein_[Mus_musculus]|0.9|0.95	GO:0005179|GO:0005576
PRED|NP_032413.1_insulin-2_preproprotein_[Mus_musculus]|0.94|0.91	GO:0005179|GO:0005576
PRED|NP_032536.1_lymphotactin_precursor_[Mus_musculus]|0.98|0.71	GO:0005576|GO:0006955|GO:0008009
PRED|NP_032583.1_FXYD_domain-containing_ion_transport_regulator_3_precursor_[Mus_musculus]|0.92|0.84	GO:0016020|GO:0017080|GO:0043269|GO:0099106|GO:2000649
PRED|NP_032598.1_mast_cell_protease_8_precursor_[Mus_musculus]|0.6|0.71	GO:0005737|GO:0043231
PRED|NP_032625.2_C-X-C_motif_chemokine_9_precursor_[Mus_musculus]|0.99|0.9	GO:0005576|GO:0006955|GO:0008009
PRED|NP_032894.2_group_IIC_secretory_phospholipase_A2_precursor_[Mus_musculus]|0.82|0.92	GO:0004623|GO:0005102|GO:0005509|GO:0005543|GO:0006633|GO:0006644|GO:0016042|GO:0047498|GO:0048146
PRED|NP_032946.1_bone_marrow_proteoglycan_precursor_[Mus_musculus]|0.99|0.86	GO:0006955
PRED|NP_032999.1_pleiotrophin_precursor_[Mus_musculus]|1.0|0.89	GO:0005576|GO:0008083
PRED|NP_033143.1_serum_amyloid_A-1_protein_precursor_[Mus_musculus]|0.97|0.83	GO:0005576
PRED|NP_033162.1_scrapie-responsive_protein_1_precursor_[Mus_musculus]|0.87|0.91	GO:0005794|GO:0044306
PRED|NP_033163.1_C-C_motif_chemokine_22_precursor_[Mus_musculus]|1.0|0.92	GO:0005576|GO:0005615|GO:0006954|GO:0006955|GO:0008009|GO:0030335|GO:0043547|GO:0048020|GO:0048245|GO:0060326|GO:0061844|GO:0070098
PRED|NP_033164.1_C-C_motif_chemokine_25_precursor_[Mus_musculus]|0.94|0.72	GO:0005576|GO:0006955|GO:0008009
PRED|NP_033165.1_C-C_motif_chemokine_6_precursor_[Mus_musculus]|1.0|0.83	GO:0005576|GO:0005615|GO:0006954|GO:0006955|GO:0008009|GO:0030335|GO:0043547|GO:0048020|GO:0060326|GO:0061844|GO:0070098
PRED|NP_033166.1_C-X-C_motif_chemokine_2_precursor_[Mus_musculus]|1.0|0.91	GO:0005576|GO:0006955|GO:0008009
PRED|NP_033167.2_C-X-C_motif_chemokine_5_precursor_[Mus_musculus]|1.0|0.79	GO:0005576|GO:0006955|GO:0008009
PRED|NP_033284.1_serine_protease_inhibitor_Kazal-type_1_precursor_[Mus_musculus]|1.0|0.86	GO:0004867
PRED|NP_033388.1_trefoil_factor_1_precursor_[Mus_musculus]|0.95|0.72	GO:0005615|GO:0030277
PRED|NP_033456.1_anionic_trypsin-2_precursor_[Mus_musculus]|0.65|0.76	GO:0004252|GO:0005615|GO:0006508
PRED|NP_034051.2_cathelicidin_antimicrobial_peptide_precursor_[Mus_musculus]|1.0|0.85	GO:0042742
PRED|NP_034103.2_alpha-S2-casein-like_B_isoform_1_precursor_[Mus_musculus]|0.83|0.83	GO:0005576
PRED|NP_034106.2_cystatin-C_precursor_[Mus_musculus]|0.97|0.77	GO:0004869|GO:0005615|GO:0005737|GO:0031982|GO:2000117
PRED|NP_034246.1_kallikrein_1-related_peptidase_b9_preproprotein_[Mus_musculus]|0.71|0.79	GO:0003073|GO:0030141|GO:0031638
PRED|NP_034540.1_hypocretin_neuropeptide_precursor_precursor_[Mus_musculus]|0.57|0.88	GO:0001659|GO:0005184|GO:0007218|GO:0007631|GO:0030431|GO:0031771|GO:0031772|GO:0042594|GO:0042755|GO:0046928|GO:0048471|GO:0051971
PRED|NP_034770.1_kallikrein_1-related_peptidase_b11_preproprotein_[Mus_musculus]|0.59|0.74	GO:0003073|GO:0030141|GO:0031638
PRED|NP_034775.1_kallikrein_1-related_peptidase_b1_preproprotein_[Mus_musculus]|0.57|0.8	GO:0003073|GO:0030141|GO:0031638
PRED|NP_034914.1_midkine_isoform_a_precursor_[Mus_musculus]|1.0|0.94	GO:0008083
PRED|NP_035063.1_C-type_natriuretic_peptide_preproprotein_[Mus_musculus]|0.97|0.83	GO:0005179|GO:0005576|GO:0006182|GO:0007168
PRED|NP_035237.1_phospholipase_A2_isoform_1_precursor_[Mus_musculus]|1.0|0.94	GO:0004623|GO:0005102|GO:0005509|GO:0005543|GO:0006633|GO:0006644|GO:0016042|GO:0047498|GO:0048146
PRED|NP_035239.1_group_IID_secretory_phospholipase_A2_isoform_1_precursor_[Mus_musculus]|0.97|0.85	GO:0004623|GO:0005509|GO:0005543|GO:0006644|GO:0016042|GO:0042130|GO:0047498
PRED|NP_035240.3_phospholipase_A2_group_V_precursor_[Mus_musculus]|0.69|0.85	GO:0004623|GO:0005509|GO:0005543|GO:0006644|GO:0016042|GO:0042130|GO:0047498|GO:0050482
PRED|NP_035254.1_C-C_motif_chemokine_21a_precursor_[Mus_musculus]|0.98|0.79	GO:0005576|GO:0006955|GO:0008009
PRED|NP_035444.1_serum_amyloid_A-2_protein_preproprotein_[Mus_musculus]|0.99|0.82	GO:0005576
PRED|NP_035445.1_serum_amyloid_A-3_protein_precursor_[Mus_musculus]|1.0|0.77	GO:0005576
PRED|NP_035459.1_C-C_motif_chemokine_1_precursor_[Mus_musculus]|1.0|0.8	GO:0005576|GO:0005615|GO:0006954|GO:0006955|GO:0008009|GO:0030335|GO:0043547|GO:0048020|GO:0048245|GO:0060326|GO:0061844|GO:0070098
PRED|NP_035460.1_eotaxin_precursor_[Mus_musculus]|1.0|0.93	GO:0005576|GO:0005615|GO:0006954|GO:0006955|GO:0008009|GO:0030335|GO:0043547|GO:0048020|GO:0048245|GO:0060326|GO:0061844|GO:0070098
PRED|NP_035461.2_C-C_motif_chemokine_12_precursor_[Mus_musculus]|1.0|0.84	GO:0005576|GO:0005615|GO:0006954|GO:0006955|GO:0008009|GO:0030335|GO:0043547|GO:0048020|GO:0048245|GO:0060326|GO:0061844|GO:0070098
PRED|NP_035462.2_C-C_motif_chemokine_17_precursor_[Mus_musculus]|1.0|0.94	GO:0005576|GO:0006955|GO:0008009
PRED|NP_035465.2_C-C_motif_chemokine_21b_isoform_1_precursor_[Mus_musculus]|0.99|0.77	GO:0005576|GO:0006955|GO:0008009
PRED|NP_035467.1_C-C_motif_chemokine_3_precursor_[Mus_musculus]|1.0|0.78	GO:0005576|GO:0005615|GO:0006954|GO:0006955|GO:0008009|GO:0030335|GO:0043547|GO:0048020|GO:0060326|GO:0061844|GO:0070098
PRED|NP_035468.1_C-C_motif_chemokine_9_precursor_[Mus_musculus]|0.92|0.81	GO:0005576|GO:0005615|GO:0006954|GO:0006955|GO:0008009|GO:0030335|GO:0043547|GO:0048020|GO:0060326|GO:0061844|GO:0070098
PRED|NP_035593.2_serine_protease_inhibitor_Kazal-type_4_precursor_[Mus_musculus]|0.89|0.78	GO:0004867
PRED|NP_035598.2_small_proline-rich_protein_2A1_[Mus_musculus]|0.98|0.91	GO:0001533
PRED|NP_035705.1_trefoil_factor_3_precursor_[Mus_musculus]|1.0|0.9	GO:0005615|GO:0030277
PRED|NP_035775.1_mesotrypsin_precursor_[Mus_musculus]|0.71|0.78	GO:0004252|GO:0005615|GO:0006508
PRED|NP_035776.1_trypsin-4_precursor_[Mus_musculus]|0.86|0.75	GO:0004252|GO:0005615|GO:0006508
PRED|NP_036117.1_group_10_secretory_phospholipase_A2_isoform_1_preproprotein_[Mus_musculus]|0.84|0.92	GO:0004623|GO:0005509|GO:0005543|GO:0006644|GO:0016042|GO:0043433|GO:0047498
PRED|NP_036174.1_group_IIE_secretory_phospholipase_A2_precursor_[Mus_musculus]|0.93|0.89	GO:0004623|GO:0005509|GO:0005543|GO:0006644|GO:0016042|GO:0047498
PRED|NP_036532.1_group_IID_secretory_phospholipase_A2_isoform_1_precursor_[Homo_sapiens]|0.89|0.92	GO:0004623|GO:0005509|GO:0005543|GO:0006644|GO:0016042|GO:0042130|GO:0047498
PRED|NP_036544.1_histone_H2A.V_isoform_1_[Homo_sapiens]|0.71|0.73	GO:0046982
PRED|NP_036615.2_granulysin_isoform_3_[Homo_sapiens]|0.94|0.77	GO:0031640|GO:0042742|GO:0044194|GO:0061844
PRED|NP_036718.1_islet_amyloid_polypeptide_preproprotein_[Rattus_norvegicus]|0.96|0.7	GO:0005179|GO:0005576|GO:0005615
PRED|NP_036861.1_anionic_trypsin-2_precursor_[Rattus_norvegicus]|0.85|0.75	GO:0004252|GO:0005615|GO:0006508
PRED|NP_036903.2_lysozyme_C-1_precursor_[Rattus_norvegicus]|1.0|0.87	GO:0003796|GO:0050829|GO:0050830
PRED|NP_036967.1_cortistatin_preproprotein_[Rattus_norvegicus]|0.68|0.76	GO:0005179|GO:0005576
PRED|NP_036969.1_cystatin-C_precursor_[Rattus_norvegicus]|0.8|0.73	GO:0004869|GO:0005615|GO:0005737|GO:0031982|GO:2000117
PRED|NP_037007.1_large_ribosomal_subunit_protein_eL39_[Rattus_norvegicus]|0.65|0.87	GO:0003735|GO:0005840|GO:0006412|GO:0022625
PRED|NP_037157.2_C-C_motif_chemokine_3_precursor_[Rattus_norvegicus]|1.0|0.78	GO:0005576|GO:0005615|GO:0006954|GO:0006955|GO:0008009|GO:0030335|GO:0043547|GO:0048020|GO:0060326|GO:0061844|GO:0070098
PRED|NP_037174.2_trefoil_factor_3_precursor_[Rattus_norvegicus]|1.0|0.89	GO:0005615|GO:0030277
PRED|NP_037311.1_hypocretin_neuropeptide_precursor_precursor_[Rattus_norvegicus]|0.72|0.91	GO:0001659|GO:0005184|GO:0007218|GO:0007631|GO:0030431|GO:0031771|GO:0031772|GO:0042594|GO:0042755|GO:0046928|GO:0048471|GO:0051971
PRED|NP_038618.1_lysozyme_C-1_precursor_[Mus_musculus]|1.0|0.93	GO:0003796|GO:0050829|GO:0050830
PRED|NP_038682.1_C-C_motif_chemokine_7_precursor_[Mus_musculus]|1.0|0.79	GO:0005576|GO:0005615|GO:0006954|GO:0006955|GO:0008009|GO:0030335|GO:0043547|GO:0048020|GO:0048245|GO:0060326|GO:0061844|GO:0070098
PRED|NP_038683.1_stromal_cell-derived_factor_1_isoform_beta_precursor_[Mus_musculus]|1.0|0.92	GO:0005576|GO:0006955|GO:0008009
PRED|NP_039407.1_ribosomal_protein_L33_(plastid)_[Oryza_sativa_Japonica_Group]|0.81|0.8	GO:0003735|GO:0005840|GO:0006412
PRED|NP_039419.1_ribosomal_protein_L36_(plastid)_[Oryza_sativa_Japonica_Group]|0.97|0.88	GO:0003735|GO:0005840|GO:0006412
PRED|NP_043011.1_photosystem_II_protein_Z_(chloroplast)_[Zea_mays]|0.67|0.74	GO:0009523|GO:0009535|GO:0009539|GO:0015979|GO:0042549
PRED|NP_043045.1_ribosomal_protein_L33_(chloroplast)_[Zea_mays]|0.58|0.79	GO:0003735|GO:0005840|GO:0006412
PRED|NP_043046.1_ribosomal_protein_S18_(chloroplast)_[Zea_mays]|0.74|0.83	GO:0003735|GO:0005763|GO:0005840|GO:0006412|GO:0070181
PRED|NP_043057.1_ribosomal_protein_L36_(chloroplast)_[Zea_mays]|0.97|0.88	GO:0003735|GO:0005840|GO:0006412
PRED|NP_044550.1_ribosomal_protein_L16_(apicoplast)_[Toxoplasma_gondii_RH]|0.69|0.73	GO:0003735|GO:0005840|GO:0006412
PRED|NP_051092.1_ribosomal_protein_L36_(chloroplast)_[Arabidopsis_thaliana]|0.93|0.89	GO:0003735|GO:0005840|GO:0006412
PRED|NP_054703.1_protachykinin-1_isoform_gamma_precursor_[Homo_sapiens]|0.83|0.7	GO:0005615|GO:0006954|GO:0007204|GO:0007217|GO:0031835
PRED|NP_054704.1_protachykinin-1_isoform_delta_precursor_[Homo_sapiens]|0.79|0.71	GO:0005615|GO:0006954|GO:0007204|GO:0007217|GO:0031835
PRED|NP_055286.1_serine_protease_inhibitor_Kazal-type_4_precursor_[Homo_sapiens]|0.85|0.84	GO:0004867
PRED|NP_055404.1_group_IIE_secretory_phospholipase_A2_precursor_[Homo_sapiens]|0.99|0.88	GO:0004623|GO:0005509|GO:0005543|GO:0006644|GO:0016042|GO:0047498
PRED|NP_056196.2_chemokine-like_protein_TAFA-5_isoform_2_[Homo_sapiens]|1.0|0.86	GO:0001664|GO:0005615|GO:0007186|GO:0048018
PRED|NP_056585.2_agouti-signaling_protein_precursor_[Mus_musculus]|0.92|0.82	GO:0005184|GO:0005576|GO:0005615|GO:0009755|GO:0031779|GO:0032438
PRED|NP_056977.1_prolactin-releasing_peptide_precursor_[Homo_sapiens]|0.94|0.73	GO:0005179|GO:0005184|GO:0007186|GO:0007631|GO:0031861|GO:0043434
PRED|NP_057560.8_anaphase-promoting_complex_subunit_11_isoform_2_[Homo_sapiens]|0.5|0.93	GO:0005680|GO:0008270|GO:0031145|GO:0061630|GO:0097602
PRED|NP_057596.1_sperm-associated_antigen_11B_isoform_A_preproprotein_[Homo_sapiens]|0.99|0.74	GO:0005576
PRED|NP_058137.1_proteolipid_ATPase_[Saccharomyces_cerevisiae_S288C]|0.85|0.9	GO:0030234|GO:0050790
PRED|NP_058610.1_proteoglycan_3_precursor_[Mus_musculus]|0.99|0.85	GO:0006955
PRED|NP_058653.1_non-histone_chromosomal_protein_HMG-17_[Mus_musculus]|0.94|0.8	GO:0000785|GO:0003682|GO:0005634|GO:0006325|GO:0031492
PRED|NP_058656.1_C-C_motif_chemokine_20_isoform_1_precursor_[Mus_musculus]|0.99|0.9	GO:0005576|GO:0006955|GO:0008009
PRED|NP_058762.1_pleiotrophin_precursor_[Rattus_norvegicus]|1.0|0.85	GO:0005576|GO:0008083
PRED|NP_058842.3_granzyme-like_protein_2_precursor_[Rattus_norvegicus]|0.89|0.77	GO:0005737|GO:0043231
PRED|NP_058870.1_phospholipase_A2_group_V_precursor_[Rattus_norvegicus]|0.92|0.85	GO:0004623|GO:0005509|GO:0005543|GO:0006644|GO:0016042|GO:0042130|GO:0047498|GO:0050482
PRED|NP_058872.2_group_10_secretory_phospholipase_A2_precursor_[Rattus_norvegicus]|0.93|0.91	GO:0004623|GO:0005509|GO:0005543|GO:0006644|GO:0016042|GO:0043433|GO:0047498
PRED|NP_059068.1_lysozyme_C-2_precursor_[Mus_musculus]|1.0|0.92	GO:0003796|GO:0050829|GO:0050830
PRED|NP_059085.2_eosinophil-associated_ribonuclease_A_family_member_14_precursor_[Mus_musculus]|0.94|0.88	GO:0002227|GO:0003676|GO:0004540|GO:0005615|GO:0006935|GO:0050830
PRED|NP_059109.3_apelin_preproprotein_[Homo_sapiens]|0.81|0.8	GO:0005179|GO:0005615|GO:0007165|GO:0031704
PRED|NP_059141.1_histone_H2B_type_F-S_[Homo_sapiens]|1.0|0.84	GO:0000786|GO:0003677|GO:0030527|GO:0046982
PRED|NP_061131.1_beta-defensin_103_precursor_[Homo_sapiens]|1.0|0.93	GO:0005615|GO:0031731|GO:0042056|GO:0042742|GO:0060326
PRED|NP_061257.1_pro-FMRFamide-related_neuropeptide_FF_preproprotein_[Mus_musculus]|0.72|0.75	GO:0001664|GO:0005102|GO:0005184|GO:0005615|GO:0030425|GO:0043204|GO:0043679|GO:0060079
PRED|NP_061348.1_small_ribosomal_subunit_protein_eS32_[Mus_musculus]|0.96|0.82	GO:0003735|GO:0005840|GO:0006412
PRED|NP_061354.1_C-X-C_motif_chemokine_13_precursor_[Mus_musculus]|0.77|0.87	GO:0005576|GO:0006955|GO:0008009
PRED|NP_062002.1_insulin-1_preproprotein_[Rattus_norvegicus]|0.96|0.95	GO:0005179|GO:0005576
PRED|NP_062003.1_insulin-2_preproprotein_[Rattus_norvegicus]|0.92|0.94	GO:0005179|GO:0005576
PRED|NP_062075.1_group_IIC_secretory_phospholipase_A2_precursor_[Rattus_norvegicus]|0.75|0.92	GO:0004623|GO:0005102|GO:0005509|GO:0005543|GO:0006633|GO:0006644|GO:0016042|GO:0047498|GO:0048146
PRED|NP_062078.1_eotaxin_precursor_[Rattus_norvegicus]|1.0|0.92	GO:0005576|GO:0005615|GO:0006954|GO:0006955|GO:0008009|GO:0030335|GO:0043547|GO:0048020|GO:0048245|GO:0060326|GO:0061844|GO:0070098
PRED|NP_062106.1_C-C_motif_chemokine_20_precursor_[Rattus_norvegicus]|0.75|0.73	GO:0005576|GO:0006955|GO:0008009
PRED|NP_062196.2_mast_cell_protease_9_precursor_[Rattus_norvegicus]|0.89|0.79	GO:0005737|GO:0043231
PRED|NP_062271.2_ribonuclease_2B_precursor_[Mus_musculus]|0.98|0.92	GO:0002227|GO:0003676|GO:0004540|GO:0005615|GO:0006935|GO:0050830
PRED|NP_062514.2_C-X-C_motif_chemokine_14_precursor_[Mus_musculus]|1.0|0.78	GO:0005576|GO:0006955|GO:0008009
PRED|NP_062523.1_C-C_motif_chemokine_24_precursor_[Mus_musculus]|0.99|0.9	GO:0005576|GO:0005615|GO:0006954|GO:0006955|GO:0008009|GO:0030335|GO:0043547|GO:0048020|GO:0048245|GO:0060326|GO:0061844|GO:0070098
PRED|NP_063936.1_ubiquitin-ribosomal_protein_eL40_fusion_protein_precursor_[Mus_musculus]|0.92|0.89	GO:0006412
PRED|NP_064316.1_platelet_factor_4_precursor_[Mus_musculus]|1.0|0.87	GO:0005576|GO:0006955|GO:0008009
PRED|NP_064527.1_NADH_dehydrogenase_[ubiquinone]_1_alpha_subcomplex_subunit_4-like_2_[Homo_sapiens]|0.55|0.79	GO:0005751
PRED|NP_064675.1_C-C_motif_chemokine_28_precursor_[Mus_musculus]|0.93|0.87	GO:0005576|GO:0006955|GO:0008009
PRED|NP_065131.1_eppin_isoform_1_precursor_[Homo_sapiens]|1.0|0.88	GO:0005615|GO:0010466
PRED|NP_065148.1_resistin_isoform_a_precursor_[Homo_sapiens]|0.99|0.87	GO:0005179|GO:0005576|GO:0005615
PRED|NP_065159.1_lysozyme-like_protein_6_precursor_[Homo_sapiens]|0.99|0.8	GO:0001669|GO:0003796|GO:0007342|GO:0036126
PRED|NP_065255.3_resistin-like_alpha_precursor_[Mus_musculus]|0.95|0.89	GO:0005179|GO:0005576|GO:0005615
PRED|NP_066290.1_defensin_alpha_5_preproprotein_[Homo_sapiens]|1.0|0.83	GO:0005576|GO:0006952
PRED|NP_066402.2_histone_H2B_type_1-J_[Homo_sapiens]|1.0|0.86	GO:0000786|GO:0003677|GO:0030527|GO:0046982
PRED|NP_066406.1_histone_H2B_type_1-B_[Homo_sapiens]|1.0|0.76	GO:0000786|GO:0003677|GO:0030527|GO:0046982
PRED|NP_066407.1_histone_H2B_type_1-D_[Homo_sapiens]|1.0|0.83	GO:0000786|GO:0003677|GO:0030527|GO:0046982
PRED|NP_066927.1_small_ribosomal_subunit_protein_eS32_[Homo_sapiens]|0.96|0.82	GO:0003735|GO:0005840|GO:0006412
PRED|NP_066937.1_serine_protease_inhibitor_Kazal-type_2_isoform_2_precursor_[Homo_sapiens]|1.0|0.93	GO:0004867|GO:0007286|GO:1900004
PRED|NP_066998.1_hepcidin_preproprotein_[Homo_sapiens]|1.0|0.82	GO:0005576|GO:0005615|GO:0006879|GO:0034760|GO:0042742
PRED|NP_067249.1_C-X-C_motif_chemokine_10_precursor_[Mus_musculus]|0.99|0.8	GO:0005576|GO:0006955|GO:0008009
PRED|NP_067607.1_diazepam-binding_inhibitor-like_5_[Rattus_norvegicus]|0.75|0.77	GO:0000062|GO:0005739|GO:0006631
PRED|NP_067609.2_mast_cell_protease_8_precursor_[Rattus_norvegicus]|0.9|0.72	GO:0005737|GO:0043231
PRED|NP_068350.1_stromal_cell-derived_factor_1_isoform_alpha_precursor_[Mus_musculus]|1.0|0.91	GO:0005576|GO:0006955|GO:0008009
PRED|NP_068575.1_interleukin-21_isoform_1_precursor_[Homo_sapiens]|0.98|0.7	GO:0005126|GO:0005576|GO:0006955|GO:0045954
PRED|NP_068612.2_histone_H2A_type_3_[Rattus_norvegicus]|1.0|0.73	GO:0046982
PRED|NP_068754.1_prokineticin-2_isoform_b_precursor_[Homo_sapiens]|0.95|0.94	GO:0001935
PRED|NP_068803.1_histone_H4_[Homo_sapiens]|0.95|0.82	GO:0003677|GO:0030527|GO:0046982
PRED|NP_071329.3_kallikrein-14_preproprotein_[Homo_sapiens]|0.69|0.78	GO:0030141|GO:0048730|GO:0070684
PRED|NP_071513.1_stromal_cell-derived_factor_1_isoform_alpha_precursor_[Rattus_norvegicus]|1.0|0.9	GO:0005576|GO:0006955|GO:0008009
PRED|NP_072108.1_pro-FMRFamide-related_neuropeptide_FF_preproprotein_[Rattus_norvegicus]|0.65|0.77	GO:0001664|GO:0005102|GO:0005184|GO:0005615|GO:0030425|GO:0043204|GO:0043679|GO:0060079
PRED|NP_072169.1_histone_H2B_type_1-A_[Rattus_norvegicus]|0.99|0.83	GO:0000786|GO:0003677|GO:0030527|GO:0046982
PRED|NP_072173.2_histone_H2B_type_1_[Rattus_norvegicus]|1.0|0.85	GO:0000786|GO:0003677|GO:0030527|GO:0046982
PRED|NP_073165.1_histone_H2A.Z_[Rattus_norvegicus]|0.71|0.72	GO:0046982
PRED|NP_073177.1_histone_H4_[Rattus_norvegicus]|0.95|0.84	GO:0003677|GO:0030527|GO:0046982
PRED|NP_075010.1_interferon_alpha-inducible_protein_6_isoform_b_precursor_[Homo_sapiens]|0.58|0.78	GO:0001836|GO:0016020|GO:0031966|GO:0043154|GO:0051902|GO:0097193|GO:2001240
PRED|NP_075011.1_interferon_alpha-inducible_protein_6_isoform_c_precursor_[Homo_sapiens]|0.78|0.79	GO:0001836|GO:0016020|GO:0031966|GO:0043154|GO:0051902|GO:0097193|GO:2001240
PRED|NP_075360.1_resistin_precursor_[Mus_musculus]|0.92|0.91	GO:0005179|GO:0005576|GO:0005615
PRED|NP_075622.1_small_ribosomal_subunit_protein_eS19_isoform_a_[Mus_musculus]|0.68|0.76	GO:0000028|GO:0003723|GO:0003735|GO:0005840|GO:0006412|GO:0022627
PRED|NP_075822.3_trypsinogen_7_precursor_[Mus_musculus]|0.93|0.71	GO:0004252|GO:0005615|GO:0006508
PRED|NP_075911.2_histone_H2B_type_1-C/E/G_[Mus_musculus]|1.0|0.85	GO:0000786|GO:0003677|GO:0030527|GO:0046982
PRED|NP_076196.1_uncharacterized_protein_LOC73626_precursor_[Mus_musculus]|0.62|0.77	GO:0004252|GO:0005615|GO:0006508
PRED|NP_076274.1_platelet_basic_protein_precursor_[Mus_musculus]|0.92|0.79	GO:0005576|GO:0006955|GO:0008009
PRED|NP_076370.3_resistin-like_beta_precursor_[Mus_musculus]|0.66|0.87	GO:0005179|GO:0005576|GO:0005615
PRED|NP_076435.1_LYNX1-SLURP2_protein_precursor_[Homo_sapiens]|0.51|0.76	GO:0005886
PRED|NP_077239.1_ubiquitin-ribosomal_protein_eS31_fusion_protein_precursor_[Mus_musculus]|0.79|0.77	GO:0003735|GO:0005840|GO:0006412
PRED|NP_077720.1_C-type_natriuretic_peptide_preproprotein_[Homo_sapiens]|0.96|0.85	GO:0005179|GO:0005576|GO:0006182|GO:0007168
PRED|NP_079665.1_anaphase-promoting_complex_subunit_11_[Mus_musculus]|0.56|0.92	GO:0005680|GO:0008270|GO:0031145|GO:0061630|GO:0097602
PRED|NP_080205.1_intectin_precursor_[Mus_musculus]|0.64|0.91	GO:0005886
PRED|NP_080222.1_reactive_oxygen_species_modulator_1_[Mus_musculus]|1.0|0.78	GO:0005744|GO:0030150|GO:0045039
PRED|NP_080331.1_large_ribosomal_subunit_protein_eL39_[Mus_musculus]|0.65|0.91	GO:0003735|GO:0005840|GO:0006412|GO:0022625
PRED|NP_080368.1_lysozyme-like_protein_1_isoform_1_precursor_[Mus_musculus]|0.99|0.81	GO:0003796
PRED|NP_080677.1_large_ribosomal_subunit_protein_mL63_[Mus_musculus]|0.66|0.75	GO:0003735|GO:0005761|GO:0032543
PRED|NP_081191.1_lysozyme-like_protein_4_precursor_[Mus_musculus]|0.95|0.83	GO:0001669|GO:0007342|GO:0036126
PRED|NP_081340.1_histone_H2B_variant_L1_[Mus_musculus]|0.62|0.77	GO:0000786|GO:0003677|GO:0030527|GO:0046982
PRED|NP_081359.1_lysozyme-like_protein_6_precursor_[Mus_musculus]|1.0|0.78	GO:0001669|GO:0003796|GO:0007342|GO:0036126
PRED|NP_081387.1_lysozyme_g-like_protein_1_precursor_[Mus_musculus]|0.51|0.73	GO:0003796|GO:0005576|GO:0009253|GO:0050830
PRED|NP_082128.1_retinoic_acid_receptor_responder_protein_2_isoform_2_preproprotein_[Mus_musculus]|0.52|0.82	GO:0005102|GO:0005615|GO:0006954|GO:0031012|GO:0045087|GO:0050921|GO:0050994
PRED|NP_083601.1_eppin_precursor_[Mus_musculus]|1.0|0.85	GO:0005615|GO:0010466
PRED|NP_083643.1_sperm_acrosome_membrane-associated_protein_3_precursor_[Mus_musculus]|0.97|0.79	GO:0001669|GO:0003796|GO:0007342|GO:0036126
PRED|NP_084182.2_lysozyme_C-like_precursor_[Mus_musculus]|0.98|0.84	GO:0003796|GO:0050829|GO:0050830
PRED|NP_084214.1_histone_H2A.V_isoform_1_[Mus_musculus]|0.71|0.75	GO:0046982
PRED|NP_084304.1_transmembrane_protein_190_precursor_[Mus_musculus]|0.65|0.72	GO:0002079|GO:0002244
PRED|NP_084337.2_serine_protease_inhibitor_Kazal-type_12_precursor_[Mus_musculus]|0.99|0.93	GO:0004867
PRED|NP_084358.1_H2B.U_histone_2_[Mus_musculus]|1.0|0.81	GO:0000786|GO:0003677|GO:0030527|GO:0046982
PRED|NP_085102.4_killer_cell_lectin-like_receptor_subfamily_B_member_1B_allele_B_isoform_1_[Mus_musculus]|0.68|0.74	GO:0005886|GO:0009986|GO:0038023|GO:0042269
PRED|NP_110381.2_serum_amyloid_A-2_protein_isoform_a_preproprotein_[Homo_sapiens]|0.99|0.88	GO:0005576
PRED|NP_110472.2_growth-regulated_alpha_protein_precursor_[Rattus_norvegicus]|1.0|0.78	GO:0005576|GO:0006955|GO:0008009
PRED|NP_110486.1_midkine_precursor_[Rattus_norvegicus]|1.0|0.94	GO:0008083
PRED|NP_112375.1_ubiquitin-ribosomal_protein_eS31_fusion_protein_[Rattus_norvegicus]|0.79|0.77	GO:0003735|GO:0005840|GO:0006412
PRED|NP_112438.1_cholecystokinin_isoform_1_preproprotein_[Mus_musculus]|0.72|0.75	GO:0005179|GO:0005184|GO:0005576|GO:0005615|GO:0007586|GO:0030424
PRED|NP_113773.1_phospholipase_A2_precursor_[Rattus_norvegicus]|1.0|0.92	GO:0004623|GO:0005102|GO:0005509|GO:0005543|GO:0006633|GO:0006644|GO:0016042|GO:0047498|GO:0048146
PRED|NP_113786.3_phospholipase_A2_membrane_associated_precursor_[Rattus_norvegicus]|1.0|0.92	GO:0004623|GO:0005509|GO:0005543|GO:0006644|GO:0016042|GO:0042130|GO:0047498
PRED|NP_113807.2_bone_marrow_proteoglycan_precursor_[Rattus_norvegicus]|1.0|0.87	GO:0006955
PRED|NP_113875.1_ubiquitin-ribosomal_protein_eL40_fusion_protein_[Rattus_norvegicus]|0.92|0.89	GO:0006412
PRED|NP_113998.1_beta-defensin_1_precursor_[Rattus_norvegicus]|1.0|0.93	GO:0002227|GO:0005615|GO:0031731|GO:0050829|GO:0050830
PRED|NP_115906.4_lysozyme-like_protein_1_precursor_[Homo_sapiens]|0.88|0.9	GO:0003796
PRED|NP_115930.1_hepcidin_preproprotein_[Mus_musculus]|1.0|0.89	GO:0005576|GO:0006879
PRED|NP_115961.3_ribonuclease_7_precursor_[Homo_sapiens]|1.0|0.89	GO:0003676|GO:0004540|GO:0005615|GO:0045087|GO:0050829|GO:0050830|GO:0050832
PRED|NP_116738.1_C-C_motif_chemokine_14_isoform_2_precursor_[Homo_sapiens]|0.91|0.92	GO:0005576|GO:0005615|GO:0006954|GO:0006955|GO:0008009|GO:0030335|GO:0043547|GO:0048020|GO:0060326|GO:0061844|GO:0070098
PRED|NP_116739.1_C-C_motif_chemokine_14_isoform_1_precursor_[Homo_sapiens]|0.94|0.92	GO:0005576|GO:0005615|GO:0006954|GO:0006955|GO:0008009|GO:0030335|GO:0043547|GO:0048020|GO:0060326|GO:0061844|GO:0070098
PRED|NP_116741.2_C-C_motif_chemokine_15_preproprotein_[Homo_sapiens]|1.0|0.81	GO:0005576|GO:0005615|GO:0006954|GO:0006955|GO:0008009|GO:0030335|GO:0043547|GO:0048020|GO:0060326|GO:0061844|GO:0070098
PRED|NP_149133.1_choriogonadotropin_subunit_beta_7_precursor_[Homo_sapiens]|0.93|0.7	GO:0005179|GO:0005576|GO:0005615|GO:0005737|GO:0007186
PRED|NP_150237.1_hemoglobin_subunit_beta-1_[Rattus_norvegicus]|0.98|0.76	GO:0004601|GO:0005344|GO:0005833|GO:0015671|GO:0019825|GO:0020037|GO:0031720|GO:0031721|GO:0031838|GO:0042744|GO:0043177|GO:0072562
PRED|NP_171789.1_rapid_alkalinization_factor_1_[Arabidopsis_thaliana]|0.83|0.76	GO:0009506|GO:0019722
PRED|NP_172717.1_expansin_A7_[Arabidopsis_thaliana]|0.54|0.77	GO:0005576|GO:0009664
PRED|NP_173391.2_defensin-like_protein_[Arabidopsis_thaliana]|1.0|0.95	GO:0006952
PRED|NP_173446.1_expansin_11_[Arabidopsis_thaliana]|0.68|0.7	GO:0005576|GO:0009664
PRED|NP_174148.1_ralf-like_4_[Arabidopsis_thaliana]|0.81|0.83	GO:0009506|GO:0019722
PRED|NP_174853.1_Ribosomal_protein_L7Ae/L30e/S12e/Gadd45_family_protein_[Arabidopsis_thaliana]|0.68|0.82	GO:0003723
PRED|NP_175185.1_Scorpion_toxin-like_knottin_superfamily_protein_[Arabidopsis_thaliana]|1.0|0.91	GO:0005576|GO:0006952|GO:0008200|GO:0019871
PRED|NP_176302.2_low-molecular-weight_cysteine-rich_66_[Arabidopsis_thaliana]|1.0|0.92	GO:0006952
PRED|NP_176784.1_Plant_thionin_[Arabidopsis_thaliana]|0.98|0.77	GO:0006952
PRED|NP_176857.1_Bifunctional_inhibitor/lipid-transfer_protein/seed_storage_2S_albumin_superfamily_protein_[Arabidopsis_thaliana]|0.9|0.88	GO:0006869
PRED|NP_177112.1_expansin_A1_[Arabidopsis_thaliana]|0.51|0.72	GO:0005576|GO:0009664
PRED|NP_178319.1_low-molecular-weight_cysteine-rich_69_[Arabidopsis_thaliana]|1.0|0.93	GO:0006952
PRED|NP_178320.1_Scorpion_toxin-like_knottin_superfamily_protein_[Arabidopsis_thaliana]|1.0|0.94	GO:0006952
PRED|NP_178321.1_low-molecular-weight_cysteine-rich_68_[Arabidopsis_thaliana]|1.0|0.94	GO:0005739|GO:0006952|GO:0009505
PRED|NP_178322.1_low-molecular-weight_cysteine-rich_72_[Arabidopsis_thaliana]|1.0|0.95	GO:0006952
PRED|NP_179105.1_Plant_thionin_[Arabidopsis_thaliana]|0.94|0.77	GO:0006952
PRED|NP_179428.1_Bifunctional_inhibitor/lipid-transfer_protein/seed_storage_2S_albumin_superfamily_protein_[Arabidopsis_thaliana]|0.94|0.8	GO:0006869|GO:0008289
PRED|NP_180093.1_Ribosomal_protein_L39_family_protein_[Arabidopsis_thaliana]|0.84|0.9	GO:0003735|GO:0005840|GO:0006412|GO:0022625
PRED|NP_180171.1_plant_defensin_1.3_[Arabidopsis_thaliana]|1.0|0.95	GO:0006952
PRED|NP_180172.1_plant_defensin_1.2b_[Arabidopsis_thaliana]|1.0|0.95	GO:0006952
PRED|NP_180440.1_Histone_superfamily_protein_[Arabidopsis_thaliana]|0.9|0.8	GO:0000786|GO:0003677|GO:0030527|GO:0046982
PRED|NP_180441.1_histone_H4_[Arabidopsis_thaliana]|0.96|0.87	GO:0003677|GO:0030527|GO:0046982
PRED|NP_181073.1_Late_embryogenesis_abundant_protein_group_1_protein_[Arabidopsis_thaliana]|0.57|0.71	GO:0009793
PRED|NP_181283.1_Histone_superfamily_protein_[Arabidopsis_thaliana]|0.97|0.87	GO:0000786|GO:0003677|GO:0030527|GO:0046982
PRED|NP_181387.1_lipid_transfer_protein_2_[Arabidopsis_thaliana]|0.99|0.91	GO:0006869|GO:0008289
PRED|NP_181388.1_lipid_transfer_protein_1_[Arabidopsis_thaliana]|0.99|0.93	GO:0006869|GO:0008289
PRED|NP_181879.1_trypsin_inhibitor_protein_1_[Arabidopsis_thaliana]|1.0|0.89	GO:0005576|GO:0006952|GO:0008200|GO:0019871
PRED|NP_181880.1_trypsin_inhibitor_protein_2_[Arabidopsis_thaliana]|1.0|0.95	GO:0005576|GO:0006952|GO:0008200|GO:0019871
PRED|NP_181881.2_scorpion_toxin-like_knottin_superfamily_protein_[Arabidopsis_thaliana]|1.0|0.91	GO:0005576|GO:0006952|GO:0008200|GO:0019871
PRED|NP_181887.1_Chitinase_family_protein_[Arabidopsis_thaliana]|0.74|0.72	GO:0004568|GO:0006032|GO:0008061|GO:0016998
PRED|NP_187123.1_pathogenesis-related_4_[Arabidopsis_thaliana]|0.98|0.74	GO:0004540|GO:0006952|GO:0008061
PRED|NP_187465.1_Ribosomal_protein_L41_family_[Arabidopsis_thaliana]|0.97|0.82	GO:0003735|GO:0005840|GO:0006412
PRED|NP_187489.1_lipid_transfer_protein_6_[Arabidopsis_thaliana]|1.0|0.77	GO:0006869|GO:0008289
PRED|NP_187559.1_Histone_superfamily_protein_[Arabidopsis_thaliana]|0.89|0.81	GO:0000786|GO:0003677|GO:0030527|GO:0046982
PRED|NP_187723.1_Ribosomal_protein_L41_family_[Arabidopsis_thaliana]|0.97|0.82	GO:0003735|GO:0005840|GO:0006412
PRED|NP_188456.1_Bifunctional_inhibitor/lipid-transfer_protein/seed_storage_2S_albumin_superfamily_protein_[Arabidopsis_thaliana]|0.82|0.9	GO:0006869
PRED|NP_188504.1_Ribosomal_protein_L7Ae/L30e/S12e/Gadd45_family_protein_[Arabidopsis_thaliana]|0.52|0.81	GO:0003723
PRED|NP_190179.1_Histone_superfamily_protein_[Arabidopsis_thaliana]|0.96|0.87	GO:0003677|GO:0030527|GO:0046982
PRED|NP_190189.1_Histone_superfamily_protein_[Arabidopsis_thaliana]|0.83|0.82	GO:0000786|GO:0003677|GO:0030527|GO:0046982
PRED|NP_190728.1_lipid_transfer_protein_5_[Arabidopsis_thaliana]|0.99|0.93	GO:0006869|GO:0008289
PRED|NP_190941.1_Histone_superfamily_protein_[Arabidopsis_thaliana]|0.96|0.87	GO:0003677|GO:0030527|GO:0046982
PRED|NP_191161.1_Ribosomal_protein_L41_family_[Arabidopsis_thaliana]|0.97|0.82	GO:0003735|GO:0005840|GO:0006412
PRED|NP_191290.1_Bifunctional_inhibitor/lipid-transfer_protein/seed_storage_2S_albumin_superfamily_protein_[Arabidopsis_thaliana]|0.89|0.92	GO:0006869
PRED|NP_194447.1_seed_storage_albumin_4_[Arabidopsis_thaliana]|0.6|0.77	GO:0045735
PRED|NP_194668.1_Ribosomal_protein_S30_family_protein_[Arabidopsis_thaliana]|0.9|0.89	GO:0003735|GO:0005840|GO:0006412|GO:0022627
PRED|NP_194937.1_Beta-13-N-Acetylglucosaminyltransferase_family_protein_[Arabidopsis_thaliana]|0.69|0.89	GO:0001709
PRED|NP_195807.1_Bifunctional_inhibitor/lipid-transfer_protein/seed_storage_2S_albumin_superfamily_protein_[Arabidopsis_thaliana]|0.98|0.92	GO:0006869|GO:0008289
PRED|NP_195846.1_expansin_A9_[Arabidopsis_thaliana]|0.63|0.73	GO:0005576|GO:0009664
PRED|NP_195877.1_Histone_superfamily_protein_[Arabidopsis_thaliana]|0.88|0.87	GO:0000786|GO:0003677|GO:0030527|GO:0046982
PRED|NP_196147.1_RING/U-box_superfamily_protein_[Arabidopsis_thaliana]|0.56|0.72	GO:0008270|GO:0016567|GO:0016740
PRED|NP_197679.1_histone_B2_[Arabidopsis_thaliana]|0.98|0.83	GO:0000786|GO:0003677|GO:0030527|GO:0046982
PRED|NP_198507.1_thionin_2.2_[Arabidopsis_thaliana]|0.98|0.77	GO:0006952
PRED|NP_198633.1_Bifunctional_inhibitor/lipid-transfer_protein/seed_storage_2S_albumin_superfamily_protein_[Arabidopsis_thaliana]|0.97|0.87	GO:0006869
PRED|NP_199255.1_plant_defensin_1.2_[Arabidopsis_thaliana]|1.0|0.95	GO:0006952
PRED|NP_199256.1_plant_defensin_1.2C_[Arabidopsis_thaliana]|1.0|0.95	GO:0006952
PRED|NP_199660.1_Bifunctional_inhibitor/lipid-transfer_protein/seed_storage_2S_albumin_superfamily_protein_[Arabidopsis_thaliana]|0.54|0.84	GO:0005504|GO:0009627
PRED|NP_200285.1_seed_storage_albumin_5_[Arabidopsis_thaliana]|0.96|0.8	GO:0045735
PRED|NP_200443.1_expansin_A14_[Arabidopsis_thaliana]|0.7|0.7	GO:0005576|GO:0009664
PRED|NP_200478.1_Ribosomal_protein_S30_family_protein_[Arabidopsis_thaliana]|0.9|0.89	GO:0003735|GO:0005840|GO:0006412|GO:0022627
PRED|NP_200799.1_Histone_superfamily_protein_[Arabidopsis_thaliana]|0.67|0.82	GO:0000786|GO:0003677|GO:0030527|GO:0046982
PRED|NP_201171.1_Scorpion_toxin-like_knottin_superfamily_protein_[Arabidopsis_thaliana]|1.0|0.93	GO:0006952
PRED|NP_201388.1_phytosulfokine_5_precursor_[Arabidopsis_thaliana]|0.8|0.7	GO:0005576|GO:0008083|GO:0008283
PRED|NP_203695.2_choriogonadotropin_subunit_beta_variant_1_isoform_1_precursor_[Homo_sapiens]|0.97|0.73	GO:0005179|GO:0005576|GO:0005615|GO:0005737|GO:0007186
PRED|NP_203696.2_choriogonadotropin_subunit_beta_variant_2_isoform_1_precursor_[Homo_sapiens]|0.95|0.7	GO:0005179|GO:0005576|GO:0005615|GO:0005737|GO:0007186
PRED|NP_277034.1_scrapie-responsive_protein_1_precursor_[Rattus_norvegicus]|0.91|0.83	GO:0005794|GO:0044306
PRED|NP_291074.1_histone_H4_[Mus_musculus]|0.95|0.84	GO:0003677|GO:0030527|GO:0046982
PRED|NP_443104.1_interleukin-17F_precursor_[Homo_sapiens]|0.72|0.7	GO:0005125|GO:0005576
PRED|NP_443201.1_ribosomal_protein_eL39-like_2_[Homo_sapiens]|0.83|0.9	GO:0003735|GO:0005840|GO:0006412|GO:0022625
PRED|NP_443203.1_liver-expressed_antimicrobial_peptide_2_precursor_[Homo_sapiens]|1.0|0.87	GO:0042742|GO:0061844
PRED|NP_444341.1_non-secretory_ribonuclease_precursor_[Mus_musculus]|0.94|0.93	GO:0002227|GO:0003676|GO:0004540|GO:0005615|GO:0006935|GO:0050830
PRED|NP_444342.1_eosinophil-associated_ribonuclease_A_family_member_10_precursor_[Mus_musculus]|0.98|0.89	GO:0002227|GO:0003676|GO:0004540|GO:0005615|GO:0006935|GO:0050830
PRED|NP_444343.2_non-secretory_ribonuclease_precursor_[Mus_musculus]|0.95|0.89	GO:0002227|GO:0003676|GO:0004540|GO:0005615|GO:0006935|GO:0050830
PRED|NP_444473.1_protease_serine_1_precursor_[Mus_musculus]|0.67|0.77	GO:0004252|GO:0005615|GO:0006508
PRED|NP_445785.1_resistin-like_alpha_precursor_[Rattus_norvegicus]|0.98|0.93	GO:0005179|GO:0005576|GO:0005615
PRED|NP_445825.1_peptidoglycan_recognition_protein_1_precursor_[Rattus_norvegicus]|0.99|0.73	GO:0016019|GO:0016045|GO:0042834|GO:0050830
PRED|NP_445921.1_hepcidin_precursor_[Rattus_norvegicus]|0.98|0.93	GO:0005576|GO:0006879
PRED|NP_446099.1_C-X-C_motif_chemokine_2_precursor_[Rattus_norvegicus]|1.0|0.81	GO:0005576|GO:0006955|GO:0008009
PRED|NP_446152.2_C-C_motif_chemokine_28_precursor_[Rattus_norvegicus]|0.99|0.86	GO:0005576|GO:0006955|GO:0008009
PRED|NP_446202.1_C-type_natriuretic_peptide_precursor_[Rattus_norvegicus]|0.97|0.85	GO:0005179|GO:0005576|GO:0006182|GO:0007168
PRED|NP_446437.1_histone_H3.3_[Rattus_norvegicus]|0.5|0.74	GO:0000786|GO:0003677|GO:0030527|GO:0046982
PRED|NP_473425.2_calcitonin_gene-related_peptide_2_precursor_[Mus_musculus]|0.68|0.75	GO:0005179|GO:0005576|GO:0005615|GO:0007189|GO:0031716|GO:0051480
PRED|NP_476470.1_trefoil_factor_1_precursor_[Rattus_norvegicus]|0.98|0.74	GO:0005615|GO:0030277
PRED|NP_476492.2_C-C_motif_chemokine_17_precursor_[Rattus_norvegicus]|0.99|0.91	GO:0005576|GO:0006955|GO:0008009
PRED|NP_476551.1_C-C_motif_chemokine_22_precursor_[Rattus_norvegicus]|1.0|0.9	GO:0005576|GO:0005615|GO:0006954|GO:0006955|GO:0008009|GO:0030335|GO:0043547|GO:0048020|GO:0048245|GO:0060326|GO:0061844|GO:0070098
PRED|NP_476776.1_ribosomal_protein_L40_isoform_A_[Drosophila_melanogaster]|0.96|0.89	GO:0006412
PRED|NP_476823.1_lysozyme_D_[Drosophila_melanogaster]|1.0|0.76	GO:0003796
PRED|NP_476827.2_lysozyme_E_[Drosophila_melanogaster]|1.0|0.76	GO:0003796
PRED|NP_476828.1_lysozyme_P_[Drosophila_melanogaster]|1.0|0.89	GO:0003796
PRED|NP_476829.1_lysozyme_S_[Drosophila_melanogaster]|1.0|0.87	GO:0003796
PRED|NP_476985.1_oxen_[Drosophila_melanogaster]|0.9|0.85	GO:0006122|GO:0045275
PRED|NP_477445.1_mesencephalic_astrocyte-derived_neurotrophic_factor_[Drosophila_melanogaster]|0.72|0.81	GO:0005615|GO:0005783|GO:0031175|GO:0071542
PRED|NP_478107.2_sperm-associated_antigen_11B_isoform_G_preproprotein_[Homo_sapiens]|1.0|0.82	GO:0005576|GO:0061844
PRED|NP_478108.2_sperm-associated_antigen_11B_isoform_D_preproprotein_[Homo_sapiens]|1.0|0.79	GO:0005576|GO:0061844
PRED|NP_478109.1_sperm-associated_antigen_11B_isoform_H_preproprotein_[Homo_sapiens]|1.0|0.82	GO:0005576
PRED|NP_478110.1_sperm-associated_antigen_11B_isoform_C_preproprotein_[Homo_sapiens]|1.0|0.74	GO:0005576|GO:0061844
PRED|NP_478114.2_sperm-associated_antigen_11B_isoform_E_precursor_[Homo_sapiens]|1.0|0.87	GO:0005576|GO:0061844
PRED|NP_491252.1_Antibacterial_factor-related_peptide_2_[Caenorhabditis_elegans]|1.0|0.92	GO:0098542
PRED|NP_491253.1_Antibacterial_factor-related_peptide_1_[Caenorhabditis_elegans]|0.99|0.79	GO:0098542
PRED|NP_492641.1_Histone_H4_[Caenorhabditis_elegans]|0.96|0.85	GO:0003677|GO:0030527|GO:0046982
PRED|NP_493444.1_INSulin_related_[Caenorhabditis_elegans]|0.93|0.83	GO:0005179|GO:0005576
PRED|NP_493445.1_INSulin_related_[Caenorhabditis_elegans]|0.99|0.84	GO:0005179|GO:0005576
PRED|NP_494454.1_INSulin_related_[Caenorhabditis_elegans]|0.51|0.82	GO:0005179|GO:0005576
PRED|NP_494655.1_INSulin_related_[Caenorhabditis_elegans]|0.89|0.75	GO:0005179|GO:0005576
PRED|NP_495194.1_putative_insulin-like_peptide_beta-type_2_[Caenorhabditis_elegans]|0.74|0.75	GO:0005179|GO:0005576
PRED|NP_495195.1_putative_insulin-like_peptide_beta-type_3_[Caenorhabditis_elegans]|0.66|0.8	GO:0005179|GO:0005576
PRED|NP_495198.1_putative_insulin-like_peptide_beta-type_5_[Caenorhabditis_elegans]|0.57|0.84	GO:0005179|GO:0005576
PRED|NP_496228.1_Phospholipase_A2_[Caenorhabditis_elegans]|1.0|0.81	GO:0004623|GO:0005509|GO:0016042
PRED|NP_496749.1_Knottin_scorpion_toxin-like_domain-containing_protein_[Caenorhabditis_elegans]|0.99|0.9	GO:0006952
PRED|NP_496804.2_Reactive_oxygen_species_modulator_1_[Caenorhabditis_elegans]|0.59|0.85	GO:0005744|GO:0030150|GO:0045039
PRED|NP_496888.1_Histone_H2B_1_[Caenorhabditis_elegans]|0.88|0.85	GO:0000786|GO:0003677|GO:0030527|GO:0046982
PRED|NP_496889.1_Histone_H4_[Caenorhabditis_elegans]|0.96|0.87	GO:0003677|GO:0030527|GO:0046982
PRED|NP_496892.1_Histone_H2B_1_[Caenorhabditis_elegans]|0.88|0.85	GO:0000786|GO:0003677|GO:0030527|GO:0046982
PRED|NP_496893.1_Histone_H4_[Caenorhabditis_elegans]|0.96|0.88	GO:0003677|GO:0030527|GO:0046982
PRED|NP_496896.1_Histone_H4_[Caenorhabditis_elegans]|0.96|0.87	GO:0003677|GO:0030527|GO:0046982
PRED|NP_496897.1_Histone_H2B_1_[Caenorhabditis_elegans]|0.88|0.85	GO:0000786|GO:0003677|GO:0030527|GO:0046982
PRED|NP_497886.2_Gamma_interferon_inducible_lysosomal_thiol_reductase_[Caenorhabditis_elegans]|0.51|0.9	GO:0016491|GO:0016671
PRED|NP_498658.1_Transthyretin-like_family_protein_[Caenorhabditis_elegans]|0.68|0.79	GO:0009986
PRED|NP_498839.1_Putative_ATP_synthase_subunit_epsilon_mitochondrial_[Caenorhabditis_elegans]|0.81|0.85	GO:0005743|GO:0015986|GO:0045259|GO:0046933
PRED|NP_499054.1_Transthyretin-like_protein_5_[Caenorhabditis_elegans]|0.81|0.82	GO:0009986
PRED|NP_499202.1_Transthyretin-like_protein_3_[Caenorhabditis_elegans]|0.64|0.78	GO:0009986
PRED|NP_499224.1_putative_insulin-like_peptide_alpha-type_3_[Caenorhabditis_elegans]|0.6|0.82	GO:0005179|GO:0005576
PRED|NP_499695.1_Ubiquitin_[Caenorhabditis_elegans]|0.94|0.89	GO:0006412
PRED|NP_500206.1_Invertebrate-type_lysozyme_3_[Caenorhabditis_elegans]|0.97|0.86	GO:0003796|GO:0050830
PRED|NP_500207.1_Invertebrate-type_lysozyme_2_[Caenorhabditis_elegans]|0.99|0.92	GO:0003796|GO:0050830
PRED|NP_500208.2_lysozyme_[Caenorhabditis_elegans]|0.86|0.82	GO:0003796|GO:0050830
PRED|NP_500470.2_Invertebrate-type_lysozyme_6_[Caenorhabditis_elegans]|1.0|0.88	GO:0003796|GO:0050830
PRED|NP_500522.1_Transthyretin-like_family_protein_[Caenorhabditis_elegans]|0.71|0.81	GO:0009986
PRED|NP_501202.1_putative_histone_H2B_4_[Caenorhabditis_elegans]|0.94|0.85	GO:0000786|GO:0003677|GO:0030527|GO:0046982
PRED|NP_501203.2_Histone_H4_[Caenorhabditis_elegans]|0.96|0.88	GO:0003677|GO:0030527|GO:0046982
PRED|NP_501255.1_SPSAVPLIRF-amide_[Caenorhabditis_elegans]|0.77|0.81	GO:0007218
PRED|NP_501403.1_Histone_H2B_1_[Caenorhabditis_elegans]|0.88|0.85	GO:0000786|GO:0003677|GO:0030527|GO:0046982
PRED|NP_501406.1_Histone_H4_[Caenorhabditis_elegans]|0.96|0.82	GO:0003677|GO:0030527|GO:0046982
PRED|NP_501409.1_Histone_H2B_1_[Caenorhabditis_elegans]|0.88|0.85	GO:0000786|GO:0003677|GO:0030527|GO:0046982
PRED|NP_501592.1_SQPNFLRF-amide_[Caenorhabditis_elegans]|0.97|0.74	GO:0007218
PRED|NP_502132.1_putative_histone_H2B_4_[Caenorhabditis_elegans]|0.94|0.82	GO:0000786|GO:0003677|GO:0030527|GO:0046982
PRED|NP_502133.1_Histone_H4_[Caenorhabditis_elegans]|0.96|0.88	GO:0003677|GO:0030527|GO:0046982
PRED|NP_502139.1_Histone_H4_[Caenorhabditis_elegans]|0.96|0.88	GO:0003677|GO:0030527|GO:0046982
PRED|NP_502140.1_putative_histone_H2B_4_[Caenorhabditis_elegans]|0.94|0.85	GO:0000786|GO:0003677|GO:0030527|GO:0046982
PRED|NP_502149.1_putative_histone_H2B_4_[Caenorhabditis_elegans]|0.94|0.85	GO:0000786|GO:0003677|GO:0030527|GO:0046982
PRED|NP_502154.1_Histone_H4_[Caenorhabditis_elegans]|0.96|0.88	GO:0003677|GO:0030527|GO:0046982
PRED|NP_504198.1_ATP_synthase_subunit_epsilon_mitochondrial_[Caenorhabditis_elegans]|0.54|0.88	GO:0005743|GO:0015986|GO:0045259|GO:0046933
PRED|NP_504565.1_Cystatin_cpi-2_[Caenorhabditis_elegans]|0.55|0.7	GO:0004869|GO:0005615|GO:0005737|GO:0031982|GO:2000117
PRED|NP_505007.1_Ubiquitin-like_domain-containing_protein_[Caenorhabditis_elegans]|0.96|0.81	GO:0003735|GO:0005840|GO:0006412|GO:0022627
PRED|NP_505197.1_Histone_H2B_2_[Caenorhabditis_elegans]|0.94|0.85	GO:0000786|GO:0003677|GO:0030527|GO:0046982
PRED|NP_505200.1_Histone_H4_[Caenorhabditis_elegans]|0.96|0.88	GO:0003677|GO:0030527|GO:0046982
PRED|NP_505275.1_Histone_H4_[Caenorhabditis_elegans]|0.96|0.88	GO:0003677|GO:0030527|GO:0046982
PRED|NP_505278.2_Histone_H2B_2_[Caenorhabditis_elegans]|0.94|0.85	GO:0000786|GO:0003677|GO:0030527|GO:0046982
PRED|NP_505279.2_Histone_H2B_2_[Caenorhabditis_elegans]|0.94|0.85	GO:0000786|GO:0003677|GO:0030527|GO:0046982
PRED|NP_505291.1_Histone_H4_[Caenorhabditis_elegans]|0.96|0.88	GO:0003677|GO:0030527|GO:0046982
PRED|NP_505294.1_Histone_H2B_2_[Caenorhabditis_elegans]|0.94|0.85	GO:0000786|GO:0003677|GO:0030527|GO:0046982
PRED|NP_505295.1_Histone_H2B_2_[Caenorhabditis_elegans]|0.94|0.85	GO:0000786|GO:0003677|GO:0030527|GO:0046982
PRED|NP_505298.1_Histone_H4_[Caenorhabditis_elegans]|0.96|0.88	GO:0003677|GO:0030527|GO:0046982
PRED|NP_505464.1_putative_histone_H2B_3_[Caenorhabditis_elegans]|0.95|0.85	GO:0000786|GO:0003677|GO:0030527|GO:0046982
PRED|NP_505466.1_Histone_H4_[Caenorhabditis_elegans]|0.96|0.88	GO:0003677|GO:0030527|GO:0046982
PRED|NP_505700.2_Interleukin-17_[Caenorhabditis_elegans]|0.55|0.78	GO:0005125|GO:0005576
PRED|NP_506227.2_Transthyretin-like_family_protein_[Caenorhabditis_elegans]|0.64|0.77	GO:0009986
PRED|NP_507031.2_Histone_H2B_2_[Caenorhabditis_elegans]|0.94|0.85	GO:0000786|GO:0003677|GO:0030527|GO:0046982
PRED|NP_507034.1_Histone_H4_[Caenorhabditis_elegans]|0.96|0.88	GO:0003677|GO:0030527|GO:0046982
PRED|NP_507630.1_Transthyretin-like_family_protein_[Caenorhabditis_elegans]|0.65|0.78	GO:0009986
PRED|NP_507840.1_Uncharacterized_protein_CELE_Y116F11B.1_[Caenorhabditis_elegans]|0.85|0.87	GO:0005179|GO:0005576
PRED|NP_508789.1_FMRF-Like_Peptide_[Caenorhabditis_elegans]|0.69|0.82	GO:0007218
PRED|NP_509200.1_HEsitatioN_behavior_[Caenorhabditis_elegans]|0.95|0.76	GO:0005515|GO:0030297|GO:0043195|GO:0043410
PRED|NP_509231.1_Histone_H4_[Caenorhabditis_elegans]|0.96|0.88	GO:0003677|GO:0030527|GO:0046982
PRED|NP_509475.1_Spore_coat_protein_[Caenorhabditis_elegans]|0.53|0.78	GO:0006950|GO:0097501
PRED|NP_511095.1_histone_H3.3B_isoform_A_[Drosophila_melanogaster]|0.5|0.73	GO:0000786|GO:0003677|GO:0030527|GO:0046982
PRED|NP_523479.1_histone_H3.3A_isoform_A_[Drosophila_melanogaster]|0.5|0.74	GO:0000786|GO:0003677|GO:0030527|GO:0046982
PRED|NP_523505.1_Odorant-binding_protein_28a_[Drosophila_melanogaster]|0.75|0.76	GO:0005549
PRED|NP_523672.1_defensin_[Drosophila_melanogaster]|1.0|0.95	GO:0005615|GO:0006952|GO:0006959|GO:0042742
PRED|NP_523745.1_Attacin-A_[Drosophila_melanogaster]|1.0|0.74	GO:0005576|GO:0042742
PRED|NP_523752.1_metchnikowin_[Drosophila_melanogaster]|1.0|0.85	GO:0019731|GO:0019732
PRED|NP_523787.2_diptericin_B_[Drosophila_melanogaster]|0.65|0.73	GO:0005576|GO:0042742
PRED|NP_523881.1_lysozyme_X_[Drosophila_melanogaster]|0.99|0.77	GO:0003796
PRED|NP_523882.1_lysozyme_B_isoform_A_[Drosophila_melanogaster]|1.0|0.75	GO:0003796
PRED|NP_523901.1_drosomycin_[Drosophila_melanogaster]|1.0|0.94	GO:0006952
PRED|NP_524057.2_Sex_peptide_[Drosophila_melanogaster]|1.0|0.94	GO:0005179|GO:0005576|GO:0046008
PRED|NP_524352.1_histone_H4_replacement_isoform_C_[Drosophila_melanogaster]|0.96|0.84	GO:0003677|GO:0030527|GO:0046982
PRED|NP_524386.1_eclosion_hormone_isoform_A_[Drosophila_melanogaster]|1.0|0.73	GO:0007218|GO:0008255|GO:0018990
PRED|NP_524413.1_metallothionein_B_isoform_A_[Drosophila_melanogaster]|0.96|0.7	GO:0046872
PRED|NP_524422.1_turandot_B_[Drosophila_melanogaster]|0.52|0.76	GO:0002376
PRED|NP_524587.1_andropin_isoform_A_[Drosophila_melanogaster]|1.0|0.86	GO:0005576|GO:0019731
PRED|NP_524588.1_cecropin_A1_[Drosophila_melanogaster]|1.0|0.94	GO:0005576|GO:0005615|GO:0019731|GO:0050829|GO:0050830
PRED|NP_524589.1_cecropin_A2_[Drosophila_melanogaster]|1.0|0.94	GO:0005576|GO:0005615|GO:0019731|GO:0050829|GO:0050830
PRED|NP_524590.1_cecropin_B_[Drosophila_melanogaster]|1.0|0.86	GO:0005576|GO:0005615|GO:0019731|GO:0050829|GO:0050830
PRED|NP_524591.1_cecropin_C_[Drosophila_melanogaster]|1.0|0.94	GO:0005576|GO:0005615|GO:0019731|GO:0050829|GO:0050830
PRED|NP_536778.2_turandot_A_[Drosophila_melanogaster]|0.99|0.79	GO:0002376
PRED|NP_542160.1_histone_H2B_type_1-K_[Homo_sapiens]|1.0|0.8	GO:0000786|GO:0003677|GO:0030527|GO:0046982
PRED|NP_542786.1_reactive_oxygen_species_modulator_1_[Homo_sapiens]|1.0|0.89	GO:0005744|GO:0030150|GO:0045039
PRED|NP_543020.2_cystatin-11_isoform_2_precursor_[Homo_sapiens]|0.76|0.78	GO:0004869|GO:0005634|GO:0005737|GO:0036126|GO:0050829|GO:0061827
PRED|NP_543140.1_relaxin-3_preproprotein_[Homo_sapiens]|0.95|0.76	GO:0001664
PRED|NP_563793.1_Histone_superfamily_protein_[Arabidopsis_thaliana]|0.96|0.87	GO:0003677|GO:0030527|GO:0046982
PRED|NP_563797.1_Histone_superfamily_protein_[Arabidopsis_thaliana]|0.96|0.82	GO:0003677|GO:0030527|GO:0046982
PRED|NP_564532.1_Bifunctional_inhibitor/lipid-transfer_protein/seed_storage_2S_albumin_superfamily_protein_[Arabidopsis_thaliana]|0.72|0.92	GO:0006869
PRED|NP_564768.1_SCR-like_6_[Arabidopsis_thaliana]|1.0|0.76	GO:0007165
PRED|NP_565038.1_thionin_2.1_[Arabidopsis_thaliana]|0.99|0.84	GO:0006952
PRED|NP_565119.1_low-molecular-weight_cysteine-rich_67_[Arabidopsis_thaliana]|1.0|0.95	GO:0006952
PRED|NP_565164.1_Ribosomal_protein_L7Ae/L30e/S12e/Gadd45_family_protein_[Arabidopsis_thaliana]|0.76|0.8	GO:0003723
PRED|NP_565458.1_Ribosomal_protein_S30_family_protein_[Arabidopsis_thaliana]|0.9|0.89	GO:0003735|GO:0005840|GO:0006412|GO:0022627
PRED|NP_565836.1_60S_ribosomal_protein_L40-1_[Arabidopsis_thaliana]|0.85|0.86	GO:0006412
PRED|NP_565872.1_Bifunctional_inhibitor/lipid-transfer_protein/seed_storage_2S_albumin_superfamily_protein_[Arabidopsis_thaliana]|1.0|0.92	GO:0005504|GO:0006869|GO:0008289|GO:0009627
PRED|NP_565910.1_ROTUNDIFOLIA_like_8_[Arabidopsis_thaliana]|0.74|0.77	GO:0008285
PRED|NP_566000.1_Scorpion_toxin-like_knottin_superfamily_protein_[Arabidopsis_thaliana]|1.0|0.84	GO:0005576|GO:0008200|GO:0019871
PRED|NP_566002.2_scorpion_toxin-like_knottin_superfamily_protein_[Arabidopsis_thaliana]|1.0|0.94	GO:0005576|GO:0006952|GO:0008200|GO:0019871
PRED|NP_566107.1_Small_nuclear_ribonucleoprotein_family_protein_[Arabidopsis_thaliana]|0.81|0.83	GO:0008380|GO:0030532
PRED|NP_566391.1_Vacuolar_protein_sorting_55_(VPS55)_family_protein_[Arabidopsis_thaliana]|0.5|0.71	GO:0005768|GO:0032511
PRED|NP_566969.1_ubiquitin_extension_protein_1_[Arabidopsis_thaliana]|0.85|0.86	GO:0006412
PRED|NP_567134.3_Small_nuclear_ribonucleoprotein_family_protein_[Arabidopsis_thaliana]|0.81|0.84	GO:0008380|GO:0030532
PRED|NP_567413.1_ralf-like_31_[Arabidopsis_thaliana]|0.57|0.83	GO:0009506|GO:0019722
PRED|NP_568210.1_Bifunctional_inhibitor/lipid-transfer_protein/seed_storage_2S_albumin_superfamily_protein_[Arabidopsis_thaliana]|0.83|0.91	GO:0006869|GO:0008289
PRED|NP_568555.1_Bifunctional_inhibitor/lipid-transfer_protein/seed_storage_2S_albumin_superfamily_protein_[Arabidopsis_thaliana]|0.64|0.83	GO:0006869
PRED|NP_568824.1_Bifunctional_inhibitor/lipid-transfer_protein/seed_storage_2S_albumin_superfamily_protein_[Arabidopsis_thaliana]|0.56|0.92	GO:0005504|GO:0009627
PRED|NP_568904.1_lipid_transfer_protein_4_[Arabidopsis_thaliana]|0.88|0.93	GO:0006869|GO:0008289
PRED|NP_568905.1_lipid_transfer_protein_3_[Arabidopsis_thaliana]|0.98|0.92	GO:0006869|GO:0008289
PRED|NP_568911.1_Histone_superfamily_protein_[Arabidopsis_thaliana]|0.96|0.79	GO:0003677|GO:0030527|GO:0046982
PRED|NP_568918.1_Histone_superfamily_protein_[Arabidopsis_thaliana]|0.96|0.86	GO:0003677|GO:0030527|GO:0046982
PRED|NP_570125.1_glycoprotein_hormone_alpha-2_precursor_[Homo_sapiens]|0.61|0.82	GO:0005615|GO:0007166|GO:0031531|GO:0051427
PRED|NP_571095.1_hemoglobin_subunit_beta-1_[Danio_rerio]|0.86|0.73	GO:0004601|GO:0005344|GO:0005833|GO:0019825|GO:0020037|GO:0031720|GO:0031838|GO:0042744|GO:0043177|GO:0072562
PRED|NP_571131.1_insulin_preproprotein_[Danio_rerio]|0.58|0.87	GO:0005179|GO:0005576
PRED|NP_571137.2_C-C_motif_chemokine_27a_isoform_1_precursor_[Danio_rerio]|1.0|0.89	GO:0005576|GO:0006955|GO:0008009
PRED|NP_571145.1_midkine_a_precursor_[Danio_rerio]|1.0|0.89	GO:0008083
PRED|NP_571702.1_C-X-C_motif_chemokine_14_precursor_[Danio_rerio]|0.67|0.87	GO:0005576|GO:0006955|GO:0008009
PRED|NP_571783.2_trypsin-1_precursor_[Danio_rerio]|0.57|0.74	GO:0004252|GO:0005615|GO:0006508
PRED|NP_571791.1_midkine_b_precursor_[Danio_rerio]|1.0|0.82	GO:0008083
PRED|NP_571900.1_insulin-like_growth_factor_I_precursor_[Danio_rerio]|0.66|0.82	GO:0001932|GO:0005159|GO:0005179|GO:0005576|GO:0005615|GO:0008083|GO:0008283|GO:0008284|GO:0043066|GO:0048009|GO:0051897
PRED|NP_572222.2_uncharacterized_protein_Dmel_CG16756_[Drosophila_melanogaster]|0.99|0.88	GO:0003796
PRED|NP_572763.3_selenoprotein_G_[Drosophila_melanogaster]|0.69|0.87	GO:0005789|GO:0005794|GO:0006816|GO:0032469
PRED|NP_588181.1_histone_H2B_Htb1_[Schizosaccharomyces_pombe]|0.86|0.72	GO:0000786|GO:0003677|GO:0030527|GO:0046982
PRED|NP_592962.1_cleavage_and_polyadenylation_specificity_factor_complex_subunit_Yth1_[Schizosaccharomyces_pombe]|0.85|0.72	GO:0003723|GO:0046872|GO:0098789
PRED|NP_593923.1_ubiquitin-60S_ribosomal_protein_L40_fusion_protein_[Schizosaccharomyces_pombe]|0.93|0.89	GO:0006412
PRED|NP_593950.1_60S_ribosomal_protein_eL41_[Schizosaccharomyces_pombe]|0.9|0.82	GO:0003735|GO:0005840|GO:0006412
PRED|NP_594398.1_ubiquitin-60S_ribosomal_protein_L40_fusion_protein_[Schizosaccharomyces_pombe]|0.93|0.89	GO:0006412
PRED|NP_594978.1_60S_ribosomal_protein_L41_[Schizosaccharomyces_pombe]|0.9|0.81	GO:0003735|GO:0005840|GO:0006412
PRED|NP_595566.1_histone_H4_h4.2_[Schizosaccharomyces_pombe]|0.93|0.73	GO:0003677|GO:0030527|GO:0046982
PRED|NP_596468.1_histone_H4_h4.3_[Schizosaccharomyces_pombe]|0.93|0.73	GO:0003677|GO:0030527|GO:0046982
PRED|NP_598857.1_chemokine-like_protein_TAFA-5_isoform_2_precursor_[Mus_musculus]|1.0|0.86	GO:0001664|GO:0005615|GO:0007186|GO:0048018
PRED|NP_608337.1_Sec61_gamma_subunit_isoform_A_[Drosophila_melanogaster]|0.53|0.88	GO:0006605|GO:0006886|GO:0008320|GO:0015031|GO:0016020
PRED|NP_608794.1_uncharacterized_protein_Dmel_CG15418_isoform_B_[Drosophila_melanogaster]|0.96|0.8	GO:0004867|GO:0005615
PRED|NP_608797.1_uncharacterized_protein_Dmel_CG16704_isoform_A_[Drosophila_melanogaster]|1.0|0.87	GO:0005615|GO:0007179|GO:0048019|GO:0050431
PRED|NP_608798.1_uncharacterized_protein_Dmel_CG3513_[Drosophila_melanogaster]|0.64|0.9	GO:0004867
PRED|NP_608800.1_immune_induced_molecule_33_isoform_A_[Drosophila_melanogaster]|0.99|0.93	GO:0004867|GO:0005615
PRED|NP_608802.2_uncharacterized_protein_Dmel_CG10031_[Drosophila_melanogaster]|0.78|0.84	GO:0004867|GO:0005615
PRED|NP_608803.2_uncharacterized_protein_Dmel_CG2816_[Drosophila_melanogaster]|0.73|0.93	GO:0004867|GO:0005615
PRED|NP_610394.2_uncharacterized_protein_Dmel_CG8736_[Drosophila_melanogaster]|0.98|0.93	GO:0042302
PRED|NP_610407.1_peptidoglycan_recognition_protein_SC1a_[Drosophila_melanogaster]|0.94|0.87	GO:0042834|GO:0045087
PRED|NP_610409.1_peptidoglycan_recognition_protein_SC1b_isoform_A_[Drosophila_melanogaster]|0.94|0.87	GO:0042834|GO:0045087
PRED|NP_610410.1_peptidoglycan_recognition_protein_SC2_[Drosophila_melanogaster]|0.91|0.86	GO:0042834|GO:0045087
PRED|NP_611098.1_uncharacterized_protein_Dmel_CG7798_[Drosophila_melanogaster]|0.79|0.86	GO:0003796
PRED|NP_611319.1_bomanin_short_1_[Drosophila_melanogaster]|1.0|0.89	GO:0006952
PRED|NP_611448.2_Odorant-binding_protein_56h_isoform_A_[Drosophila_melanogaster]|1.0|0.71	GO:0005549
PRED|NP_611483.1_GNBP-like_3_[Drosophila_melanogaster]|0.89|0.81	GO:0030246
PRED|NP_611505.1_uncharacterized_protein_Dmel_CG11159_[Drosophila_melanogaster]|1.0|0.77	GO:0003796
PRED|NP_611931.3_Ion_transport_peptide_isoform_D_[Drosophila_melanogaster]|0.95|0.71	GO:0005184|GO:0005576|GO:0007623
PRED|NP_612022.1_midkine_and_pleiotrophin_1_isoform_A_[Drosophila_melanogaster]|0.99|0.78	GO:0005576|GO:0008201|GO:0048332
PRED|NP_612204.1_ribonuclease_8_precursor_[Homo_sapiens]|0.99|0.9	GO:0003676|GO:0004540|GO:0005615|GO:0045087|GO:0050829|GO:0050830|GO:0050832
PRED|NP_612561.2_thymic_stromal_lymphopoietin_isoform_2_[Homo_sapiens]|0.98|0.71	GO:0001961|GO:0005125|GO:0005139|GO:0005576|GO:0032722|GO:0032733|GO:0032736|GO:0032754|GO:0032755|GO:0042531|GO:0050729|GO:0061844
PRED|NP_619790.1_histone_H2B_type_1-D_[Homo_sapiens]|1.0|0.83	GO:0000786|GO:0003677|GO:0030527|GO:0046982
PRED|NP_620207.1_prokineticin-2_isoform_2_precursor_[Rattus_norvegicus]|0.88|0.94	GO:0001935
PRED|NP_620257.1_eosinophil_cationic_protein_precursor_[Rattus_norvegicus]|0.89|0.92	GO:0002227|GO:0003676|GO:0004540|GO:0005615|GO:0006935|GO:0050830
PRED|NP_620783.1_small_ribosomal_subunit_protein_eS32_[Rattus_norvegicus]|0.96|0.82	GO:0003735|GO:0005840|GO:0006412
PRED|NP_620789.2_C-X-C_motif_chemokine_10_precursor_[Rattus_norvegicus]|0.98|0.84	GO:0005576|GO:0006955|GO:0008009
PRED|NP_631919.1_lysozyme_C_precursor_[Danio_rerio]|0.99|0.92	GO:0003796
PRED|NP_647803.1_Drosomycin-like_5_[Drosophila_melanogaster]|1.0|0.93	GO:0006952
PRED|NP_648757.1_uncharacterized_protein_Dmel_CG6878_[Drosophila_melanogaster]|0.66|0.84	GO:0005744|GO:0030150|GO:0045039
PRED|NP_650331.1_Niemann-Pick_type_C-2b_isoform_B_[Drosophila_melanogaster]|0.77|0.79	GO:0015918|GO:0032934
PRED|NP_650882.1_metallothionein_C_[Drosophila_melanogaster]|0.81|0.94	GO:0046872
PRED|NP_650922.1_ribosomal_protein_S30_isoform_A_[Drosophila_melanogaster]|0.61|0.84	GO:0003735|GO:0005840|GO:0006412|GO:0022627
PRED|NP_651142.3_uncharacterized_protein_Dmel_CG42827_isoform_D_[Drosophila_melanogaster]|0.99|0.87	GO:0004867|GO:0005615
PRED|NP_651654.1_eukaryotic_translation_initiation_factor_4E6_isoform_A_[Drosophila_melanogaster]|0.79|0.71	GO:0000340|GO:0003723|GO:0003743|GO:0006413|GO:0016281
PRED|NP_651996.2_midkine_and_pleiotrophin_2_isoform_A_[Drosophila_melanogaster]|0.67|0.7	GO:0005576|GO:0008201|GO:0048332
PRED|NP_652048.2_uncharacterized_protein_Dmel_CG6421_[Drosophila_melanogaster]|0.68|0.8	GO:0003796
PRED|NP_652366.1_bomanin_short_5_[Drosophila_melanogaster]|1.0|0.9	GO:0006952
PRED|NP_652367.1_bomanin_tailed_2_[Drosophila_melanogaster]|0.6|0.91	GO:0006952
PRED|NP_652368.1_bomanin_short_3_isoform_A_[Drosophila_melanogaster]|1.0|0.89	GO:0006952
PRED|NP_653089.1_kallikrein-8_isoform_3_precursor_[Homo_sapiens]|0.92|0.86	GO:0007613|GO:0030141|GO:0048812
PRED|NP_653235.1_lysozyme-like_protein_4_precursor_[Homo_sapiens]|0.96|0.81	GO:0001669|GO:0003796|GO:0007342|GO:0036126
PRED|NP_653342.1_resistin_precursor_[Rattus_norvegicus]|0.98|0.83	GO:0005179|GO:0005576|GO:0005615
PRED|NP_659555.1_sperm-associated_antigen_11A_precursor_[Rattus_norvegicus]|1.0|0.93	GO:0005576|GO:0061844
PRED|NP_660139.1_beta-defensin_19_precursor_[Mus_musculus]|1.0|0.93	GO:0001530|GO:0050829|GO:0050830|GO:0061760
PRED|NP_663309.1_bomanin_short_4_[Drosophila_melanogaster]|1.0|0.91	GO:0006952
PRED|NP_663705.1_C-X-C_motif_chemokine_9_precursor_[Rattus_norvegicus]|0.96|0.9	GO:0005576|GO:0006955|GO:0008009
PRED|NP_665905.2_C-C_motif_chemokine_23_isoform_CKbeta8_precursor_[Homo_sapiens]|1.0|0.74	GO:0005576|GO:0005615|GO:0006954|GO:0006955|GO:0008009|GO:0030335|GO:0043547|GO:0048020|GO:0060326|GO:0061844|GO:0070098
PRED|NP_680758.3_Bifunctional_inhibitor/lipid-transfer_protein/seed_storage_2S_albumin_superfamily_protein_[Arabidopsis_thaliana]|0.51|0.91	GO:0006869|GO:0008289
PRED|NP_683513.1_C-C_motif_chemokine_28_isoform_a_precursor_[Homo_sapiens]|1.0|0.92	GO:0005576|GO:0006955|GO:0008009
PRED|NP_690919.1_serine_protease_inhibitor_Kazal-type_1-like_precursor_[Rattus_norvegicus]|1.0|0.93	GO:0004867
PRED|NP_694709.1_liver-expressed_antimicrobial_peptide_2_precursor_[Mus_musculus]|1.0|0.88	GO:0042742|GO:0061844
PRED|NP_694755.1_sperm-associated_antigen_11A_precursor_[Mus_musculus]|1.0|0.92	GO:0005576|GO:0061844
PRED|NP_694813.1_histone_H4_[Mus_musculus]|0.95|0.84	GO:0003677|GO:0030527|GO:0046982
PRED|NP_695021.2_beta-defensin_119_isoform_a_precursor_[Homo_sapiens]|1.0|0.92	GO:0001530|GO:0050829|GO:0050830|GO:0061760
PRED|NP_705804.2_C-X-C_motif_chemokine_17_precursor_[Mus_musculus]|0.81|0.72	GO:0005615|GO:0010575|GO:0010759|GO:0048246|GO:0050728|GO:0090026
PRED|NP_705930.1_histone_H2A.V_[Danio_rerio]|0.71|0.74	GO:0046982
PRED|NP_714943.1_platelet_basic_protein_precursor_[Rattus_norvegicus]|0.99|0.7	GO:0005576|GO:0006955|GO:0008009
PRED|NP_722746.2_Odorant-binding_protein_22a_isoform_C_[Drosophila_melanogaster]|0.97|0.76	GO:0005549
PRED|NP_723056.2_histone_H3.3A_isoform_D_[Drosophila_melanogaster]|0.5|0.73	GO:0000786|GO:0003677|GO:0030527|GO:0046982
PRED|NP_723444.2_uncharacterized_protein_Dmel_CG31609_[Drosophila_melanogaster]|0.65|0.72	GO:0004867|GO:0005615
PRED|NP_724342.1_histone_H2B_[Drosophila_melanogaster]|0.99|0.87	GO:0000786|GO:0003677|GO:0030527|GO:0046982
PRED|NP_724344.1_histone_H4_[Drosophila_melanogaster]|0.96|0.84	GO:0003677|GO:0030527|GO:0046982
PRED|NP_725436.1_Odorant-binding_protein_51a_[Drosophila_melanogaster]|0.64|0.71	GO:0005549
PRED|NP_725776.1_bomanin_short_2_[Drosophila_melanogaster]|1.0|0.91	GO:0006952
PRED|NP_725926.1_Odorant-binding_protein_56f_[Drosophila_melanogaster]|0.87|0.7	GO:0005549
PRED|NP_725929.1_Odorant-binding_protein_56i_isoform_A_[Drosophila_melanogaster]|0.59|0.72	GO:0005549
PRED|NP_727314.1_histone_H3.3B_isoform_B_[Drosophila_melanogaster]|0.5|0.72	GO:0000786|GO:0003677|GO:0030527|GO:0046982
PRED|NP_728860.2_Drosomycin-like_2_[Drosophila_melanogaster]|1.0|0.94	GO:0006952
PRED|NP_728862.1_Drosomycin-like_4_[Drosophila_melanogaster]|1.0|0.94	GO:0006952
PRED|NP_728873.1_Drosomycin-like_6_[Drosophila_melanogaster]|1.0|0.93	GO:0006952
PRED|NP_729654.1_uncharacterized_protein_Dmel_CG32069_[Drosophila_melanogaster]|0.98|0.77	GO:0000139|GO:0005789|GO:0006888|GO:0030134
PRED|NP_731880.1_Niemann-Pick_type_C-2b_isoform_A_[Drosophila_melanogaster]|0.77|0.79	GO:0015918|GO:0032934
PRED|NP_731927.1_histone_H4_replacement_isoform_A_[Drosophila_melanogaster]|0.96|0.84	GO:0003677|GO:0030527|GO:0046982
PRED|NP_731928.1_histone_H4_replacement_isoform_B_[Drosophila_melanogaster]|0.96|0.79	GO:0003677|GO:0030527|GO:0046982
PRED|NP_732566.1_ribosomal_protein_S30_isoform_B_[Drosophila_melanogaster]|0.61|0.84	GO:0003735|GO:0005840|GO:0006412|GO:0022627
PRED|NP_732863.2_uncharacterized_protein_Dmel_CG42827_isoform_C_[Drosophila_melanogaster]|0.99|0.87	GO:0004867|GO:0005615
PRED|NP_733759.1_histone_H2B_type_1-A_[Homo_sapiens]|0.98|0.81	GO:0000786|GO:0003677|GO:0030527|GO:0046982
PRED|NP_741718.2_MFS_domain-containing_protein_[Caenorhabditis_elegans]|0.94|0.8	GO:0022857
PRED|NP_758528.1_FXYD_domain-containing_ion_transport_regulator_3_precursor_[Rattus_norvegicus]|0.94|0.84	GO:0016020|GO:0017080|GO:0043269|GO:0099106|GO:2000649
PRED|NP_775129.1_alpha-S2-casein-like_B_precursor_[Rattus_norvegicus]|0.77|0.74	GO:0005576|GO:0005615|GO:0035375|GO:0042803
PRED|NP_775150.1_cationic_trypsin-3_precursor_[Rattus_norvegicus]|0.8|0.73	GO:0004252|GO:0005615|GO:0006508
PRED|NP_775421.1_defensin_alpha_4_precursor_[Rattus_norvegicus]|1.0|0.81	GO:0005576|GO:0005615|GO:0006952
PRED|NP_775423.1_trypsin-4_precursor_[Rattus_norvegicus]|0.55|0.7	GO:0004252|GO:0005615|GO:0006508
PRED|NP_775451.2_neutrophil_antibiotic_peptide_NP-2_precursor_[Rattus_norvegicus]|1.0|0.85	GO:0005576|GO:0006952
PRED|NP_776246.1_sperm_acrosome_membrane-associated_protein_3_isoform_1_[Homo_sapiens]|0.84|0.72	GO:0001669|GO:0007342|GO:0036126
PRED|NP_778224.1_histone_H4_[Homo_sapiens]|0.95|0.84	GO:0003677|GO:0030527|GO:0046982
PRED|NP_778225.1_histone_H2B_type_3-B_[Homo_sapiens]|1.0|0.81	GO:0000786|GO:0003677|GO:0030527|GO:0046982
PRED|NP_783583.1_histone_H4_[Mus_musculus]|0.95|0.84	GO:0003677|GO:0030527|GO:0046982
PRED|NP_783585.1_histone_H4_[Mus_musculus]|0.95|0.84	GO:0003677|GO:0030527|GO:0046982
PRED|NP_783586.1_histone_H4_[Mus_musculus]|0.95|0.83	GO:0003677|GO:0030527|GO:0046982
PRED|NP_783587.1_histone_H4_[Mus_musculus]|0.95|0.83	GO:0003677|GO:0030527|GO:0046982
PRED|NP_783588.1_histone_H4_[Mus_musculus]|0.95|0.84	GO:0003677|GO:0030527|GO:0046982
PRED|NP_783594.1_histone_H2B_type_1-A_[Mus_musculus]|1.0|0.84	GO:0000786|GO:0003677|GO:0030527|GO:0046982
PRED|NP_783595.1_histone_H2B_type_1-B_[Mus_musculus]|1.0|0.82	GO:0000786|GO:0003677|GO:0030527|GO:0046982
PRED|NP_783596.1_histone_H2B_type_1-K_[Mus_musculus]|1.0|0.85	GO:0000786|GO:0003677|GO:0030527|GO:0046982
PRED|NP_783597.2_histone_H2B_type_2-B_[Mus_musculus]|1.0|0.85	GO:0000786|GO:0003677|GO:0030527|GO:0046982
PRED|NP_788402.1_bomanin_short_6_[Drosophila_melanogaster]|0.99|0.87	GO:0006952
PRED|NP_788850.1_NHL-repeat-containing_protein_4_[Homo_sapiens]|0.63|0.7	GO:0005515|GO:0005737|GO:0051092
PRED|NP_788892.1_histone_H3.3B_isoform_C_[Drosophila_melanogaster]|0.5|0.74	GO:0000786|GO:0003677|GO:0030527|GO:0046982
PRED|NP_789793.1_protein_S100-A7A_[Homo_sapiens]|0.98|0.75	GO:0005509|GO:0005737|GO:0043542|GO:0046914|GO:0048306|GO:0070062
PRED|NP_808212.2_angiogenin-4_precursor_[Mus_musculus]|0.97|0.82	GO:0001525|GO:0003676|GO:0004540|GO:0005615|GO:0019731|GO:0045087|GO:0050830|GO:0061844
PRED|NP_835499.1_histone_H4_[Mus_musculus]|0.95|0.84	GO:0003677|GO:0030527|GO:0046982
PRED|NP_835500.1_histone_H4_[Mus_musculus]|0.95|0.83	GO:0003677|GO:0030527|GO:0046982
PRED|NP_835501.1_histone_H2B_type_1-C/E/G_[Mus_musculus]|1.0|0.85	GO:0000786|GO:0003677|GO:0030527|GO:0046982
PRED|NP_835502.1_histone_H2B_type_1-F/J/L_[Mus_musculus]|1.0|0.84	GO:0000786|GO:0003677|GO:0030527|GO:0046982
PRED|NP_835503.1_histone_H2B_type_1-C/E/G_[Mus_musculus]|1.0|0.85	GO:0000786|GO:0003677|GO:0030527|GO:0046982
PRED|NP_835504.1_histone_H2B_type_1-H_[Mus_musculus]|1.0|0.84	GO:0000786|GO:0003677|GO:0030527|GO:0046982
PRED|NP_835505.1_histone_H2B_type_1-F/J/L_[Mus_musculus]|1.0|0.84	GO:0000786|GO:0003677|GO:0030527|GO:0046982
PRED|NP_835506.1_histone_H2B_type_1-F/J/L_[Mus_musculus]|1.0|0.84	GO:0000786|GO:0003677|GO:0030527|GO:0046982
PRED|NP_835507.1_histone_H2B_type_1-M_[Mus_musculus]|1.0|0.83	GO:0000786|GO:0003677|GO:0030527|GO:0046982
PRED|NP_835508.1_histone_H2B_type_1-F/J/L_[Mus_musculus]|1.0|0.82	GO:0000786|GO:0003677|GO:0030527|GO:0046982
PRED|NP_835509.2_histone_H2B_type_1-P_isoform_1_[Mus_musculus]|1.0|0.84	GO:0000786|GO:0003677|GO:0030527|GO:0046982
PRED|NP_835513.1_histone_H3.1_[Mus_musculus]|0.65|0.7	GO:0000786|GO:0003677|GO:0030527|GO:0046982
PRED|NP_835515.1_histone_H4_[Mus_musculus]|0.95|0.84	GO:0003677|GO:0030527|GO:0046982
PRED|NP_835582.1_histone_H4_[Mus_musculus]|0.95|0.8	GO:0003677|GO:0030527|GO:0046982
PRED|NP_835586.2_histone_H2B_type_2-E_[Mus_musculus]|1.0|0.86	GO:0000786|GO:0003677|GO:0030527|GO:0046982
PRED|NP_840092.1_chemokine_(C-X-C_motif)_ligand_12a_(stromal_cell-derived_factor_1)_precursor_[Danio_rerio]|1.0|0.91	GO:0005576|GO:0006955|GO:0008009
PRED|NP_840093.1_androgen_binding_protein_gamma_precursor_[Mus_musculus]|0.92|0.71	GO:0005615
PRED|NP_848518.1_late_cornified_envelope_protein_3A_[Homo_sapiens]|0.93|0.87	GO:0008544
PRED|NP_848520.1_late_cornified_envelope_protein_3B_[Homo_sapiens]|0.92|0.82	GO:0008544
PRED|NP_848521.1_late_cornified_envelope_protein_3C_[Homo_sapiens]|0.98|0.89	GO:0008544
PRED|NP_848522.1_late_cornified_envelope_protein_3E_[Homo_sapiens]|0.66|0.9	GO:0008544
PRED|NP_849769.1_Bifunctional_inhibitor/lipid-transfer_protein/seed_storage_2S_albumin_superfamily_protein_[Arabidopsis_thaliana]|0.97|0.94	GO:0006869
PRED|NP_849868.1_expansin_A1_[Arabidopsis_thaliana]|0.51|0.72	GO:0005576|GO:0009664
PRED|NP_850219.1_ralf-like_19_[Arabidopsis_thaliana]|0.84|0.82	GO:0009506|GO:0019722
PRED|NP_850328.1_Ribosomal_protein_L41_family_[Arabidopsis_thaliana]|0.97|0.82	GO:0003735|GO:0005840|GO:0006412
PRED|NP_850477.1_Small_nuclear_ribonucleoprotein_family_protein_[Arabidopsis_thaliana]|0.84|0.85	GO:0008380|GO:0030532
PRED|NP_850660.1_Histone_superfamily_protein_[Arabidopsis_thaliana]|0.96|0.87	GO:0003677|GO:0030527|GO:0046982
PRED|NP_850800.1_Bifunctional_inhibitor/lipid-transfer_protein/seed_storage_2S_albumin_superfamily_protein_[Arabidopsis_thaliana]|0.55|0.81	GO:0006869|GO:0008289
PRED|NP_850939.1_Histone_superfamily_protein_[Arabidopsis_thaliana]|0.96|0.86	GO:0003677|GO:0030527|GO:0046982
PRED|NP_853627.2_resistin-like_gamma_precursor_[Mus_musculus]|0.52|0.88	GO:0005179|GO:0005576|GO:0005615
PRED|NP_853656.2_resistin-like_gamma_precursor_[Rattus_norvegicus]|0.89|0.87	GO:0005179|GO:0005576|GO:0005615
PRED|NP_872077.1_SQPNFLRF-amide_[Caenorhabditis_elegans]|0.89|0.74	GO:0007218
PRED|NP_878103.1_Mco6p_[Saccharomyces_cerevisiae_S288C]|0.59|0.8	GO:0007008
PRED|NP_891997.1_C-X-C_motif_chemokine_11_precursor_[Rattus_norvegicus]|0.66|0.91	GO:0005576|GO:0006955|GO:0008009
PRED|NP_898857.1_beta-defensin_38_precursor_[Mus_musculus]|1.0|0.94	GO:0002227|GO:0005615|GO:0031731|GO:0050829|GO:0050830
PRED|NP_898859.2_beta-defensin_39_precursor_[Mus_musculus]|1.0|0.88	GO:0002227|GO:0005615|GO:0031731|GO:0050829|GO:0050830
PRED|NP_898881.3_lysozyme-like_protein_2_precursor_[Homo_sapiens]|0.96|0.89	GO:0003796
PRED|NP_899080.2_hepcidin-2_preproprotein_[Mus_musculus]|1.0|0.89	GO:0005576|GO:0006879
PRED|NP_899091.2_alpha-defensin_20_precursor_[Mus_musculus]|1.0|0.86	GO:0005576|GO:0006952
PRED|NP_899107.1_serine_protease_inhibitor_Kazal-type_2_isoform_2_precursor_[Mus_musculus]|0.96|0.81	GO:0004867|GO:0007286|GO:1900004
PRED|NP_904205.1_photosystem_II_protein_Z_(chloroplast)_[Physcomitrella_patens]|0.5|0.84	GO:0009523|GO:0009535|GO:0009539|GO:0015979|GO:0042549
PRED|NP_904225.1_ribosomal_protein_L36_(chloroplast)_[Physcomitrella_patens]|0.99|0.9	GO:0003735|GO:0005840|GO:0006412
PRED|NP_919412.1_ribonuclease_4_precursor_[Homo_sapiens]|1.0|0.87	GO:0003676|GO:0004540|GO:0005615|GO:0050830
PRED|NP_932123.3_cytochrome_c_oxidase_assembly_factor_5_[Mus_musculus]|0.72|0.73	GO:0005739|GO:0033617
PRED|NP_937875.1_ribonuclease_pancreatic_precursor_[Homo_sapiens]|0.99|0.72	GO:0003676|GO:0004540|GO:0050830|GO:0090501
PRED|NP_937877.1_ribonuclease_pancreatic_precursor_[Homo_sapiens]|0.99|0.72	GO:0003676|GO:0004540|GO:0050830|GO:0090501
PRED|NP_937878.1_ribonuclease_pancreatic_precursor_[Homo_sapiens]|0.99|0.72	GO:0003676|GO:0004540|GO:0050830|GO:0090501
PRED|NP_940879.1_C-X-C_motif_chemokine_17_precursor_[Homo_sapiens]|0.98|0.79	GO:0005615|GO:0010575|GO:0010759|GO:0048246|GO:0050728|GO:0090026
PRED|NP_942071.2_hemoglobin_beta_adult_major_chain_[Rattus_norvegicus]|0.99|0.78	GO:0004601|GO:0005344|GO:0005833|GO:0015671|GO:0019825|GO:0020037|GO:0031720|GO:0031721|GO:0031838|GO:0042744|GO:0043177|GO:0072562
PRED|NP_954630.2_serum_amyloid_A-1_protein_preproprotein_[Homo_sapiens]|0.98|0.86	GO:0005576
PRED|NP_954637.1_stromal_cell-derived_factor_1_isoform_alpha_precursor_[Homo_sapiens]|1.0|0.91	GO:0005576|GO:0006955|GO:0008009
PRED|NP_956043.2_CCHC-type_zinc_finger_nucleic_acid_binding_protein_a_[Danio_rerio]|0.68|0.91	GO:0003676|GO:0008270
PRED|NP_956180.1_elastase_2_like_precursor_[Danio_rerio]|0.59|0.75	GO:0004252|GO:0005615|GO:0006508
PRED|NP_956297.1_H3_histone_family_3C_[Danio_rerio]|0.5|0.74	GO:0000786|GO:0003677|GO:0030527|GO:0046982
PRED|NP_956411.1_histone_H2B_3_[Danio_rerio]|1.0|0.87	GO:0000786|GO:0003677|GO:0030527|GO:0046982
PRED|NP_956796.1_ubiquitin-ribosomal_protein_eS31_fusion_protein_[Danio_rerio]|0.73|0.77	GO:0003735|GO:0005840|GO:0006412
PRED|NP_957031.1_FAU_ubiquitin_like_and_ribosomal_protein_S30_fusion_a_[Danio_rerio]|0.96|0.87	GO:0003735|GO:0005840|GO:0006412|GO:0022627
PRED|NP_957044.1_small_ribosomal_subunit_protein_eS19_[Danio_rerio]|0.75|0.81	GO:0000028|GO:0003723|GO:0003735|GO:0005840|GO:0006412|GO:0022627
PRED|NP_957069.1_large_ribosomal_subunit_protein_mL63_[Danio_rerio]|0.7|0.79	GO:0003735|GO:0005761|GO:0032543
PRED|NP_957091.1_reactive_oxygen_species_modulator_1_[Danio_rerio]|1.0|0.81	GO:0005744|GO:0030150|GO:0045039
PRED|NP_957395.1_H3_histone_family_3D_[Danio_rerio]|0.5|0.74	GO:0000786|GO:0003677|GO:0030527|GO:0046982
PRED|NP_957691.1_ribonuclease_4_precursor_[Mus_musculus]|1.0|0.88	GO:0003676|GO:0004540|GO:0005615|GO:0050830
PRED|NP_958844.1_histone_H2A.V_isoform_3_[Homo_sapiens]|0.54|0.81	GO:0046982
PRED|NP_958924.1_histone_H2A.V_isoform_4_[Homo_sapiens]|0.94|0.72	GO:0000786|GO:0003677|GO:0030527|GO:0046982
PRED|NP_973462.1_Bifunctional_inhibitor/lipid-transfer_protein/seed_storage_2S_albumin_superfamily_protein_[Arabidopsis_thaliana]|0.98|0.87	GO:0006869
PRED|NP_973466.1_lipid_transfer_protein_[Arabidopsis_thaliana]|0.96|0.85	GO:0006869|GO:0008289
PRED|NP_973710.1_Small_nuclear_ribonucleoprotein_family_protein_[Arabidopsis_thaliana]|0.84|0.86	GO:0008380|GO:0030532
PRED|NP_973968.1_Bifunctional_inhibitor/lipid-transfer_protein/seed_storage_2S_albumin_superfamily_protein_[Arabidopsis_thaliana]|0.89|0.94	GO:0006869
PRED|NP_973985.1_Scorpion_toxin-like_knottin_superfamily_protein_[Arabidopsis_thaliana]|1.0|0.91	GO:0005576|GO:0006952|GO:0008200|GO:0019871
PRED|NP_974039.1_Ribosomal_protein_L41_family_[Arabidopsis_thaliana]|0.97|0.82	GO:0003735|GO:0005840|GO:0006412
PRED|NP_974285.2_Vacuolar_protein_sorting_55_(VPS55)_family_protein_[Arabidopsis_thaliana]|0.5|0.7	GO:0005768|GO:0032511
PRED|NP_974556.1_SCR-like_10_[Arabidopsis_thaliana]|0.99|0.75	GO:0007165
PRED|NP_989026.1_histone_H3.3_[Xenopus_tropicalis]|0.5|0.74	GO:0000786|GO:0003677|GO:0030527|GO:0046982
PRED|NP_989074.1_midkine_precursor_[Xenopus_tropicalis]|1.0|0.94	GO:0008083
PRED|NP_989603.1_60S_ribosomal_protein_L39_[Gallus_gallus]|0.69|0.89	GO:0003735|GO:0005840|GO:0006412|GO:0022625
PRED|NP_989786.2_Pro2-somatostatin_precursor_[Gallus_gallus]|0.71|0.82	GO:0005179|GO:0005576
PRED|NP_989841.1_stromal_cell-derived_factor_1_isoform_1_precursor_[Gallus_gallus]|1.0|0.88	GO:0005576|GO:0006955|GO:0008009
PRED|NP_990043.1_C-X-C_motif_chemokine_14_precursor_[Gallus_gallus]|1.0|0.83	GO:0005576|GO:0006955|GO:0008009
PRED|NP_990051.3_chemokine_C-C_motif_ligand_4_precursor_[Gallus_gallus]|1.0|0.91	GO:0005576|GO:0005615|GO:0006954|GO:0006955|GO:0008009|GO:0030335|GO:0043547|GO:0048020|GO:0048245|GO:0060326|GO:0061844|GO:0070098
PRED|NP_990107.2_C-C_motif_chemokine_ligand_1_precursor_[Gallus_gallus]|0.99|0.9	GO:0005576|GO:0006955|GO:0008009
PRED|NP_990349.2_interleukin-8_precursor_[Gallus_gallus]|1.0|0.87	GO:0005576|GO:0006955|GO:0008009
PRED|NP_990406.1_ubiquitin-60S_ribosomal_protein_L40_[Gallus_gallus]|0.91|0.9	GO:0006412
PRED|NP_990590.1_angiogenin_precursor_[Gallus_gallus]|0.93|0.84	GO:0003676|GO:0004540|GO:0050830
PRED|NP_990612.2_lysozyme_C_precursor_[Gallus_gallus]|1.0|0.86	GO:0003796|GO:0050829|GO:0050830
PRED|NP_990627.1_histone_H3.3_[Gallus_gallus]|0.5|0.73	GO:0000786|GO:0003677|GO:0030527|GO:0046982
PRED|NP_990667.1_somatostatin_precursor_[Gallus_gallus]|0.54|0.87	GO:0005179|GO:0005576
PRED|NP_990716.2_trypsin_I-P1_precursor_[Gallus_gallus]|0.88|0.78	GO:0004252|GO:0005615|GO:0006508
PRED|NP_990829.1_interleukin-8_precursor_[Gallus_gallus]|1.0|0.76	GO:0005576|GO:0006955|GO:0008009
PRED|NP_991146.1_hepcidin-1_isoform_1_precursor_[Danio_rerio]|1.0|0.94	GO:0005576|GO:0006879
PRED|NP_991187.1_follitropin_subunit_beta_precursor_[Danio_rerio]|0.94|0.84	GO:0005179|GO:0005576|GO:0005615|GO:0005737|GO:0007186|GO:0030728
PRED|NP_995311.2_leukocyte-specific_transcript_1_protein_isoform_4_[Homo_sapiens]|0.55|0.72	GO:0000902|GO:0006955|GO:0016020|GO:0016358
PRED|NP_995313.2_serine_protease_inhibitor_Kazal-type_6_precursor_[Homo_sapiens]|1.0|0.93	GO:0004867
PRED|NP_995947.1_midkine_and_pleiotrophin_1_isoform_B_[Drosophila_melanogaster]|0.99|0.78	GO:0005576|GO:0008201|GO:0048332
PRED|NP_996305.1_ductus_ejaculatorius_peptide_99B_isoform_A_[Drosophila_melanogaster]|1.0|0.88	GO:0005179|GO:0005576|GO:0046008
PRED|NP_996538.1_ribonuclease_K6_precursor_[Rattus_norvegicus]|0.99|0.89	GO:0003676|GO:0004540|GO:0005615|GO:0019731|GO:0045087|GO:0050829|GO:0050830|GO:0061844
PRED|NP_996890.1_C-C_motif_chemokine_4-like_precursor_[Homo_sapiens]|1.0|0.71	GO:0005576|GO:0005615|GO:0006954|GO:0006955|GO:0008009|GO:0030335|GO:0043547|GO:0048020|GO:0048245|GO:0060326|GO:0061844|GO:0070098
PRED|NP_997256.1_protein_GPR15LG_precursor_[Homo_sapiens]|0.61|0.91	GO:0001664
PRED|NP_997541.2_alpha-defensin_22_precursor_[Mus_musculus]|1.0|0.85	GO:0005576|GO:0006952
PRED|NP_997720.1_prostate_and_testis_expressed_protein_2_precursor_[Homo_sapiens]|0.6|0.8	GO:0005615
PRED|NP_997921.1_granulin_2_precursor_[Danio_rerio]|0.73|0.81	GO:0005576
PRED|NP_998836.1_histone_H1.0_[Xenopus_tropicalis]|0.51|0.87	GO:0000786|GO:0003677|GO:0006334|GO:0030527
PRED|NP_999706.1_histone_H2B.1_sperm_[Strongylocentrotus_purpuratus]|0.93|0.82	GO:0000786|GO:0003677|GO:0030527|GO:0046982
PRED|NP_999707.1_histone_H4_[Strongylocentrotus_purpuratus]|0.96|0.88	GO:0003677|GO:0030527|GO:0046982
PRED|NP_999713.1_histone_H4_[Strongylocentrotus_purpuratus]|0.96|0.88	GO:0003677|GO:0030527|GO:0046982
PRED|NP_999715.1_histone_H4_[Strongylocentrotus_purpuratus]|0.96|0.88	GO:0003677|GO:0030527|GO:0046982
PRED|NP_999716.1_histone_H4_[Strongylocentrotus_purpuratus]|0.96|0.88	GO:0003677|GO:0030527|GO:0046982
PRED|NP_999717.1_late_histone_H2B.L1_[Strongylocentrotus_purpuratus]|0.98|0.78	GO:0000786|GO:0003677|GO:0030527|GO:0046982
PRED|NP_999719.1_late_histone_H2B.L3_[Strongylocentrotus_purpuratus]|0.94|0.73	GO:0000786|GO:0003677|GO:0030527|GO:0046982
PRED|NP_999721.1_histone_H2B.2_sperm_[Strongylocentrotus_purpuratus]|0.92|0.83	GO:0000786|GO:0003677|GO:0030527|GO:0046982
PRED|WP_000046022.1_MULTISPECIES:_delta-hemolysin_[Bacteria]|0.63|0.86	GO:0005576|GO:0019836
PRED|WP_000155272.1_MULTISPECIES:_DUF805_domain-containing_protein_[Enterobacteriaceae]|0.63|0.76	GO:0005886|GO:0016020
PRED|WP_000177186.1_MULTISPECIES:_stress_response_translation_initiation_inhibitor_YciH_[Vibrio]|0.52|0.71	GO:0001731|GO:0002188|GO:0003729|GO:0003743
PRED|WP_000211979.1_MULTISPECIES:_YjiG_family_protein_[Salmonella]|0.68|0.72	GO:0005886
PRED|WP_000239596.1_MULTISPECIES:_lipoprotein_toxin_entericidin_B_[Enterobacterales]|1.0|0.8	GO:0009636|GO:0016020
PRED|WP_000239598.1_MULTISPECIES:_lipoprotein_toxin_entericidin_B_[Bacteria]|0.99|0.76	GO:0009636|GO:0016020
PRED|WP_000290727.1_MULTISPECIES:_50S_ribosomal_protein_L32_[Gammaproteobacteria]|0.5|0.72	GO:0003735|GO:0006412|GO:0015934
PRED|WP_000383096.1_MULTISPECIES:_DUF2542_family_protein_[Enterobacteriaceae]|0.77|0.84	GO:0016020
PRED|WP_000383096.1_MULTISPECIES:_DUF2542_family_protein_[Enterobacteriaceae]|0.77|0.88	GO:0016020
PRED|WP_000466743.1_MULTISPECIES:_GlsB/YeaQ/YmgE_family_stress_response_membrane_protein_[Staphylococcus]|0.73|0.75	GO:0016020
PRED|WP_000508176.1_MULTISPECIES:_YqaE/Pmp3_family_membrane_protein_[Enterobacteriaceae]|0.85|0.79	GO:0016020
PRED|WP_000508177.1_MULTISPECIES:_YqaE/Pmp3_family_membrane_protein_[Gammaproteobacteria]|0.74|0.79	GO:0016020
PRED|WP_000508577.1_twin-arginine_translocase_TatA/TatE_family_subunit_[Helicobacter_pylori]|0.88|0.8	GO:0015031
PRED|WP_000511313.1_MULTISPECIES:_GlsB/YeaQ/YmgE_family_stress_response_membrane_protein_[Enterobacteriaceae]|0.98|0.78	GO:0016020
PRED|WP_000511317.1_MULTISPECIES:_GlsB/YeaQ/YmgE_family_stress_response_membrane_protein_[Shigella]|0.97|0.72	GO:0016020
PRED|WP_000511323.1_MULTISPECIES:_GlsB/YeaQ/YmgE_family_stress_response_membrane_protein_[Salmonella]|0.98|0.81	GO:0016020
PRED|WP_000512149.1_MULTISPECIES:_GlsB/YeaQ/YmgE_family_stress_response_membrane_protein_[Salmonella]|0.69|0.9	GO:0016020
PRED|WP_000512153.1_MULTISPECIES:_GlsB/YeaQ/YmgE_family_stress_response_membrane_protein_[Gammaproteobacteria]|0.68|0.91	GO:0016020
PRED|WP_000616642.1_MULTISPECIES:_Na+/H+_antiporter_Mnh2_subunit_F_[Staphylococcus]|0.89|0.7	GO:0015075|GO:0016020|GO:0034220
PRED|WP_000792012.1_MULTISPECIES:_alternative_ribosome-rescue_factor_A_[Vibrio]|0.73|0.71	GO:0072344
PRED|WP_000825956.1_MULTISPECIES:_lysozyme_inhibitor_LprI_family_protein_[Salmonella]|0.78|0.82	GO:0005576
PRED|WP_000838146.1_MULTISPECIES:_type_II_toxin-antitoxin_system_HicA_family_toxin_[Acinetobacter]|0.54|0.81	GO:0003729
PRED|WP_000866436.1_MULTISPECIES:_type_B_50S_ribosomal_protein_L36_[Bacteria]|0.65|0.87	GO:0003735|GO:0005840|GO:0006412
PRED|WP_000866542.1_MULTISPECIES:_type_B_50S_ribosomal_protein_L36_[Vibrio]|0.64|0.86	GO:0003735|GO:0005840|GO:0006412
PRED|WP_000867907.1_MULTISPECIES:_50S_ribosomal_protein_L36_[Gammaproteobacteria]|0.98|0.89	GO:0003735|GO:0005840|GO:0006412
PRED|WP_000868186.1_MULTISPECIES:_50S_ribosomal_protein_L36_[Gammaproteobacteria]|1.0|0.87	GO:0003735|GO:0005840|GO:0006412
PRED|WP_000868187.1_MULTISPECIES:_50S_ribosomal_protein_L36_[Bacteria]|0.99|0.88	GO:0003735|GO:0005840|GO:0006412
PRED|WP_000868187.1_MULTISPECIES:_50S_ribosomal_protein_L36_[Bacteria]|0.99|0.89	GO:0003735|GO:0005840|GO:0006412
PRED|WP_000868339.1_MULTISPECIES:_50S_ribosomal_protein_L36_[Helicobacter]|0.98|0.89	GO:0003735|GO:0005840|GO:0006412
PRED|WP_000868342.1_MULTISPECIES:_50S_ribosomal_protein_L36_[Bacteria]|0.96|0.89	GO:0003735|GO:0005840|GO:0006412
PRED|WP_000868345.1_MULTISPECIES:_50S_ribosomal_protein_L36_[Bacteria]|0.89|0.89	GO:0003735|GO:0005840|GO:0006412
PRED|WP_000880863.1_MULTISPECIES:_DUF441_domain-containing_protein_[Acinetobacter]|0.57|0.84	GO:0005886
PRED|WP_000891515.1_MULTISPECIES:_multidrug_efflux_pump_accessory_protein_AcrZ_[Enterobacteriaceae]|0.54|0.79	GO:0005886|GO:0042910|GO:1990961
PRED|WP_000901566.1_MULTISPECIES:_GlsB/YeaQ/YmgE_family_stress_response_membrane_protein_[Streptococcus]|0.94|0.91	GO:0016020
PRED|WP_000977687.1_MULTISPECIES:_entericidin_A/B_family_lipoprotein_[Salmonella]|1.0|0.81	GO:0009636|GO:0016020
PRED|WP_000977756.1_MULTISPECIES:_lipoprotein_antitoxin_entericidin_A_[Shigella]|1.0|0.8	GO:0009636|GO:0016020
PRED|WP_000977757.1_MULTISPECIES:_lipoprotein_antitoxin_entericidin_A_[Bacteria]|1.0|0.79	GO:0009636|GO:0016020
PRED|WP_001043036.1_HU_family_DNA-binding_protein_[Acinetobacter_baumannii]|0.55|0.7	GO:0003677|GO:0005829|GO:0030527
PRED|WP_001048816.1_MULTISPECIES:_F0F1_ATP_synthase_subunit_C_[Staphylococcus]|0.67|0.87	GO:0015078|GO:0015986|GO:0045259
PRED|WP_001096359.1_MULTISPECIES:_50S_ribosomal_protein_L35_[Gammaproteobacteria]|0.83|0.9	GO:0003735|GO:0005840|GO:0006412|GO:0015934|GO:0022625
PRED|WP_001125542.1_MULTISPECIES:_50S_ribosomal_protein_L35_[Helicobacter]|0.91|0.8	GO:0003735|GO:0005840|GO:0006412
PRED|WP_001135277.1_MULTISPECIES:_lysozyme_RrrD_[Bacteria]|1.0|0.86	GO:0003796|GO:0009253|GO:0016998
PRED|WP_001197749.1_MULTISPECIES:_type_B_50S_ribosomal_protein_L36_[Salmonella]|0.6|0.91	GO:0003735|GO:0005840|GO:0006412
PRED|WP_001259384.1_MULTISPECIES:_type_II_toxin-antitoxin_system_HicA_family_toxin_[Enterobacteriaceae]|0.98|0.83	GO:0003729
PRED|WP_001274722.1_MULTISPECIES:_lysozyme_[Enterobacteriaceae]|1.0|0.73	GO:0003796|GO:0009253|GO:0016998
PRED|WP_001295174.1_MULTISPECIES:_DUF883_domain-containing_protein_[Enterobacteriaceae]|0.97|0.75	GO:0043022
PRED|WP_001364348.1_MULTISPECIES:_tryptophanase_leader_peptide_[Gammaproteobacteria]|0.88|0.82	GO:0031554|GO:0031556
PRED|WP_001405930.1_MULTISPECIES:_colicin_release_lysis_protein_[Enterobacterales]|0.59|0.82	GO:0019835|GO:0019867
PRED|WP_001650455.1_MULTISPECIES:_DUF883_domain-containing_protein_[Salmonella]|0.97|0.82	GO:0043022
PRED|WP_001808603.1_GlsB/YeaQ/YmgE_family_stress_response_membrane_protein_[Streptococcus_pneumoniae]|0.92|0.89	GO:0016020
PRED|WP_001808836.1_MULTISPECIES:_50S_ribosomal_protein_L36_[Bacillati]|0.86|0.88	GO:0003735|GO:0005840|GO:0006412
PRED|WP_001984826.1_MULTISPECIES:_entericidin_A/B_family_lipoprotein_[Acinetobacter]|0.97|0.85	GO:0009636|GO:0016020
PRED|WP_002211834.1_MULTISPECIES:_50S_ribosomal_protein_L35_[Yersinia]|0.6|0.89	GO:0003735|GO:0005840|GO:0006412|GO:0015934|GO:0022625
PRED|WP_002213306.1_MULTISPECIES:_30S_ribosomal_protein_S18_[Neisseria]|0.55|0.84	GO:0003735|GO:0005840|GO:0006412|GO:0022627|GO:0070181
PRED|WP_002216248.1_MULTISPECIES:_50S_ribosomal_protein_L36_[Neisseria]|0.97|0.91	GO:0003735|GO:0005840|GO:0006412
PRED|WP_002227352.1_MULTISPECIES:_50S_ribosomal_protein_L36_[Gammaproteobacteria]|0.99|0.87	GO:0003735|GO:0005840|GO:0006412
PRED|WP_002509257.1_MULTISPECIES:_50S_ribosomal_protein_L36_[Bacillota]|0.98|0.9	GO:0003735|GO:0005840|GO:0006412
PRED|WP_002556787.1_MULTISPECIES:_50S_ribosomal_protein_L35_[Borreliella]|0.65|0.83	GO:0003735|GO:0005840|GO:0006412
PRED|WP_002557090.1_MULTISPECIES:_50S_ribosomal_protein_L36_[Borreliaceae]|0.96|0.92	GO:0003735|GO:0005840|GO:0006412
PRED|WP_002776864.1_MULTISPECIES:_50S_ribosomal_protein_L34_[Campylobacter]|0.73|0.85	GO:0003735|GO:0005840|GO:0006412
PRED|WP_002777309.1_MULTISPECIES:_DMT_family_transporter_[Campylobacter]|0.86|0.73	GO:0005886|GO:0022857
PRED|WP_002781429.1_MULTISPECIES:_50S_ribosomal_protein_L36_[Campylobacter]|0.94|0.89	GO:0003735|GO:0005840|GO:0006412
PRED|WP_002804494.1_MULTISPECIES:_30S_ribosomal_protein_S18_[Bacteria]|0.76|0.75	GO:0003735|GO:0005840|GO:0006412|GO:0022627|GO:0070181
PRED|WP_002825806.1_MULTISPECIES:_holo-ACP_synthase_[Campylobacter]|0.68|0.71	GO:0000287|GO:0006633|GO:0008897
PRED|WP_002853093.1_MULTISPECIES:_ComEA_family_DNA-binding_protein_[Campylobacter]|0.87|0.73	GO:0003677|GO:0006281
PRED|WP_002859562.1_MULTISPECIES:_HU_family_DNA-binding_protein_[Campylobacter]|0.64|0.7	GO:0003677|GO:0030527
PRED|WP_002864731.1_MULTISPECIES:_potassium-transporting_ATPase_subunit_KdpA_[Campylobacter]|0.93|0.94	GO:0006813|GO:0008556
PRED|WP_002885511.1_MULTISPECIES:_entericidin_A/B_family_lipoprotein_[Gammaproteobacteria]|1.0|0.79	GO:0009636|GO:0016020
PRED|WP_002885518.1_MULTISPECIES:_lipoprotein_toxin_entericidin_B_[Gammaproteobacteria]|0.99|0.77	GO:0009636|GO:0016020
PRED|WP_002892018.1_MULTISPECIES:_type_B_50S_ribosomal_protein_L36_[Gammaproteobacteria]|0.59|0.89	GO:0003735|GO:0005840|GO:0006412
PRED|WP_002903230.1_MULTISPECIES:_YqaE/Pmp3_family_membrane_protein_[Gammaproteobacteria]|0.55|0.77	GO:0016020
PRED|WP_002909014.1_MULTISPECIES:_GlsB/YeaQ/YmgE_family_stress_response_membrane_protein_[Klebsiella]|0.63|0.82	GO:0016020
PRED|WP_002984469.1_MULTISPECIES:_GlsB/YeaQ/YmgE_family_stress_response_membrane_protein_[Streptococcus]|0.78|0.78	GO:0016020
PRED|WP_003092209.1_MULTISPECIES:_type_B_50S_ribosomal_protein_L36_[Pseudomonas]|0.88|0.9	GO:0003735|GO:0005840|GO:0006412
PRED|WP_003093169.1_MULTISPECIES:_alternative_ribosome-rescue_factor_A_[Pseudomonas]|0.6|0.78	GO:0072344
PRED|WP_003093693.1_MULTISPECIES:_50S_ribosomal_protein_L36_[Gammaproteobacteria]|0.97|0.89	GO:0003735|GO:0005840|GO:0006412
PRED|WP_003096511.1_MULTISPECIES:_c-type_cytochrome_[Pseudomonas]|0.78|0.88	GO:0005506|GO:0009055|GO:0020037
PRED|WP_003156543.1_MULTISPECIES:_50S_ribosomal_protein_L36_[Bacteria]|0.98|0.9	GO:0003735|GO:0005840|GO:0006412
PRED|WP_003246519.1_MULTISPECIES:_GlsB/YeaQ/YmgE_family_stress_response_membrane_protein_[Bacillus]|0.98|0.9	GO:0016020
PRED|WP_003403683.1_MULTISPECIES:_50S_ribosomal_protein_L30_[Mycobacterium]|0.5|0.71	GO:0003735|GO:0006412|GO:0015934
PRED|WP_003418367.1_MULTISPECIES:_50S_ribosomal_protein_L36_[Mycobacterium]|0.97|0.9	GO:0003735|GO:0005840|GO:0006412
PRED|WP_003421192.1_MULTISPECIES:_50S_ribosomal_protein_L33_[Peptostreptococcaceae]|0.95|0.85	GO:0003735|GO:0005840|GO:0006412
PRED|WP_003428889.1_carboxymuconolactone_decarboxylase_family_protein_[Clostridioides_difficile]|0.52|0.78	GO:0016491|GO:0051920
PRED|WP_003720928.1_MULTISPECIES:_50S_ribosomal_protein_L36_[Bacillota]|0.94|0.88	GO:0003735|GO:0005840|GO:0006412
PRED|WP_003723727.1_MULTISPECIES:_ribonuclease_P_protein_component_[Listeria]|0.72|0.74	GO:0000049|GO:0004526|GO:0008033|GO:0030677|GO:0042780|GO:0042781
PRED|WP_004150462.1_MULTISPECIES:_30S_ribosomal_protein_THX_[Bacteria]|0.67|0.9	GO:0005840
PRED|WP_004152552.1_MULTISPECIES:_colicin_release_lysis_protein_[Bacteria]|0.67|0.78	GO:0019835|GO:0019867
PRED|WP_004567434.1_MULTISPECIES:_GlsB/YeaQ/YmgE_family_stress_response_membrane_protein_[Corynebacterium]|0.86|0.74	GO:0016020
PRED|WP_005407710.1_MULTISPECIES:_entericidin_A/B_family_lipoprotein_[Stenotrophomonas]|0.99|0.91	GO:0009636|GO:0016020
PRED|WP_005408004.1_MULTISPECIES:_H-NS_histone_family_protein_[Stenotrophomonas]|0.85|0.81	GO:0000976|GO:0001217|GO:0003680|GO:0003681|GO:0005829|GO:0032993
PRED|WP_005408270.1_MULTISPECIES:_HU_family_DNA-binding_protein_[Stenotrophomonas]|0.57|0.83	GO:0003677|GO:0005829|GO:0030527
PRED|WP_005409283.1_MULTISPECIES:_type_B_50S_ribosomal_protein_L36_[Pseudomonadota]|0.75|0.8	GO:0003735|GO:0005840|GO:0006412
PRED|WP_005409958.1_MULTISPECIES:_tetratricopeptide_repeat_protein_[Stenotrophomonas]|0.5|0.88	GO:0005515
PRED|WP_005410424.1_MULTISPECIES:_DUF1328_domain-containing_protein_[Stenotrophomonas]|0.98|0.73	GO:0005886
PRED|WP_005777530.1_MULTISPECIES:_ATP_synthase_F0_subunit_C_[Bacteroides]|0.94|0.77	GO:0015078|GO:0015986|GO:0045259
PRED|WP_005787937.1_MULTISPECIES:_50S_ribosomal_protein_L28_[Bacteroides]|0.93|0.79	GO:0003735
PRED|WP_005791529.1_MULTISPECIES:_GlsB/YeaQ/YmgE_family_stress_response_membrane_protein_[Bacteroides]|0.67|0.88	GO:0016020
PRED|WP_009871799.1_small_cysteine-rich_outer_membrane_protein_[Chlamydia_trachomatis]|0.54|0.9	GO:0005201
PRED|WP_009881183.1_MULTISPECIES:_30S_ribosomal_protein_S20_[Streptococcus]|0.64|0.79	GO:0003723|GO:0003735|GO:0005840|GO:0006412
PRED|WP_009885606.1_50S_ribosomal_protein_L28_[Mycoplasmoides_genitalium]|0.6|0.86	GO:0003735
PRED|WP_009885719.1_50S_ribosomal_protein_L33_[Mycoplasmoides_genitalium]|0.88|0.9	GO:0003735|GO:0005840|GO:0006412
PRED|WP_009968363.1_MULTISPECIES:_GlsB/YeaQ/YmgE_family_stress_response_membrane_protein_[Bacillus]|1.0|0.87	GO:0016020
PRED|WP_009989178.1_MULTISPECIES:_50S_ribosomal_protein_L44e_[Saccharolobus]|0.69|0.85	GO:0003735|GO:0005840|GO:0006412
PRED|WP_009991302.1_50S_ribosomal_protein_L37ae_[Saccharolobus_solfataricus]|0.78|0.89	GO:0003735|GO:0005840|GO:0006412
PRED|WP_010881657.1_50S_ribosomal_protein_L36_[Treponema_pallidum]|0.83|0.87	GO:0003735|GO:0005840|GO:0006412
PRED|WP_010882292.1_MULTISPECIES:_50S_ribosomal_protein_L20_[Treponema]|0.75|0.83	GO:0003735|GO:0005840|GO:0006412|GO:0019843
PRED|WP_011032755.1_MULTISPECIES:_50S_ribosomal_protein_L39e_[Methanosarcina]|0.55|0.85	GO:0003735|GO:0005840|GO:0006412
PRED|WP_011069570.1_MULTISPECIES:_tryptophanase_leader_peptide_[Shigella]|0.87|0.84	GO:0031554|GO:0031556
PRED|WP_011170103.1_50S_ribosomal_protein_L39e_[Methanococcus_maripaludis]|0.76|0.91	GO:0003735|GO:0005840|GO:0006412
PRED|WP_011171652.1_30S_ribosomal_protein_S27e_[Methanococcus_maripaludis]|0.58|0.9	GO:0003735|GO:0005840|GO:0006412
PRED|WP_011251217.1_TMEM165/GDT1_family_protein_[Thermococcus_kodakarensis]|0.85|0.74	GO:0046873
PRED|WP_011889147.1_type_A2_lanthipeptide_[Streptococcus_pyogenes]|0.99|0.89	GO:0005576|GO:0042742
PRED|WP_011998321.1_50S_ribosomal_protein_L39e_[Ignicoccus_hospitalis]|0.78|0.89	GO:0003735|GO:0005840|GO:0006412
PRED|WP_012122984.1_50S_ribosomal_protein_L40e_[Ignicoccus_hospitalis]|0.52|0.91	GO:0003735|GO:0005840|GO:0006412
PRED|WP_012123123.1_50S_ribosomal_protein_L37e_[Ignicoccus_hospitalis]|0.52|0.92	GO:0003735|GO:0005840|GO:0006412
PRED|WP_012214545.1_Rieske_(2Fe-2S)_protein_[Nitrosopumilus_maritimus]|0.86|0.76	GO:0051537
PRED|WP_012215066.1_hypothetical_protein_[Nitrosopumilus_maritimus]|0.8|0.92	GO:0000786|GO:0003677|GO:0006334|GO:0030527
PRED|WP_012215962.1_MULTISPECIES:_50S_ribosomal_protein_L44e_[Nitrosopumilus]|0.85|0.91	GO:0003735|GO:0005840|GO:0006412
PRED|WP_012480020.1_MULTISPECIES:_YeeE/YedE_family_protein_[Stenotrophomonas]|0.57|0.74	GO:0005886
PRED|WP_013998912.1_4Fe-4S_binding_protein_[Methanococcus_maripaludis]|0.81|0.78	GO:0005886
PRED|WP_013999913.1_TMEM165/GDT1_family_protein_[Methanococcus_maripaludis]|0.98|0.78	GO:0046873
PRED|WP_014894191.1_50S_ribosomal_protein_L36_[Mycoplasmoides_genitalium]|0.98|0.9	GO:0003735|GO:0005840|GO:0006412
PRED|WP_015251477.1_MULTISPECIES:_FxsA_family_protein_[Bacillus]|0.99|0.84	GO:0016020
PRED|WP_015412577.1_MULTISPECIES:_F420H2_dehydrogenase_subunit_FpoI_[Methanosarcina]|0.89|0.78	GO:0003954|GO:0009060|GO:0016020|GO:0016651|GO:0051539
PRED|WP_021579192.1_MULTISPECIES:_lysozyme_RrrD_[Enterobacteriaceae]|0.99|0.83	GO:0003796|GO:0009253|GO:0016998
PRED|WP_023205065.1_MULTISPECIES:_lysozyme_RrrD_[Enterobacteriaceae]|0.99|0.8	GO:0003796|GO:0009253|GO:0016998
PRED|WP_024083981.1_50S_ribosomal_protein_L39e_[Sulfolobus_acidocaldarius]|0.83|0.87	GO:0003735|GO:0005840|GO:0006412
PRED|WP_042014162.1_MULTISPECIES:_type_II_toxin-antitoxin_system_HicA_family_toxin_[Enterobacteriaceae]|0.87|0.82	GO:0003729
PRED|WP_049922134.1_fluoride_efflux_transporter_FluC_[Haloferax_sp._BAB-2207]|0.6|0.87	GO:0005886|GO:0016020|GO:1903424|GO:1903425
PRED|WP_050894957.1_TlpA_disulfide_reductase_family_protein_[Neisseria_meningitidis]|0.97|0.74	GO:0016491
PRED|WP_070116873.1_PTS_sugar_transporter_subunit_IIB_[Clostridioides_difficile]|0.54|0.76	GO:0008982|GO:0009401
PRED|WP_074097982.1_type_II_toxin-antitoxin_system_HicA_family_toxin_[Clostridioides_difficile]|0.51|0.83	GO:0003729
PRED|WP_076738546.1_MULTISPECIES:_type_II_toxin-antitoxin_system_HicA_family_toxin_[Stenotrophomonas]|0.88|0.9	GO:0003729
PRED|WP_096937776.1_MULTISPECIES:_type_I_toxin-antitoxin_system_Hok_family_toxin_[Pseudomonadati]|0.82|0.74	GO:0016020
PRED|WP_097737185.1_lysozyme_RrrD_[Escherichia_coli]|1.0|0.84	GO:0003796|GO:0009253|GO:0016998
PRED|WP_162992192.1_ComEA_family_DNA-binding_protein_partial_[Neisseria_meningitidis]|0.5|0.74	GO:0003677|GO:0006281
PRED|WP_442496531.1_ComEA_family_DNA-binding_protein_[Neisseria_meningitidis]|0.55|0.74	GO:0003677|GO:0006281
PRED|WP_445997759.1_30S_ribosomal_protein_S18_[Mycoplasmoides_genitalium]|0.75|0.86	GO:0003735|GO:0005840|GO:0006412|GO:0022627|GO:0070181
PRED|WP_446001138.1_REP-associated_tyrosine_transposase_[Stenotrophomonas_maltophilia]|0.7|0.85	GO:0003677|GO:0004803|GO:0006310|GO:0006313|GO:0043565
PRED|XP_001008521.1_glycosyl_hydrolase_family_25_protein_[Tetrahymena_thermophila_SB210]|0.87|0.81	GO:0003796|GO:0007165|GO:0009253|GO:0016998
PRED|XP_001008524.1_glycosyl_hydrolase_family_25_protein_[Tetrahymena_thermophila_SB210]|0.98|0.82	GO:0003796|GO:0007165|GO:0009253|GO:0016998
PRED|XP_001008526.1_glycosyl_hydrolase_family_25_protein_[Tetrahymena_thermophila_SB210]|0.84|0.85	GO:0003796|GO:0007165|GO:0009253|GO:0016998
PRED|XP_001008527.1_glycosyl_hydrolase_family_25_protein_[Tetrahymena_thermophila_SB210]|0.61|0.79	GO:0007165
PRED|XP_001008528.1_glycosyl_hydrolase_family_25_protein_[Tetrahymena_thermophila_SB210]|0.82|0.86	GO:0003796|GO:0007165|GO:0009253|GO:0016998
PRED|XP_001009876.2_CHY_zinc_finger_protein_[Tetrahymena_thermophila_SB210]|0.96|0.78	GO:0005758|GO:0008270|GO:0045041
PRED|XP_001014455.2_anaphase-promoting_complex_subunit_11_RING-H2_finger_protein_[Tetrahymena_thermophila_SB210]|0.86|0.9	GO:0005680|GO:0008270|GO:0031145|GO:0061630|GO:0097602
PRED|XP_001015058.2_stanniocalcin_family_protein_[Tetrahymena_thermophila_SB210]|0.78|0.82	GO:0005179|GO:0005576|GO:0005615|GO:0006874
PRED|XP_001017626.1_ubiquitin/ribosomal_fusion_protein_putative_[Tetrahymena_thermophila_SB210]|0.88|0.87	GO:0006412
PRED|XP_001020086.1_family_7a_metallothionein_1_[Tetrahymena_thermophila_SB210]|0.78|0.93	GO:0046870
PRED|XP_001025479.1_glycosyl_hydrolase_family_25_protein_[Tetrahymena_thermophila_SB210]|0.67|0.82	GO:0007165
PRED|XP_001028183.2_translation_initiation_factor_eIF-5A_family_protein_partial_[Tetrahymena_thermophila_SB210]|0.77|0.76	GO:0005515
PRED|XP_001061496.1_centromere_protein_W-like_[Rattus_norvegicus]|0.95|0.79	GO:0000278|GO:0003677|GO:0051382
PRED|XP_001120014.1_histone_H2B_[Apis_mellifera]|1.0|0.87	GO:0000786|GO:0003677|GO:0030527|GO:0046982
PRED|XP_001120521.1_ubiquitin-60S_ribosomal_protein_L40_[Apis_mellifera]|0.97|0.94	GO:0006412
PRED|XP_001120855.2_rhodanese_domain-containing_protein_CG4456_isoform_X1_[Apis_mellifera]|0.5|0.82	GO:0004792|GO:0005739
PRED|XP_001120888.2_uncharacterized_protein_LOC724988_[Apis_mellifera]|0.79|0.72	GO:0016020|GO:0033617
PRED|XP_001120889.1_histone_H2B_[Apis_mellifera]|1.0|0.87	GO:0000786|GO:0003677|GO:0030527|GO:0046982
PRED|XP_001122218.1_histone_H2B_[Apis_mellifera]|0.99|0.8	GO:0000786|GO:0003677|GO:0030527|GO:0046982
PRED|XP_001134613.1_ubiquinol-cytochrome-c_reductase_hinge_protein_[Dictyostelium_discoideum_AX4]|0.66|0.9	GO:0005750|GO:0006122
PRED|XP_001175485.4_histone_H4_[Strongylocentrotus_purpuratus]|0.96|0.88	GO:0003677|GO:0030527|GO:0046982
PRED|XP_001175505.3_histone_H4-like_[Strongylocentrotus_purpuratus]|0.89|0.88	GO:0003677|GO:0030527|GO:0046982
PRED|XP_001177297.1_phospholipase_A2_[Strongylocentrotus_purpuratus]|0.92|0.91	GO:0004623|GO:0005509|GO:0005543|GO:0006644|GO:0016042|GO:0047498
PRED|XP_001177624.1_histone_H4_[Strongylocentrotus_purpuratus]|0.96|0.88	GO:0003677|GO:0030527|GO:0046982
PRED|XP_001178441.3_histone_H4_[Strongylocentrotus_purpuratus]|0.96|0.88	GO:0003677|GO:0030527|GO:0046982
PRED|XP_001178934.1_histone_H4_[Strongylocentrotus_purpuratus]|0.96|0.88	GO:0003677|GO:0030527|GO:0046982
PRED|XP_001197510.2_phospholipase_A2_AP-PLA2-I-like_[Strongylocentrotus_purpuratus]|0.9|0.89	GO:0004623|GO:0005509|GO:0005543|GO:0006644|GO:0016042|GO:0047498
PRED|XP_001230687.2_serine_protease_inhibitor_dipetalogastin_[Anopheles_gambiae]|0.99|0.86	GO:0005615
PRED|XP_001230805.2_eclosion_hormone_[Anopheles_gambiae]|0.96|0.86	GO:0007218|GO:0008255|GO:0018990
PRED|XP_001231183.1_general_odorant-binding_protein_83a_[Anopheles_gambiae]|0.93|0.73	GO:0005549
PRED|XP_001237085.2_lysozyme_c-1-like_[Anopheles_gambiae]|0.9|0.8	GO:0003796
PRED|XP_001237086.2_lysozyme_c-1-like_[Anopheles_gambiae]|0.96|0.89	GO:0003796
PRED|XP_001237266.2_acyl-CoA-binding_protein_[Anopheles_gambiae]|0.76|0.86	GO:0000062|GO:0006631
PRED|XP_001237961.1_uncharacterized_protein_LOC4578402_[Anopheles_gambiae]|0.8|0.85	GO:0005576|GO:0008200
PRED|XP_001238300.1_histone_H2B_[Anopheles_gambiae]|1.0|0.87	GO:0000786|GO:0003677|GO:0030527|GO:0046982
PRED|XP_001335214.1_histone_H2B_1/2-like_[Danio_rerio]|1.0|0.89	GO:0000786|GO:0003677|GO:0030527|GO:0046982
PRED|XP_001342606.2_growth-regulated_alpha_protein_isoform_X1_[Danio_rerio]|0.99|0.75	GO:0005576|GO:0006955|GO:0008009
PRED|XP_001347472.1_60S_ribosomal_protein_L30e_putative_[Plasmodium_falciparum_3D7]|0.83|0.89	GO:0003723
PRED|XP_001347536.1_cytochrome_c_oxidase_copper_chaperone_putative_[Plasmodium_falciparum_3D7]|0.79|0.85	GO:0005507|GO:0005758|GO:0016531
PRED|XP_001347737.1_histone_H4_[Plasmodium_falciparum_3D7]|0.77|0.86	GO:0003677|GO:0030527|GO:0046982
PRED|XP_001349269.1_cytochrome_c_oxidase_assembly_factor_5_putative_[Plasmodium_falciparum_3D7]|0.89|0.79	GO:0005739|GO:0033617
PRED|XP_001349608.1_secretory_complex_protein_61_gamma_subunit_[Plasmodium_falciparum_3D7]|0.5|0.83	GO:0006605|GO:0006886|GO:0008320|GO:0015031|GO:0016020
PRED|XP_001350120.1_mitochondrial_ribosomal_protein_L49_precursor_putative_[Plasmodium_falciparum_3D7]|0.83|0.77	GO:0003735|GO:0005762|GO:0005840|GO:0006412
PRED|XP_001350284.1_dynein_light_chain_putative_[Plasmodium_falciparum_3D7]|0.86|0.74	GO:0005868|GO:0007017|GO:0030286|GO:0045505
PRED|XP_001350369.1_ubiquitin-60S_ribosomal_protein_L40_[Plasmodium_falciparum_3D7]|0.92|0.88	GO:0006412
PRED|XP_001350489.1_apicoplast_ribosomal_protein_L29_precursor_putative_[Plasmodium_falciparum_3D7]|0.89|0.83	GO:0003735|GO:0005840|GO:0006412
PRED|XP_001351803.1_mitochondrial_import_receptor_subunit_TOM22_putative_[Plasmodium_falciparum_3D7]|0.67|0.73	GO:0005741|GO:0006886
PRED|XP_001546498.1_hypothetical_protein_BCIN_03g07700_[Botrytis_cinerea_B05.10]|0.71|0.7	GO:0016192|GO:0043231
PRED|XP_001548661.1_hypothetical_protein_BCIN_13g04420_[Botrytis_cinerea_B05.10]|0.95|0.81	GO:0003677|GO:0030527|GO:0046982
PRED|XP_001550544.1_hypothetical_protein_BCIN_02g06790_[Botrytis_cinerea_B05.10]|0.66|0.72	GO:0000786|GO:0003677|GO:0030527|GO:0046982
PRED|XP_001551911.1_hypothetical_protein_BCIN_16g03290_[Botrytis_cinerea_B05.10]|0.66|0.77	GO:0008017|GO:0031122
PRED|XP_001556609.2_Bhp2_[Botrytis_cinerea_B05.10]|0.65|0.76	GO:0005576
PRED|XP_001557149.1_hypothetical_protein_BCIN_13g00890_[Botrytis_cinerea_B05.10]|0.95|0.8	GO:0003677|GO:0030527|GO:0046982
PRED|XP_001617561.3_late_histone_H2B.L4_[Nematostella_vectensis]|0.92|0.87	GO:0000786|GO:0003677|GO:0030527|GO:0046982
PRED|XP_001617661.1_late_histone_H2B.L4_[Nematostella_vectensis]|0.92|0.87	GO:0000786|GO:0003677|GO:0030527|GO:0046982
PRED|XP_001618166.3_late_histone_H2B.L4_[Nematostella_vectensis]|0.92|0.87	GO:0000786|GO:0003677|GO:0030527|GO:0046982
PRED|XP_001618258.1_histone_H4_[Nematostella_vectensis]|0.95|0.84	GO:0003677|GO:0030527|GO:0046982
PRED|XP_001618259.1_histone_H4_[Nematostella_vectensis]|0.95|0.84	GO:0003677|GO:0030527|GO:0046982
PRED|XP_001618409.3_late_histone_H2B.L4_[Nematostella_vectensis]|1.0|0.89	GO:0000786|GO:0003677|GO:0030527|GO:0046982
PRED|XP_001619029.1_histone_H4_[Nematostella_vectensis]|0.95|0.84	GO:0003677|GO:0030527|GO:0046982
PRED|XP_001619031.1_late_histone_H2B.L4_[Nematostella_vectensis]|0.92|0.87	GO:0000786|GO:0003677|GO:0030527|GO:0046982
PRED|XP_001619042.1_late_histone_H2B.L4_[Nematostella_vectensis]|0.92|0.87	GO:0000786|GO:0003677|GO:0030527|GO:0046982
PRED|XP_001619732.1_late_histone_H2B.L4_[Nematostella_vectensis]|0.92|0.87	GO:0000786|GO:0003677|GO:0030527|GO:0046982
PRED|XP_001620466.2_late_histone_H2B.L4_[Nematostella_vectensis]|0.92|0.87	GO:0000786|GO:0003677|GO:0030527|GO:0046982
PRED|XP_001622883.1_late_histone_H2B.L4_[Nematostella_vectensis]|0.92|0.87	GO:0000786|GO:0003677|GO:0030527|GO:0046982
PRED|XP_001622900.2_mitochondrial_import_inner_membrane_translocase_subunit_TIM14_[Nematostella_vectensis]|0.76|0.73	GO:0001405|GO:0001671|GO:0030150
PRED|XP_001623008.2_chymotrypsin-like_protease_CTRL-1_isoform_X2_[Nematostella_vectensis]|0.85|0.73	GO:0004252|GO:0006508
PRED|XP_001623232.2_late_histone_H2B.L4_[Nematostella_vectensis]|1.0|0.84	GO:0000786|GO:0003677|GO:0030527|GO:0046982
PRED|XP_001625580.1_uncharacterized_protein_LOC5504698_[Nematostella_vectensis]|0.88|0.77	GO:0005576|GO:0007586|GO:0008047|GO:0016042
PRED|XP_001626726.2_late_histone_H2B.L4_[Nematostella_vectensis]|0.99|0.85	GO:0000786|GO:0003677|GO:0030527|GO:0046982
PRED|XP_001627410.3_hemagglutinin/amebocyte_aggregation_factor_isoform_X2_[Nematostella_vectensis]|0.89|0.87	GO:0005615|GO:0030199|GO:0031012
PRED|XP_001628981.2_hemagglutinin/amebocyte_aggregation_factor_[Nematostella_vectensis]|0.93|0.87	GO:0005615|GO:0030199|GO:0031012
PRED|XP_001629148.2_late_histone_H2B.L4_[Nematostella_vectensis]|0.97|0.81	GO:0000786|GO:0003677|GO:0030527|GO:0046982
PRED|XP_001629900.1_uncharacterized_protein_LOC5509345_[Nematostella_vectensis]|0.76|0.76	GO:0005739|GO:0005743|GO:0061617
PRED|XP_001630070.2_histone_H4_[Nematostella_vectensis]|0.95|0.84	GO:0003677|GO:0030527|GO:0046982
PRED|XP_001630309.1_histone_H4_[Nematostella_vectensis]|0.95|0.84	GO:0003677|GO:0030527|GO:0046982
PRED|XP_001632584.1_histone_H4_[Nematostella_vectensis]|0.95|0.84	GO:0003677|GO:0030527|GO:0046982
PRED|XP_001632947.3_chymotrypsinogen_B_isoform_X2_[Nematostella_vectensis]|0.85|0.75	GO:0004252|GO:0006508
PRED|XP_001633834.3_uncharacterized_protein_LOC5513547_[Nematostella_vectensis]|0.99|0.85	GO:0005179|GO:0005576
PRED|XP_001634273.2_pituitary_tumor-transforming_gene_1_protein-interacting_protein_isoform_X2_[Nematostella_vectensis]|0.94|0.79	GO:0005634|GO:0005737|GO:0006606
PRED|XP_001634303.3_dickkopf-related_protein_3_[Nematostella_vectensis]|0.97|0.85	GO:0005576|GO:0005615|GO:0007275|GO:0030178|GO:0039706|GO:0048019|GO:0090090
PRED|XP_001637325.1_LHFPL_tetraspan_subfamily_member_6_protein_[Nematostella_vectensis]|0.53|0.87	GO:0016020
PRED|XP_001638117.2_RING-box_protein_2_isoform_X1_[Nematostella_vectensis]|0.5|0.8	GO:0008270
PRED|XP_001638343.1_late_histone_H2B.L4_[Nematostella_vectensis]|1.0|0.88	GO:0000786|GO:0003677|GO:0030527|GO:0046982
PRED|XP_001638352.1_histone_H2A.V_[Nematostella_vectensis]|0.88|0.77	GO:0046982
PRED|XP_001638460.2_histone_H2A_[Nematostella_vectensis]|0.99|0.71	GO:0000786|GO:0003677|GO:0030527|GO:0046982
PRED|XP_001638464.1_late_histone_H2B.L4_[Nematostella_vectensis]|1.0|0.81	GO:0000786|GO:0003677|GO:0030527|GO:0046982
PRED|XP_001638523.1_histone_H4_[Nematostella_vectensis]|0.95|0.84	GO:0003677|GO:0030527|GO:0046982
PRED|XP_001640351.1_histone_H4_[Nematostella_vectensis]|0.95|0.84	GO:0003677|GO:0030527|GO:0046982
PRED|XP_001640356.1_histone_H4_[Nematostella_vectensis]|0.95|0.84	GO:0003677|GO:0030527|GO:0046982
PRED|XP_001640436.1_histone_H3_[Nematostella_vectensis]|0.51|0.72	GO:0000786|GO:0003677|GO:0030527|GO:0046982
PRED|XP_001640459.1_histone_H4_[Nematostella_vectensis]|0.95|0.84	GO:0003677|GO:0030527|GO:0046982
PRED|XP_001640461.1_late_histone_H2B.L4_[Nematostella_vectensis]|1.0|0.87	GO:0000786|GO:0003677|GO:0030527|GO:0046982
PRED|XP_001640480.1_histone_H4_[Nematostella_vectensis]|0.95|0.83	GO:0003677|GO:0030527|GO:0046982
PRED|XP_001641952.2_dickkopf-related_protein_3_[Nematostella_vectensis]|0.59|0.79	GO:0005615|GO:0039706|GO:0048019|GO:0090090
PRED|XP_001683043.1_histone_H2A_[Leishmania_major_strain_Friedlin]|0.72|0.7	GO:0046982
PRED|XP_001683044.1_putative_histone_H2A_[Leishmania_major_strain_Friedlin]|0.72|0.7	GO:0000786|GO:0003677|GO:0030527|GO:0046982
PRED|XP_001683045.1_putative_histone_H2A_[Leishmania_major_strain_Friedlin]|0.72|0.7	GO:0046982
PRED|XP_001684657.1_putative_40S_ribosomal_protein_S30_[Leishmania_major_strain_Friedlin]|0.66|0.87	GO:0003735|GO:0005840|GO:0006412|GO:0022627
PRED|XP_001684658.1_putative_40S_ribosomal_protein_S30_[Leishmania_major_strain_Friedlin]|0.66|0.87	GO:0003735|GO:0005840|GO:0006412|GO:0022627
PRED|XP_001684659.1_putative_40S_ribosomal_protein_S30_[Leishmania_major_strain_Friedlin]|0.66|0.87	GO:0003735|GO:0005840|GO:0006412|GO:0022627
PRED|XP_001685176.1_ubiquitin-fusion_protein_[Leishmania_major_strain_Friedlin]|0.99|0.89	GO:0006412
PRED|XP_001685189.1_ubiquitin-fusion_protein_[Leishmania_major_strain_Friedlin]|0.99|0.89	GO:0006412
PRED|XP_001688125.2_cuticle_protein_19_[Anopheles_gambiae]|0.64|0.7	GO:0005615|GO:0031012
PRED|XP_001688129.2_cuticle_protein_19_[Anopheles_gambiae]|0.7|0.7	GO:0005615|GO:0031012
PRED|XP_001688132.1_cuticle_protein_19_[Anopheles_gambiae]|0.58|0.71	GO:0005615|GO:0031012
PRED|XP_001689061.2_uncharacterized_protein_LOC1278353_[Anopheles_gambiae]|0.71|0.87	GO:0005743|GO:0006122
PRED|XP_001689102.1_cytochrome_b-c1_complex_subunit_9_[Anopheles_gambiae]|0.97|0.71	GO:0006122|GO:0045275
PRED|XP_001689190.1_hypertrehalosaemic_prohormone_[Anopheles_gambiae]|0.89|0.88	GO:0005179
PRED|XP_001689581.1_uncharacterized_protein_CHLRE_01g030050v5_[Chlamydomonas_reinhardtii]|0.63|0.76	GO:0003735|GO:0005840|GO:0006412
PRED|XP_001690575.1_uncharacterized_protein_CHLRE_10g437500v5_[Chlamydomonas_reinhardtii]|0.85|0.81	GO:0005742|GO:0030150
PRED|XP_001690668.1_uncharacterized_protein_CHLRE_06g276550v5_[Chlamydomonas_reinhardtii]|0.9|0.82	GO:0000786|GO:0003677|GO:0030527|GO:0046982
PRED|XP_001690672.1_uncharacterized_protein_CHLRE_06g276950v5_[Chlamydomonas_reinhardtii]|0.75|0.7	GO:0000786|GO:0003677|GO:0030527|GO:0046982
PRED|XP_001690682.1_uncharacterized_protein_CHLRE_06g276500v5_[Chlamydomonas_reinhardtii]|0.75|0.7	GO:0000786|GO:0003677|GO:0030527|GO:0046982
PRED|XP_001690721.1_uncharacterized_protein_CHLRE_17g709100v5_[Chlamydomonas_reinhardtii]|0.81|0.74	GO:0003677|GO:0030527|GO:0046982
PRED|XP_001690722.1_uncharacterized_protein_CHLRE_17g709200v5_[Chlamydomonas_reinhardtii]|0.75|0.7	GO:0000786|GO:0003677|GO:0030527|GO:0046982
PRED|XP_001690810.1_uncharacterized_protein_CHLRE_12g504850v5_[Chlamydomonas_reinhardtii]|0.81|0.74	GO:0003677|GO:0030527|GO:0046982
PRED|XP_001690827.1_uncharacterized_protein_CHLRE_12g506250v5_[Chlamydomonas_reinhardtii]|0.87|0.7	GO:0000786|GO:0003677|GO:0030527|GO:0046982
PRED|XP_001690828.1_uncharacterized_protein_CHLRE_12g506350v5_[Chlamydomonas_reinhardtii]|0.81|0.74	GO:0003677|GO:0030527|GO:0046982
PRED|XP_001690996.1_uncharacterized_protein_CHLRE_12g504600v5_[Chlamydomonas_reinhardtii]|0.81|0.74	GO:0003677|GO:0030527|GO:0046982
PRED|XP_001691007.1_uncharacterized_protein_CHLRE_12g506200v5_[Chlamydomonas_reinhardtii]|0.91|0.82	GO:0000786|GO:0003677|GO:0030527|GO:0046982
PRED|XP_001691010.1_uncharacterized_protein_CHLRE_12g506450v5_[Chlamydomonas_reinhardtii]|0.81|0.73	GO:0003677|GO:0030527|GO:0046982
PRED|XP_001691162.1_uncharacterized_protein_CHLRE_06g275800v5_[Chlamydomonas_reinhardtii]|0.92|0.82	GO:0000786|GO:0003677|GO:0030527|GO:0046982
PRED|XP_001691527.1_uncharacterized_protein_CHLRE_17g710500v5_[Chlamydomonas_reinhardtii]|0.81|0.74	GO:0003677|GO:0030527|GO:0046982
PRED|XP_001691528.1_uncharacterized_protein_CHLRE_17g710400v5_[Chlamydomonas_reinhardtii]|0.75|0.7	GO:0000786|GO:0003677|GO:0030527|GO:0046982
PRED|XP_001691541.1_uncharacterized_protein_CHLRE_17g709150v5_[Chlamydomonas_reinhardtii]|0.95|0.82	GO:0000786|GO:0003677|GO:0030527|GO:0046982
PRED|XP_001691545.1_uncharacterized_protein_CHLRE_17g708550v5_[Chlamydomonas_reinhardtii]|0.82|0.71	GO:0000786|GO:0003677|GO:0030527|GO:0046982
PRED|XP_001691693.1_uncharacterized_protein_CHLRE_17g708600v5_[Chlamydomonas_reinhardtii]|0.93|0.82	GO:0000786|GO:0003677|GO:0030527|GO:0046982
PRED|XP_001691698.1_uncharacterized_protein_CHLRE_17g708200v5_[Chlamydomonas_reinhardtii]|0.81|0.75	GO:0003677|GO:0030527|GO:0046982
PRED|XP_001692372.2_uncharacterized_protein_CHLRE_17g714000v5_[Chlamydomonas_reinhardtii]|0.81|0.73	GO:0003677|GO:0030527|GO:0046982
PRED|XP_001692948.1_uncharacterized_protein_CHLRE_13g591200v5_[Chlamydomonas_reinhardtii]|0.9|0.83	GO:0000786|GO:0003677|GO:0030527|GO:0046982
PRED|XP_001693071.1_uncharacterized_protein_CHLRE_13g590750v5_[Chlamydomonas_reinhardtii]|0.9|0.83	GO:0000786|GO:0003677|GO:0030527|GO:0046982
PRED|XP_001693465.1_uncharacterized_protein_CHLRE_13g570000v5_[Chlamydomonas_reinhardtii]|0.74|0.75	GO:0003677|GO:0030527|GO:0046982
PRED|XP_001693722.1_uncharacterized_protein_CHLRE_13g570050v5_[Chlamydomonas_reinhardtii]|0.96|0.82	GO:0000786|GO:0003677|GO:0030527|GO:0046982
PRED|XP_001696186.1_uncharacterized_protein_CHLRE_06g274750v5_[Chlamydomonas_reinhardtii]|0.92|0.82	GO:0000786|GO:0003677|GO:0030527|GO:0046982
PRED|XP_001696192.1_uncharacterized_protein_CHLRE_06g273850v5_[Chlamydomonas_reinhardtii]|0.92|0.82	GO:0000786|GO:0003677|GO:0030527|GO:0046982
PRED|XP_001696245.1_uncharacterized_protein_CHLRE_06g268250v5_[Chlamydomonas_reinhardtii]|0.91|0.81	GO:0000786|GO:0003677|GO:0030527|GO:0046982
PRED|XP_001696283.1_uncharacterized_protein_CHLRE_06g264900v5_[Chlamydomonas_reinhardtii]|0.92|0.81	GO:0000786|GO:0003677|GO:0030527|GO:0046982
PRED|XP_001696285.1_uncharacterized_protein_CHLRE_06g264600v5_[Chlamydomonas_reinhardtii]|0.81|0.74	GO:0003677|GO:0030527|GO:0046982
PRED|XP_001696461.1_uncharacterized_protein_CHLRE_06g273900v5_[Chlamydomonas_reinhardtii]|0.87|0.7	GO:0000786|GO:0003677|GO:0030527|GO:0046982
PRED|XP_001696488.1_uncharacterized_protein_CHLRE_06g271300v5_[Chlamydomonas_reinhardtii]|0.81|0.74	GO:0003677|GO:0030527|GO:0046982
PRED|XP_001696520.1_uncharacterized_protein_CHLRE_06g268400v5_[Chlamydomonas_reinhardtii]|0.81|0.73	GO:0003677|GO:0030527|GO:0046982
PRED|XP_001696521.1_uncharacterized_protein_CHLRE_06g268300v5_[Chlamydomonas_reinhardtii]|0.87|0.7	GO:0000786|GO:0003677|GO:0030527|GO:0046982
PRED|XP_001696523.1_uncharacterized_protein_CHLRE_06g268100v5_[Chlamydomonas_reinhardtii]|0.92|0.82	GO:0000786|GO:0003677|GO:0030527|GO:0046982
PRED|XP_001696524.1_uncharacterized_protein_CHLRE_06g268000v5_[Chlamydomonas_reinhardtii]|0.81|0.74	GO:0003677|GO:0030527|GO:0046982
PRED|XP_001696549.1_uncharacterized_protein_CHLRE_06g265400v5_[Chlamydomonas_reinhardtii]|0.92|0.75	GO:0000786|GO:0003677|GO:0030527|GO:0046982
PRED|XP_001696553.1_uncharacterized_protein_CHLRE_06g265050v5_[Chlamydomonas_reinhardtii]|0.76|0.74	GO:0003677|GO:0030527|GO:0046982
PRED|XP_001696556.1_uncharacterized_protein_CHLRE_06g264800v5_[Chlamydomonas_reinhardtii]|0.93|0.81	GO:0000786|GO:0003677|GO:0030527|GO:0046982
PRED|XP_001698167.1_uncharacterized_protein_CHLRE_16g650250v5_[Chlamydomonas_reinhardtii]|0.81|0.74	GO:0003677|GO:0030527|GO:0046982
PRED|XP_001698955.2_uncharacterized_protein_CHLRE_06g274900v5_[Chlamydomonas_reinhardtii]|0.81|0.74	GO:0003677|GO:0030527|GO:0046982
PRED|XP_001700194.1_uncharacterized_protein_CHLRE_01g062172v5_[Chlamydomonas_reinhardtii]|0.95|0.82	GO:0000786|GO:0003677|GO:0030527|GO:0046982
PRED|XP_001700244.1_uncharacterized_protein_CHLRE_01g069107v5_[Chlamydomonas_reinhardtii]|0.77|0.87	GO:0005739|GO:0033617
PRED|XP_001700313.1_ribosomal_protein_L40_[Chlamydomonas_reinhardtii]|0.81|0.85	GO:0006412
PRED|XP_001700398.1_uncharacterized_protein_CHLRE_17g714600v5_[Chlamydomonas_reinhardtii]|0.81|0.74	GO:0003677|GO:0030527|GO:0046982
PRED|XP_001700399.1_uncharacterized_protein_CHLRE_17g714500v5_[Chlamydomonas_reinhardtii]|0.75|0.7	GO:0000786|GO:0003677|GO:0030527|GO:0046982
PRED|XP_001700403.1_uncharacterized_protein_CHLRE_17g714050v5_[Chlamydomonas_reinhardtii]|0.94|0.83	GO:0000786|GO:0003677|GO:0030527|GO:0046982
PRED|XP_001700408.1_uncharacterized_protein_CHLRE_17g713500v5_[Chlamydomonas_reinhardtii]|0.81|0.74	GO:0003677|GO:0030527|GO:0046982
PRED|XP_001700424.1_uncharacterized_protein_CHLRE_17g711800v5_[Chlamydomonas_reinhardtii]|0.81|0.72	GO:0003677|GO:0030527|GO:0046982
PRED|XP_001700425.1_uncharacterized_protein_CHLRE_17g711700v5_[Chlamydomonas_reinhardtii]|0.75|0.7	GO:0000786|GO:0003677|GO:0030527|GO:0046982
PRED|XP_001700454.1_uncharacterized_protein_CHLRE_17g714100v5_[Chlamydomonas_reinhardtii]|0.75|0.7	GO:0000786|GO:0003677|GO:0030527|GO:0046982
PRED|XP_001700461.1_uncharacterized_protein_CHLRE_17g713450v5_[Chlamydomonas_reinhardtii]|0.93|0.81	GO:0000786|GO:0003677|GO:0030527|GO:0046982
PRED|XP_001701386.1_uncharacterized_protein_CHLRE_06g266700v5_[Chlamydomonas_reinhardtii]|0.94|0.7	GO:0000786|GO:0003677|GO:0030527|GO:0046982
PRED|XP_001701414.1_uncharacterized_protein_CHLRE_06g266750v5_[Chlamydomonas_reinhardtii]|0.92|0.82	GO:0000786|GO:0003677|GO:0030527|GO:0046982
PRED|XP_001701464.1_ribosomal_protein_S30_[Chlamydomonas_reinhardtii]|0.95|0.83	GO:0003735|GO:0005840|GO:0006412|GO:0022627
PRED|XP_001702223.2_uncharacterized_protein_CHLRE_12g504550v5_[Chlamydomonas_reinhardtii]|0.9|0.82	GO:0000786|GO:0003677|GO:0030527|GO:0046982
PRED|XP_001702226.1_uncharacterized_protein_CHLRE_12g504700v5_[Chlamydomonas_reinhardtii]|0.91|0.82	GO:0000786|GO:0003677|GO:0030527|GO:0046982
PRED|XP_001703061.2_uncharacterized_protein_CHLRE_06g274250v5_[Chlamydomonas_reinhardtii]|0.92|0.82	GO:0000786|GO:0003677|GO:0030527|GO:0046982
PRED|XP_001704097.1_Ribosomal_protein_L29e_[Giardia_intestinalis]|0.84|0.82	GO:0002181|GO:0003735|GO:0005840|GO:0006412|GO:0022625
PRED|XP_001704715.1_Histone_H2A_[Giardia_intestinalis]|0.82|0.73	GO:0000786|GO:0003677|GO:0030527|GO:0046982
PRED|XP_001706917.1_Histone_H2A_[Giardia_intestinalis]|0.81|0.73	GO:0000786|GO:0003677|GO:0030527|GO:0046982
PRED|XP_001709040.1_RING-H2_zinc_finger_domain-containing_protein_[Giardia_intestinalis]|0.76|0.87	GO:0008270
PRED|XP_001728250.2_RING_finger_domain-containing_protein_[Neurospora_crassa_OR74A]|0.51|0.86	GO:0005680|GO:0008270|GO:0031145|GO:0061630|GO:0097602
PRED|XP_001809216.1_uncharacterized_protein_DptB_[Tribolium_castaneum]|0.6|0.82	GO:0005576|GO:0042742
PRED|XP_001814181.1_LIRP_[Tribolium_castaneum]|0.83|0.73	GO:0005179|GO:0005576
PRED|XP_001815977.1_endoglucanase_A_[Tribolium_castaneum]|0.74|0.77	GO:0004867
PRED|XP_001828370.1_RING_finger_domain-containing_protein_[Coprinopsis_cinerea_okayama7#130]|0.92|0.83	GO:0005680|GO:0008270|GO:0031145|GO:0061630|GO:0097602
PRED|XP_001829580.1_ubiquitin-60S_ribosomal_protein_L40_fusion_protein_[Coprinopsis_cinerea_okayama7#130]|0.95|0.86	GO:0006412
PRED|XP_001831329.1_ubiquitin-40S_ribosomal_protein_S31_fusion_protein_[Coprinopsis_cinerea_okayama7#130]|0.51|0.84	GO:0003735|GO:0005840|GO:0006412
PRED|XP_001831661.1_hypothetical_protein_CC1G_05732_[Coprinopsis_cinerea_okayama7#130]|0.87|0.91	GO:0005199|GO:0009277
PRED|XP_001831668.1_hypothetical_protein_CC1G_05739_[Coprinopsis_cinerea_okayama7#130]|0.82|0.85	GO:0005199|GO:0009277
PRED|XP_001831685.1_histone_H4_[Coprinopsis_cinerea_okayama7#130]|0.71|0.79	GO:0003677|GO:0030527|GO:0046982
PRED|XP_001831694.1_histone_H4_[Coprinopsis_cinerea_okayama7#130]|0.71|0.79	GO:0003677|GO:0030527|GO:0046982
PRED|XP_001831759.1_hypothetical_protein_CC1G_08363_[Coprinopsis_cinerea_okayama7#130]|0.9|0.89	GO:0005199|GO:0009277
PRED|XP_001832379.1_histone_H2B_[Coprinopsis_cinerea_okayama7#130]|0.52|0.87	GO:0000786|GO:0003677|GO:0030527|GO:0046982
PRED|XP_001832509.1_histone_H2B_[Coprinopsis_cinerea_okayama7#130]|0.76|0.81	GO:0000786|GO:0003677|GO:0030527|GO:0046982
PRED|XP_001833168.1_hypothetical_protein_CC1G_01230_[Coprinopsis_cinerea_okayama7#130]|0.95|0.9	GO:0005199|GO:0009277
PRED|XP_001833828.1_hypothetical_protein_CC1G_01505_[Coprinopsis_cinerea_okayama7#130]|0.53|0.81	GO:0005199|GO:0009277
PRED|XP_001834438.2_CoH1_[Coprinopsis_cinerea_okayama7#130]|0.91|0.79	GO:0005199|GO:0009277
PRED|XP_001834445.1_CoH1_[Coprinopsis_cinerea_okayama7#130]|0.96|0.81	GO:0005199|GO:0009277
PRED|XP_001834446.1_hydrophobin_[Coprinopsis_cinerea_okayama7#130]|0.97|0.82	GO:0005199|GO:0009277
PRED|XP_001834447.1_CoH1_[Coprinopsis_cinerea_okayama7#130]|0.93|0.78	GO:0005199|GO:0009277
PRED|XP_001834448.1_CoH1_[Coprinopsis_cinerea_okayama7#130]|0.96|0.8	GO:0005199|GO:0009277
PRED|XP_001834449.1_CoH2_[Coprinopsis_cinerea_okayama7#130]|0.94|0.86	GO:0005199|GO:0009277
PRED|XP_001835081.2_hypothetical_protein_CC1G_06484_[Coprinopsis_cinerea_okayama7#130]|0.97|0.77	GO:0005199|GO:0009277
PRED|XP_001836747.1_hypothetical_protein_CC1G_04060_[Coprinopsis_cinerea_okayama7#130]|0.81|0.81	GO:0005199|GO:0009277
PRED|XP_001836941.1_hypothetical_protein_CC1G_00077_[Coprinopsis_cinerea_okayama7#130]|0.6|0.87	GO:0006122|GO:0045275
PRED|XP_001837952.1_hypothetical_protein_CC1G_09503_[Coprinopsis_cinerea_okayama7#130]|0.98|0.75	GO:0005199|GO:0009277
PRED|XP_001838905.1_histone_H4_[Coprinopsis_cinerea_okayama7#130]|0.71|0.79	GO:0003677|GO:0030527|GO:0046982
PRED|XP_001839471.2_hypothetical_protein_CC1G_06684_[Coprinopsis_cinerea_okayama7#130]|0.51|0.83	GO:0008061
PRED|XP_001839824.1_hypothetical_protein_CC1G_09158_[Coprinopsis_cinerea_okayama7#130]|0.75|0.77	GO:0005199|GO:0009277
PRED|XP_001839855.1_hydrophobin-315_[Coprinopsis_cinerea_okayama7#130]|0.79|0.74	GO:0005199|GO:0009277
PRED|XP_001839892.2_hypothetical_protein_CC1G_06082_[Coprinopsis_cinerea_okayama7#130]|0.98|0.77	GO:0005199|GO:0009277
PRED|XP_001839896.2_hypothetical_protein_CC1G_06086_[Coprinopsis_cinerea_okayama7#130]|0.93|0.8	GO:0005199|GO:0009277
PRED|XP_001839924.1_hypothetical_protein_CC1G_06114_[Coprinopsis_cinerea_okayama7#130]|0.92|0.82	GO:0005199|GO:0009277
PRED|XP_001840811.1_lysozyme_[Coprinopsis_cinerea_okayama7#130]|0.69|0.76	GO:0003796|GO:0009253|GO:0016998
PRED|XP_001840813.1_lysozyme_[Coprinopsis_cinerea_okayama7#130]|0.83|0.75	GO:0003796|GO:0009253|GO:0016998
PRED|XP_001840999.1_hypothetical_protein_CC1G_04843_[Coprinopsis_cinerea_okayama7#130]|0.93|0.72	GO:0005199|GO:0009277
PRED|XP_001841031.2_hypothetical_protein_CC1G_04875_[Coprinopsis_cinerea_okayama7#130]|0.58|0.83	GO:0005199|GO:0009277
PRED|XP_001841049.1_hypothetical_protein_CC1G_04893_[Coprinopsis_cinerea_okayama7#130]|0.9|0.79	GO:0005199|GO:0009277
PRED|XP_001841170.1_hydrophobin-251_[Coprinopsis_cinerea_okayama7#130]|0.84|0.79	GO:0005199|GO:0009277
PRED|XP_001841179.1_hydrophobin-251_[Coprinopsis_cinerea_okayama7#130]|0.73|0.76	GO:0005199|GO:0009277
PRED|XP_001841189.1_hypothetical_protein_CC1G_10186_[Coprinopsis_cinerea_okayama7#130]|0.66|0.74	GO:0005199|GO:0009277
PRED|XP_001841191.1_hypothetical_protein_CC1G_10188_[Coprinopsis_cinerea_okayama7#130]|0.64|0.76	GO:0005199|GO:0009277
PRED|XP_001841192.1_hypothetical_protein_CC1G_10189_[Coprinopsis_cinerea_okayama7#130]|0.88|0.8	GO:0005199|GO:0009277
PRED|XP_001841209.1_hypothetical_protein_CC1G_10206_[Coprinopsis_cinerea_okayama7#130]|0.67|0.76	GO:0005199|GO:0009277
PRED|XP_001923636.1_histone_H2B_1/2-like_[Danio_rerio]|1.0|0.9	GO:0000786|GO:0003677|GO:0030527|GO:0046982
PRED|XP_002120410.1_FAD-linked_sulfhydryl_oxidase_ALR-like_[Ciona_intestinalis]|0.7|0.75	GO:0005739|GO:0016971|GO:0050660
PRED|XP_002122395.1_basic_phospholipase_A2_acanthin-2-like_[Ciona_intestinalis]|0.75|0.91	GO:0004623|GO:0005509|GO:0005543|GO:0006644|GO:0016042|GO:0047498
PRED|XP_002126092.1_trypsin_delta/gamma-like_protein_CG30031_[Ciona_intestinalis]|0.62|0.78	GO:0004252|GO:0006508
PRED|XP_002127331.1_mesencephalic_astrocyte-derived_neurotrophic_factor_homolog_[Ciona_intestinalis]|0.51|0.77	GO:0005615|GO:0005783|GO:0031175|GO:0071542
PRED|XP_002128662.2_pituitary_tumor-transforming_gene_1_protein-interacting_protein_isoform_X2_[Ciona_intestinalis]|0.71|0.72	GO:0005634|GO:0005737|GO:0006606
PRED|XP_002128766.1_cationic_trypsin-like_[Ciona_intestinalis]|0.54|0.81	GO:0004252|GO:0005615|GO:0006508
PRED|XP_002128905.1_40S_ribosomal_protein_S19_[Ciona_intestinalis]|0.53|0.86	GO:0000028|GO:0003723|GO:0003735|GO:0005840|GO:0006412|GO:0022627
PRED|XP_002128949.1_uncharacterized_protein_LOC100186803_[Ciona_intestinalis]|0.86|0.81	GO:0005886
PRED|XP_002128954.1_40S_ribosomal_protein_S19_[Ciona_intestinalis]|0.53|0.85	GO:0000028|GO:0003723|GO:0003735|GO:0005840|GO:0006412|GO:0022627
PRED|XP_002129039.1_cationic_trypsin-like_[Ciona_intestinalis]|0.54|0.8	GO:0004252|GO:0005615|GO:0006508
PRED|XP_002130180.1_ubiquitin-60S_ribosomal_protein_L40_[Ciona_intestinalis]|0.96|0.92	GO:0006412
PRED|XP_002130324.1_phospholipid_phosphatase_6-like_[Ciona_intestinalis]|0.68|0.84	GO:0042392
PRED|XP_002130647.1_late_histone_H2B.L4-like_[Ciona_intestinalis]|0.9|0.76	GO:0000786|GO:0003677|GO:0030527|GO:0046982
PRED|XP_002130917.1_connective_tissue_growth_factor_[Ciona_intestinalis]|0.55|0.89	GO:0005178|GO:0005615|GO:0007155|GO:0007165|GO:0008201|GO:0031012|GO:0045597
PRED|XP_002130983.1_protamine-like_[Ciona_intestinalis]|0.8|0.84	GO:0000786|GO:0003677|GO:0006334|GO:0030527
PRED|XP_002176513.1_predicted_protein_partial_[Phaeodactylum_tricornutum_CCAP_1055/1]|0.6|0.76	GO:0016020
PRED|XP_002176835.1_predicted_protein_partial_[Phaeodactylum_tricornutum_CCAP_1055/1]|0.89|0.75	GO:0008320|GO:0030943|GO:0042721|GO:0045039
PRED|XP_002178024.1_chaperone_dnaj-like_protein_partial_[Phaeodactylum_tricornutum_CCAP_1055/1]|0.63|0.8	GO:0005634|GO:0005737|GO:0044183|GO:0051082|GO:0051087|GO:0061077
PRED|XP_002178335.1_predicted_protein_[Phaeodactylum_tricornutum_CCAP_1055/1]|0.54|0.8	GO:0003735|GO:0005840|GO:0006412|GO:0022627
PRED|XP_002179210.1_histone_H2B_isoform_1b_[Phaeodactylum_tricornutum_CCAP_1055/1]|0.91|0.77	GO:0000786|GO:0003677|GO:0030527|GO:0046982
PRED|XP_002179286.1_histone_H4_isoform_1b_[Phaeodactylum_tricornutum_CCAP_1055/1]|0.8|0.83	GO:0003677|GO:0030527|GO:0046982
PRED|XP_002179501.1_histone_H3_isoform_1a_[Phaeodactylum_tricornutum_CCAP_1055/1]|0.59|0.73	GO:0000786|GO:0003677|GO:0030527|GO:0046982
PRED|XP_002179505.1_histone_H4_isoform_1a_[Phaeodactylum_tricornutum_CCAP_1055/1]|0.8|0.82	GO:0003677|GO:0030527|GO:0046982
PRED|XP_002179551.1_histone_H2B_isoform_1a_[Phaeodactylum_tricornutum_CCAP_1055/1]|0.91|0.84	GO:0000786|GO:0003677|GO:0030527|GO:0046982
PRED|XP_002179559.1_predicted_protein_partial_[Phaeodactylum_tricornutum_CCAP_1055/1]|0.51|0.88	GO:0000285|GO:0010008|GO:0046854|GO:0046872
PRED|XP_002180485.1_predicted_protein_partial_[Phaeodactylum_tricornutum_CCAP_1055/1]|0.94|0.87	GO:0000978|GO:0000981|GO:0005634|GO:0006355
PRED|XP_002180906.1_predicted_protein_partial_[Phaeodactylum_tricornutum_CCAP_1055/1]|0.6|0.78	GO:0000398|GO:0000974|GO:0005681
PRED|XP_002181134.1_H3.3_[Phaeodactylum_tricornutum_CCAP_1055/1]|0.66|0.7	GO:0000786|GO:0003677|GO:0030527|GO:0046982
PRED|XP_002181345.1_histone_H2A_isoform_1_[Phaeodactylum_tricornutum_CCAP_1055/1]|0.69|0.73	GO:0000786|GO:0003677|GO:0030527|GO:0046982
PRED|XP_002181523.1_predicted_protein_partial_[Phaeodactylum_tricornutum_CCAP_1055/1]|0.54|0.79	GO:0000139|GO:0005096|GO:0030100|GO:0032012
PRED|XP_002182087.1_predicted_protein_partial_[Phaeodactylum_tricornutum_CCAP_1055/1]|0.6|0.73	GO:0005634
PRED|XP_002182250.1_ubiquitin_extension_protein_1/2_[Phaeodactylum_tricornutum_CCAP_1055/1]|0.84|0.86	GO:0006412
PRED|XP_002182413.1_predicted_protein_partial_[Phaeodactylum_tricornutum_CCAP_1055/1]|0.57|0.91	GO:0003755
PRED|XP_002183036.1_predicted_protein_partial_[Phaeodactylum_tricornutum_CCAP_1055/1]|0.69|0.88	GO:0004672
PRED|XP_002184456.1_predicted_protein_partial_[Phaeodactylum_tricornutum_CCAP_1055/1]|0.66|0.8	GO:0003677|GO:0030527
PRED|XP_002185400.1_predicted_protein_partial_[Phaeodactylum_tricornutum_CCAP_1055/1]|0.6|0.77	GO:0000413|GO:0003755|GO:0005783
PRED|XP_002185527.1_predicted_protein_partial_[Phaeodactylum_tricornutum_CCAP_1055/1]|0.53|0.81	GO:0003735|GO:0005840|GO:0006412|GO:0015934
PRED|XP_002262845.1_histone_H4_[Vitis_vinifera]|0.96|0.82	GO:0003677|GO:0030527|GO:0046982
PRED|XP_002263380.3_defensin-like_protein_1_[Vitis_vinifera]|1.0|0.93	GO:0006952
PRED|XP_002264720.1_pathogenesis-related_protein_PR-4_[Vitis_vinifera]|0.99|0.8	GO:0004540|GO:0006952
PRED|XP_002266573.1_basic_blue_protein_[Vitis_vinifera]|0.71|0.88	GO:0005886|GO:0009055
PRED|XP_002268742.1_putative_lipid-transfer_protein_DIR1_[Vitis_vinifera]|1.0|0.91	GO:0005504|GO:0009627
PRED|XP_002269620.1_non-specific_lipid-transfer_protein_8_[Vitis_vinifera]|0.95|0.94	GO:0006869|GO:0008289
PRED|XP_002270220.2_endochitinase_[Vitis_vinifera]|0.97|0.73	GO:0004568|GO:0006032|GO:0008061|GO:0016998|GO:0050832
PRED|XP_002270970.1_non-specific_lipid-transfer_protein_P5_[Vitis_vinifera]|0.99|0.9	GO:0006869|GO:0008289
PRED|XP_002271506.1_histone_H2AX_[Vitis_vinifera]|0.93|0.73	GO:0000786|GO:0003677|GO:0030527|GO:0046982
PRED|XP_002271584.2_non-specific_lipid-transfer_protein_D_cotyledon-specific_isoform_[Vitis_vinifera]|0.98|0.88	GO:0006869|GO:0008289
PRED|XP_002272871.2_uncharacterized_protein_LOC100240776_[Vitis_vinifera]|0.69|0.91	GO:0005504|GO:0009627
PRED|XP_002272913.2_defensin-like_protein_1_isoform_X1_[Vitis_vinifera]|1.0|0.88	GO:0006952
PRED|XP_002273386.1_protein_RALF-like_33_[Vitis_vinifera]|0.64|0.82	GO:0009506|GO:0019722
PRED|XP_002273568.1_ubiquitin-ribosomal_protein_eL40z_fusion_protein_[Vitis_vinifera]|0.88|0.86	GO:0006412
PRED|XP_002274353.1_defensin_Ec-AMP-D2_[Vitis_vinifera]|1.0|0.92	GO:0006952
PRED|XP_002275107.1_non-specific_lipid-transfer_protein_[Vitis_vinifera]|0.87|0.89	GO:0006869|GO:0008289
PRED|XP_002275805.1_putative_lipid-transfer_protein_DIR1_[Vitis_vinifera]|0.93|0.9	GO:0005504|GO:0009627
PRED|XP_002275963.1_basic_blue_protein_[Vitis_vinifera]|0.84|0.93	GO:0005886|GO:0009055
PRED|XP_002275987.1_basic_blue_protein_[Vitis_vinifera]|0.82|0.93	GO:0005886|GO:0009055
PRED|XP_002276372.1_non-specific_lipid-transfer_protein_1_[Vitis_vinifera]|0.68|0.91	GO:0006869|GO:0008289
PRED|XP_002278646.1_basic_blue_protein_[Vitis_vinifera]|0.87|0.84	GO:0005886|GO:0009055
PRED|XP_002281554.1_putative_lipid-transfer_protein_DIR1_[Vitis_vinifera]|0.73|0.9	GO:0005504|GO:0009627
PRED|XP_002281789.1_histone_H4_[Vitis_vinifera]|0.96|0.87	GO:0003677|GO:0030527|GO:0046982
PRED|XP_002281828.1_non-specific_lipid_transfer_protein_GPI-anchored_15_[Vitis_vinifera]|0.98|0.92	GO:0005504|GO:0009627
PRED|XP_002282792.1_non-specific_lipid-transfer_protein_A_[Vitis_vinifera]|0.99|0.87	GO:0006869|GO:0008289
PRED|XP_002283358.1_expansin-A4_[Vitis_vinifera]|0.94|0.71	GO:0005576|GO:0009664
PRED|XP_002283359.2_non-specific_lipid-transfer_protein_1_[Vitis_vinifera]|1.0|0.9	GO:0006869|GO:0008289
PRED|XP_002283832.1_putative_lipid-transfer_protein_DIR1_[Vitis_vinifera]|1.0|0.91	GO:0005504|GO:0009627
PRED|XP_002284158.1_histone_H4_[Vitis_vinifera]|0.96|0.87	GO:0003677|GO:0030527|GO:0046982
PRED|XP_002284277.1_probable_histone_H2B.1_[Vitis_vinifera]|0.55|0.82	GO:0000786|GO:0003677|GO:0030527|GO:0046982
PRED|XP_002284564.1_histone_H4_[Vitis_vinifera]|0.96|0.8	GO:0003677|GO:0030527|GO:0046982
PRED|XP_002284616.2_germin-like_protein_subfamily_1_member_7_[Vitis_vinifera]|0.58|0.72	GO:0030145
PRED|XP_002285813.1_large_ribosomal_subunit_protein_eL30z_[Vitis_vinifera]|0.55|0.73	GO:0003723
PRED|XP_002285814.1_large_ribosomal_subunit_protein_eL30z_[Vitis_vinifera]|0.55|0.73	GO:0003723
PRED|XP_002286413.1_histone_H2A_partial_[Thalassiosira_pseudonana_CCMP1335]|0.72|0.73	GO:0000786|GO:0003677|GO:0030527|GO:0046982
PRED|XP_002286492.1_predicted_protein_partial_[Thalassiosira_pseudonana_CCMP1335]|0.64|0.87	GO:0005739|GO:0045277
PRED|XP_002286797.1_RS30_ribosomal_protein_30_40S_small_ribosomal_subunit_[Thalassiosira_pseudonana_CCMP1335]|0.81|0.85	GO:0003735|GO:0005840|GO:0006412|GO:0022627
PRED|XP_002287682.1_predicted_protein_partial_[Thalassiosira_pseudonana_CCMP1335]|0.75|0.75	GO:0000398|GO:0000974|GO:0005681
PRED|XP_002287685.1_predicted_protein_partial_[Thalassiosira_pseudonana_CCMP1335]|0.77|0.84	GO:0000978|GO:0000981|GO:0005634|GO:0006355
PRED|XP_002287996.1_predicted_protein_partial_[Thalassiosira_pseudonana_CCMP1335]|0.56|0.82	GO:0000978|GO:0000981|GO:0005634|GO:0006355
PRED|XP_002288195.1_histone_H2B_[Thalassiosira_pseudonana_CCMP1335]|0.89|0.87	GO:0000786|GO:0003677|GO:0030527|GO:0046982
PRED|XP_002288196.1_histone_H4_[Thalassiosira_pseudonana_CCMP1335]|0.8|0.83	GO:0003677|GO:0030527|GO:0046982
PRED|XP_002288304.1_predicted_protein_partial_[Thalassiosira_pseudonana_CCMP1335]|0.52|0.91	GO:0003735|GO:0005762|GO:0005840|GO:0006412
PRED|XP_002288595.1_tim22-like_protein_[Thalassiosira_pseudonana_CCMP1335]|0.55|0.85	GO:0008320|GO:0030943|GO:0042721|GO:0045039
PRED|XP_002289248.1_ankyrin_repeat-rich_vertebrate_like_protein_partial_[Thalassiosira_pseudonana_CCMP1335]|0.8|0.8	GO:0000062|GO:0005515
PRED|XP_002290856.1_histone_H2B_[Thalassiosira_pseudonana_CCMP1335]|0.84|0.87	GO:0000786|GO:0003677|GO:0030527|GO:0046982
PRED|XP_002291797.1_predicted_protein_partial_[Thalassiosira_pseudonana_CCMP1335]|0.79|0.91	GO:0005096|GO:0048205
PRED|XP_002292827.1_hypothetical_protein_THAPSDRAFT_263658_partial_[Thalassiosira_pseudonana_CCMP1335]|0.63|0.81	GO:0046906
PRED|XP_002293009.1_histone_H4_[Thalassiosira_pseudonana_CCMP1335]|0.8|0.82	GO:0003677|GO:0030527|GO:0046982
PRED|XP_002293701.1_histone_H3_[Thalassiosira_pseudonana_CCMP1335]|0.53|0.7	GO:0000786|GO:0003677|GO:0030527|GO:0046982
PRED|XP_002293833.1_histone_H2B_[Thalassiosira_pseudonana_CCMP1335]|0.84|0.87	GO:0000786|GO:0003677|GO:0030527|GO:0046982
PRED|XP_002293834.1_histone_H4_[Thalassiosira_pseudonana_CCMP1335]|0.8|0.83	GO:0003677|GO:0030527|GO:0046982
PRED|XP_002294006.1_predicted_protein_[Thalassiosira_pseudonana_CCMP1335]|0.62|0.88	GO:0000786|GO:0003677|GO:0006334|GO:0030527
PRED|XP_002295724.1_predicted_protein_[Thalassiosira_pseudonana_CCMP1335]|0.8|0.83	GO:0003677|GO:0030527|GO:0046982
PRED|XP_002295813.1_predicted_protein_[Thalassiosira_pseudonana_CCMP1335]|0.84|0.78	GO:0000786|GO:0003677|GO:0030527|GO:0046982
PRED|XP_002295814.1_predicted_protein_[Thalassiosira_pseudonana_CCMP1335]|0.81|0.83	GO:0003677|GO:0030527|GO:0046982
PRED|XP_002296170.1_histone_H4_[Thalassiosira_pseudonana_CCMP1335]|0.8|0.83	GO:0003677|GO:0030527|GO:0046982
PRED|XP_002296171.1_histone_H2B_[Thalassiosira_pseudonana_CCMP1335]|0.84|0.87	GO:0000786|GO:0003677|GO:0030527|GO:0046982
PRED|XP_002296562.1_hypothetical_protein_THAPSDRAFT_263786_partial_[Thalassiosira_pseudonana_CCMP1335]|0.93|0.93	GO:0000123|GO:0003713|GO:0004402|GO:0005667|GO:0006355|GO:0016573|GO:0031490|GO:0045944
PRED|XP_002297410.1_predicted_protein_partial_[Thalassiosira_pseudonana_CCMP1335]|0.81|0.76	GO:0003677|GO:0030527
PRED|XP_002298184.1_basic_blue_protein_[Populus_trichocarpa]|0.65|0.93	GO:0005886|GO:0009055
PRED|XP_002300659.1_non-specific_lipid-transfer_protein_13_[Populus_trichocarpa]|0.79|0.77	GO:0006869|GO:0008289
PRED|XP_002301930.3_NADH_dehydrogenase_[ubiquinone]_1_beta_subcomplex_subunit_2_[Populus_trichocarpa]|0.76|0.89	GO:0005743|GO:0045271
PRED|XP_002304998.1_dynein_light_chain_1_cytoplasmic_[Populus_trichocarpa]|0.98|0.89	GO:0005868|GO:0007017|GO:0030286|GO:0045505
PRED|XP_002305034.3_kunitz_trypsin_inhibitor_5_[Populus_trichocarpa]|0.58|0.72	GO:0004866
PRED|XP_002305838.1_non-specific_lipid-transfer_protein_2_[Populus_trichocarpa]|0.97|0.92	GO:0006869
PRED|XP_002305878.3_non-specific_lipid-transfer_protein_1_isoform_X1_[Populus_trichocarpa]|1.0|0.93	GO:0006869|GO:0008289
PRED|XP_002306037.2_expansin-A10_isoform_X2_[Populus_trichocarpa]|0.65|0.71	GO:0005576|GO:0009664
PRED|XP_002306968.1_NADH_dehydrogenase_[ubiquinone]_1_beta_subcomplex_subunit_2_[Populus_trichocarpa]|0.62|0.89	GO:0005743|GO:0045271
PRED|XP_002308250.1_non-specific_lipid-transfer_protein_Cor_a_8.0101_[Populus_trichocarpa]|0.98|0.9	GO:0006869|GO:0008289
PRED|XP_002309061.1_expansin-A6_[Populus_trichocarpa]|0.88|0.79	GO:0005576|GO:0009664
PRED|XP_002309181.2_expansin-A8_[Populus_trichocarpa]|0.77|0.71	GO:0005576|GO:0009664
PRED|XP_002310853.1_histone_H4_[Populus_trichocarpa]|0.96|0.87	GO:0003677|GO:0030527|GO:0046982
PRED|XP_002310855.1_histone_H4_[Populus_trichocarpa]|0.96|0.87	GO:0003677|GO:0030527|GO:0046982
PRED|XP_002310859.1_histone_H4_[Populus_trichocarpa]|0.96|0.87	GO:0003677|GO:0030527|GO:0046982
PRED|XP_002311129.1_histone_H4_[Populus_trichocarpa]|0.96|0.87	GO:0003677|GO:0030527|GO:0046982
PRED|XP_002312129.1_putative_lipid-transfer_protein_DIR1_[Populus_trichocarpa]|0.52|0.82	GO:0005504|GO:0009627
PRED|XP_002312490.3_non-specific_lipid-transfer_protein_4_[Populus_trichocarpa]|0.9|0.88	GO:0005504|GO:0009627
PRED|XP_002313468.2_citrate_synthase_mitochondrial_[Populus_trichocarpa]|0.83|0.85	GO:0046912
PRED|XP_002314213.4_non-specific_lipid-transfer_protein_8_[Populus_trichocarpa]|0.78|0.88	GO:0006869|GO:0008289
PRED|XP_002314750.1_non-specific_lipid-transfer_protein_4_[Populus_trichocarpa]|1.0|0.92	GO:0005504|GO:0009627
PRED|XP_002315218.3_expansin-A4_[Populus_trichocarpa]|0.82|0.73	GO:0005576|GO:0009664
PRED|XP_002315342.1_probable_histone_H2B.3_[Populus_trichocarpa]|0.88|0.84	GO:0000786|GO:0003677|GO:0030527|GO:0046982
PRED|XP_002315392.1_uncharacterized_protein_LOC7469488_[Populus_trichocarpa]|0.86|0.7	GO:0005739|GO:0033617
PRED|XP_002316408.2_probable_histone_H2B.1_[Populus_trichocarpa]|0.79|0.81	GO:0000786|GO:0003677|GO:0030527|GO:0046982
PRED|XP_002317460.1_inhibitor_of_trypsin_and_hageman_factor_[Populus_trichocarpa]|0.64|0.73	GO:0004867|GO:0009611
PRED|XP_002318077.1_40S_ribosomal_protein_S30_[Populus_trichocarpa]|0.95|0.89	GO:0003735|GO:0005840|GO:0006412|GO:0022627
PRED|XP_002318470.1_ubiquitin-60S_ribosomal_protein_L40_[Populus_trichocarpa]|0.88|0.85	GO:0006412
PRED|XP_002319076.2_pro-hevein_[Populus_trichocarpa]|0.99|0.75	GO:0004540|GO:0006952|GO:0008061
PRED|XP_002319077.1_pathogenesis-related_protein_PR-4_[Populus_trichocarpa]|1.0|0.81	GO:0004540|GO:0006952|GO:0008061
PRED|XP_002319521.1_rapid_alkalinization_factor_[Populus_trichocarpa]|0.99|0.77	GO:0009506|GO:0019722
PRED|XP_002320450.2_putative_lipid-transfer_protein_DIR1_[Populus_trichocarpa]|1.0|0.92	GO:0005504|GO:0009627
PRED|XP_002321018.2_protein_RALF-like_1_[Populus_trichocarpa]|0.97|0.82	GO:0009506|GO:0019722
PRED|XP_002321972.1_ubiquitin-60S_ribosomal_protein_L40_[Populus_trichocarpa]|0.88|0.85	GO:0006412
PRED|XP_002322068.3_non-specific_lipid-transfer_protein_2_[Populus_trichocarpa]|0.99|0.91	GO:0006869
PRED|XP_002322202.1_40S_ribosomal_protein_S30_[Populus_trichocarpa]|0.95|0.89	GO:0003735|GO:0005840|GO:0006412|GO:0022627
PRED|XP_002322818.2_ubiquitin-60S_ribosomal_protein_L40_[Populus_trichocarpa]|0.88|0.85	GO:0006412
PRED|XP_002323069.1_non-specific_lipid-transfer_protein_1_[Populus_trichocarpa]|1.0|0.92	GO:0006869|GO:0008289
PRED|XP_002323071.3_non-specific_lipid-transfer_protein_Cor_a_8.0101_[Populus_trichocarpa]|0.79|0.82	GO:0006869|GO:0008289
PRED|XP_002323665.1_expansin-A8_[Populus_trichocarpa]|0.53|0.74	GO:0005576|GO:0009664
PRED|XP_002323667.1_non-specific_lipid-transfer_protein_1_[Populus_trichocarpa]|0.87|0.91	GO:0006869|GO:0008289
PRED|XP_002324472.1_histone_H4_[Populus_trichocarpa]|0.96|0.87	GO:0003677|GO:0030527|GO:0046982
PRED|XP_002324473.1_histone_H4-like_[Populus_trichocarpa]|0.83|0.79	GO:0003677|GO:0030527|GO:0046982
PRED|XP_002324474.1_histone_H4_[Populus_trichocarpa]|0.96|0.87	GO:0003677|GO:0030527|GO:0046982
PRED|XP_002325056.1_histone_H4_[Populus_trichocarpa]|0.96|0.87	GO:0003677|GO:0030527|GO:0046982
PRED|XP_002325098.2_tetraspanin-8_[Populus_trichocarpa]|0.55|0.82	GO:0009734|GO:0016020
PRED|XP_002325735.1_defensin-like_protein_1_[Populus_trichocarpa]|1.0|0.9	GO:0006952
PRED|XP_002325976.1_proteinase_inhibitor_type-2_[Populus_trichocarpa]|0.97|0.88	GO:0004867
PRED|XP_002366181.1_ribosomal_protein_RPS18_[Toxoplasma_gondii_ME49]|0.87|0.71	GO:0003676|GO:0003723|GO:0003735|GO:0005829|GO:0005840|GO:0006412|GO:0015935
PRED|XP_002367426.1_histone_H2Bb_[Toxoplasma_gondii_ME49]|0.99|0.83	GO:0000786|GO:0003677|GO:0030527|GO:0046982
PRED|XP_002368400.1_ribosomal-ubiquitin_protein_RPL40_[Toxoplasma_gondii_ME49]|0.97|0.81	GO:0006412
PRED|XP_002368527.1_ribosomal_protein_RPS30_[Toxoplasma_gondii_ME49]|0.66|0.9	GO:0003735|GO:0005840|GO:0006412|GO:0022627
PRED|XP_002368895.1_ribosomal_protein_RPL29_[Toxoplasma_gondii_ME49]|0.99|0.83	GO:0002181|GO:0003735|GO:0005840|GO:0006412|GO:0022625
PRED|XP_002369244.1_hypothetical_protein_TGME49_286070_[Toxoplasma_gondii_ME49]|0.64|0.77	GO:0005739|GO:0033617
PRED|XP_002436569.1_40S_ribosomal_protein_S30_[Sorghum_bicolor]|0.95|0.89	GO:0003735|GO:0005840|GO:0006412|GO:0022627
PRED|XP_002438510.1_non-specific_lipid-transfer_protein_4_[Sorghum_bicolor]|0.52|0.82	GO:0006869|GO:0008289
PRED|XP_002439160.1_probable_histone_H2A.5_[Sorghum_bicolor]|0.76|0.74	GO:0000786|GO:0003677|GO:0030527|GO:0046982
PRED|XP_002439923.1_histone_H2B.11_[Sorghum_bicolor]|0.74|0.81	GO:0000786|GO:0003677|GO:0030527|GO:0046982
PRED|XP_002439932.1_histone_H4_[Sorghum_bicolor]|0.96|0.87	GO:0003677|GO:0030527|GO:0046982
PRED|XP_002440195.1_non-specific_lipid-transfer_protein_2_[Sorghum_bicolor]|0.92|0.93	GO:0006869
PRED|XP_002440196.1_probable_non-specific_lipid-transfer_protein_2_[Sorghum_bicolor]|0.99|0.93	GO:0006869
PRED|XP_002441223.1_probable_histone_H2A.4_[Sorghum_bicolor]|0.73|0.71	GO:0000786|GO:0003677|GO:0030527|GO:0046982
PRED|XP_002442268.1_protein_RALF-like_22_[Sorghum_bicolor]|0.94|0.87	GO:0009506|GO:0019722
PRED|XP_002442773.2_probable_non-specific_lipid-transfer_protein_3_[Sorghum_bicolor]|0.97|0.92	GO:0006869|GO:0008289
PRED|XP_002442774.1_non-specific_lipid-transfer_protein_[Sorghum_bicolor]|0.99|0.93	GO:0006869|GO:0008289
PRED|XP_002442775.2_non-specific_lipid-transfer_protein_2_[Sorghum_bicolor]|0.93|0.91	GO:0006869|GO:0008289
PRED|XP_002442776.1_non-specific_lipid-transfer_protein_1_isoform_X1_[Sorghum_bicolor]|0.98|0.92	GO:0006869|GO:0008289
PRED|XP_002442777.1_non-specific_lipid-transfer_protein_3_[Sorghum_bicolor]|0.84|0.91	GO:0006869|GO:0008289
PRED|XP_002443260.1_probable_stress-associated_endoplasmic_reticulum_protein_[Sorghum_bicolor]|0.52|0.89	GO:0005783|GO:0030968
PRED|XP_002443276.1_probable_histone_H2AXb_[Sorghum_bicolor]|0.7|0.73	GO:0000786|GO:0003677|GO:0030527|GO:0046982
PRED|XP_002443686.1_non-specific_lipid-transfer_protein_2P_[Sorghum_bicolor]|1.0|0.95	GO:0006869
PRED|XP_002445003.1_non-specific_lipid-transfer_protein_A_[Sorghum_bicolor]|0.94|0.7	GO:0006869|GO:0008289
PRED|XP_002445597.1_histone_H2B.2_[Sorghum_bicolor]|0.92|0.83	GO:0000786|GO:0003677|GO:0030527|GO:0046982
PRED|XP_002445965.1_histone_H2B.3_[Sorghum_bicolor]|0.79|0.82	GO:0000786|GO:0003677|GO:0030527|GO:0046982
PRED|XP_002446446.1_non-specific_lipid_transfer_protein_GPI-anchored_1_[Sorghum_bicolor]|0.63|0.86	GO:0005504|GO:0009627
PRED|XP_002446801.1_defensin_Tm-AMP-D1.2_[Sorghum_bicolor]|1.0|0.95	GO:0006952
PRED|XP_002446987.1_antimicrobial_peptide_1_[Sorghum_bicolor]|0.59|0.83	GO:0006952|GO:0045926
PRED|XP_002446989.1_antimicrobial_peptide_1_[Sorghum_bicolor]|0.97|0.86	GO:0006952|GO:0045926
PRED|XP_002447824.1_26_kDa_endochitinase_2_[Sorghum_bicolor]|0.51|0.78	GO:0004568|GO:0006032|GO:0016998|GO:0050832
PRED|XP_002447932.1_basic_blue_protein_[Sorghum_bicolor]|0.77|0.92	GO:0005886|GO:0009055
PRED|XP_002448395.1_histone_H4_[Sorghum_bicolor]|0.91|0.87	GO:0003677|GO:0030527|GO:0046982
PRED|XP_002449459.1_pathogenesis-related_protein_PR-4_[Sorghum_bicolor]|0.77|0.7	GO:0004540|GO:0006952
PRED|XP_002449772.1_barwin_[Sorghum_bicolor]|0.99|0.85	GO:0004540|GO:0006952
PRED|XP_002451265.1_Bowman-Birk_type_trypsin_inhibitor_[Sorghum_bicolor]|0.98|0.89	GO:0004867|GO:0005576
PRED|XP_002451270.1_Bowman-Birk_type_trypsin_inhibitor_[Sorghum_bicolor]|0.92|0.91	GO:0004867|GO:0005576
PRED|XP_002452484.1_defensin_Tm-AMP-D1.2_[Sorghum_bicolor]|1.0|0.94	GO:0006952
PRED|XP_002452485.1_defensin-like_protein_[Sorghum_bicolor]|1.0|0.81	GO:0006952
PRED|XP_002452607.1_basic_blue_protein_[Sorghum_bicolor]|0.89|0.91	GO:0005886|GO:0009055
PRED|XP_002452743.1_histone_H4_[Sorghum_bicolor]|0.96|0.87	GO:0003677|GO:0030527|GO:0046982
PRED|XP_002454410.1_histone_H2B.5_[Sorghum_bicolor]|0.86|0.81	GO:0000786|GO:0003677|GO:0030527|GO:0046982
PRED|XP_002454730.1_40S_ribosomal_protein_S30_[Sorghum_bicolor]|0.95|0.89	GO:0003735|GO:0005840|GO:0006412|GO:0022627
PRED|XP_002455130.1_histone_H4_[Sorghum_bicolor]|0.96|0.87	GO:0003677|GO:0030527|GO:0046982
PRED|XP_002455131.1_histone_H4_[Sorghum_bicolor]|0.96|0.86	GO:0003677|GO:0030527|GO:0046982
PRED|XP_002455185.1_histone_H2B.1_isoform_X1_[Sorghum_bicolor]|0.94|0.82	GO:0000786|GO:0003677|GO:0030527|GO:0046982
PRED|XP_002455251.1_Bowman-Birk_type_wound-induced_proteinase_inhibitor_WIP1_[Sorghum_bicolor]|0.96|0.89	GO:0004867|GO:0005576
PRED|XP_002455279.1_histone_H2B.1_[Sorghum_bicolor]|0.74|0.82	GO:0000786|GO:0003677|GO:0030527|GO:0046982
PRED|XP_002455446.1_expansin-A11_[Sorghum_bicolor]|0.8|0.73	GO:0005576|GO:0009664
PRED|XP_002456596.1_histone_H4_[Sorghum_bicolor]|0.96|0.86	GO:0003677|GO:0030527|GO:0046982
PRED|XP_002456827.1_EPIDERMAL_PATTERNING_FACTOR-like_protein_9_[Sorghum_bicolor]|0.99|0.84	GO:2000123
PRED|XP_002457286.1_histone_H4_[Sorghum_bicolor]|0.96|0.87	GO:0003677|GO:0030527|GO:0046982
PRED|XP_002457443.1_Bowman-Birk_type_wound-induced_proteinase_inhibitor_WIP1_[Sorghum_bicolor]|0.91|0.94	GO:0004867|GO:0005576
PRED|XP_002457590.1_rapid_alkalinization_factor_[Sorghum_bicolor]|0.64|0.82	GO:0009506|GO:0019722
PRED|XP_002458055.1_histone_H2B.1_[Sorghum_bicolor]|0.81|0.81	GO:0000786|GO:0003677|GO:0030527|GO:0046982
PRED|XP_002458344.1_non-specific_lipid-transfer_protein_2_[Sorghum_bicolor]|1.0|0.88	GO:0006869
PRED|XP_002458690.1_non-specific_lipid-transfer_protein_1_[Sorghum_bicolor]|0.91|0.87	GO:0006869|GO:0008289
PRED|XP_002458735.1_histone_H2B.4_[Sorghum_bicolor]|0.61|0.79	GO:0000786|GO:0003677|GO:0030527|GO:0046982
PRED|XP_002458758.1_Bowman-Birk_type_trypsin_inhibitor_[Sorghum_bicolor]|0.84|0.84	GO:0004867|GO:0005576
PRED|XP_002458759.1_Bowman-Birk_type_trypsin_inhibitor_[Sorghum_bicolor]|0.95|0.86	GO:0004867|GO:0005576
PRED|XP_002458765.1_non-specific_lipid-transfer_protein_[Sorghum_bicolor]|0.9|0.88	GO:0005504|GO:0009627
PRED|XP_002459039.2_rapid_alkalinization_factor_[Sorghum_bicolor]|0.95|0.92	GO:0009506|GO:0019722
PRED|XP_002459460.1_probable_histone_H2A.5_[Sorghum_bicolor]|0.8|0.74	GO:0000786|GO:0003677|GO:0030527|GO:0046982
PRED|XP_002459603.1_defensin_Ec-AMP-D1_[Sorghum_bicolor]|1.0|0.91	GO:0006952
PRED|XP_002459604.1_defensin_Ec-AMP-D1_[Sorghum_bicolor]|1.0|0.91	GO:0006952
PRED|XP_002459605.1_defensin_Ec-AMP-D1_[Sorghum_bicolor]|1.0|0.91	GO:0006952
PRED|XP_002459719.1_putative_lipid-transfer_protein_DIR1_[Sorghum_bicolor]|0.93|0.9	GO:0005504|GO:0009627
PRED|XP_002459740.1_rapid_alkalinization_factor_[Sorghum_bicolor]|0.99|0.87	GO:0009506|GO:0019722
PRED|XP_002459842.1_ubiquitin-60S_ribosomal_protein_L40-2_[Sorghum_bicolor]|0.87|0.86	GO:0006412
PRED|XP_002460099.1_ubiquitin_isoform_X2_[Sorghum_bicolor]|0.93|0.7	GO:0006412
PRED|XP_002460249.1_histone_H2B.3_[Sorghum_bicolor]|0.88|0.81	GO:0000786|GO:0003677|GO:0030527|GO:0046982
PRED|XP_002460250.1_histone_H4_[Sorghum_bicolor]|0.96|0.86	GO:0003677|GO:0030527|GO:0046982
PRED|XP_002460536.1_cytochrome_c_oxidase_assembly_factor_5_[Sorghum_bicolor]|0.55|0.86	GO:0005739|GO:0033617
PRED|XP_002460727.1_ubiquitin_[Sorghum_bicolor]|0.66|0.88	GO:0006412
PRED|XP_002460885.1_defensin-like_protein_[Sorghum_bicolor]|1.0|0.86	GO:0005576|GO:0050832
PRED|XP_002461154.1_histone_H2B.1_[Sorghum_bicolor]|0.89|0.8	GO:0000786|GO:0003677|GO:0030527|GO:0046982
PRED|XP_002462725.1_histone_H2A_[Sorghum_bicolor]|0.8|0.74	GO:0000786|GO:0003677|GO:0030527|GO:0046982
PRED|XP_002462803.1_histone_H4_[Sorghum_bicolor]|0.96|0.85	GO:0003677|GO:0030527|GO:0046982
PRED|XP_002462809.1_ubiquitin_[Sorghum_bicolor]|0.9|0.83	GO:0006412
PRED|XP_002463507.1_probable_histone_H2A.5_[Sorghum_bicolor]|0.84|0.74	GO:0000786|GO:0003677|GO:0030527|GO:0046982
PRED|XP_002463661.1_uncharacterized_protein_LOC8057078_[Sorghum_bicolor]|0.89|0.72	GO:0003735|GO:0005840|GO:0006412
PRED|XP_002464007.1_chemocyanin_[Sorghum_bicolor]|0.74|0.92	GO:0005886|GO:0009055
PRED|XP_002464008.1_basic_blue_protein_[Sorghum_bicolor]|0.74|0.89	GO:0005886|GO:0009055
PRED|XP_002464407.1_non-specific_lipid-transfer_protein_2P_[Sorghum_bicolor]|0.99|0.9	GO:0006869
PRED|XP_002464408.1_non-specific_lipid-transfer_protein_2P_[Sorghum_bicolor]|0.97|0.91	GO:0006869
PRED|XP_002464570.1_expansin-A15_[Sorghum_bicolor]|0.65|0.75	GO:0005576|GO:0009664
PRED|XP_002464572.1_expansin-A31_[Sorghum_bicolor]|0.54|0.88	GO:0005576|GO:0009664
PRED|XP_002464573.1_expansin-A31_[Sorghum_bicolor]|0.55|0.81	GO:0005576|GO:0009664
PRED|XP_002465012.1_histone_H4_[Sorghum_bicolor]|0.96|0.87	GO:0003677|GO:0030527|GO:0046982
PRED|XP_002465459.1_histone_H2A_[Sorghum_bicolor]|0.77|0.71	GO:0000786|GO:0003677|GO:0030527|GO:0046982
PRED|XP_002465593.1_ubiquitin-60S_ribosomal_protein_L40-2_[Sorghum_bicolor]|0.87|0.83	GO:0006412
PRED|XP_002466001.1_non-specific_lipid-transfer_protein_2P_[Sorghum_bicolor]|1.0|0.93	GO:0006869
PRED|XP_002467578.2_defensin-1_[Sorghum_bicolor]|1.0|0.9	GO:0006952
PRED|XP_002468581.1_defensin_Ec-AMP-D2_isoform_X2_[Sorghum_bicolor]|1.0|0.92	GO:0006952
PRED|XP_002468624.1_histone_H4_[Sorghum_bicolor]|0.96|0.87	GO:0003677|GO:0030527|GO:0046982
PRED|XP_002585472.1_60S_ribosomal_protein_L29_putative_[Plasmodium_falciparum_3D7]|0.84|0.87	GO:0002181|GO:0003735|GO:0005840|GO:0006412|GO:0022625
PRED|XP_002661011.3_C-C_motif_chemokine_25_[Danio_rerio]|1.0|0.9	GO:0005576|GO:0006955|GO:0008009
PRED|XP_002662243.1_histone_H4_[Danio_rerio]|0.95|0.84	GO:0003677|GO:0030527|GO:0046982
PRED|XP_002666964.1_histone_H4_[Danio_rerio]|0.95|0.84	GO:0003677|GO:0030527|GO:0046982
PRED|XP_002666990.1_histone_H2B_1/2_[Danio_rerio]|1.0|0.89	GO:0000786|GO:0003677|GO:0030527|GO:0046982
PRED|XP_002667787.2_histone_H1-like_[Danio_rerio]|0.76|0.83	GO:0000786|GO:0003677|GO:0006334|GO:0030527
PRED|XP_002728718.5_small_ribosomal_subunit_protein_eS19-like_[Rattus_norvegicus]|0.5|0.76	GO:0000028|GO:0003723|GO:0003735|GO:0005840|GO:0006412|GO:0022627
PRED|XP_002729988.1_dynein_light_chain_1_cytoplasmic-like_[Rattus_norvegicus]|0.61|0.76	GO:0005868|GO:0007017|GO:0030286|GO:0035721|GO:0044458|GO:0045505
PRED|XP_002808701.1_50S_ribosomal_protein_L14_mitochondrial_putative_[Plasmodium_falciparum_3D7]|0.61|0.91	GO:0003735|GO:0005762|GO:0005840|GO:0006412|GO:0070180
PRED|XP_002808723.1_60S_ribosomal_protein_L39_[Plasmodium_falciparum_3D7]|0.68|0.92	GO:0003735|GO:0005840|GO:0006412|GO:0022625
PRED|XP_002932904.2_interleukin-17D_[Xenopus_tropicalis]|0.88|0.75	GO:0005125|GO:0005576
PRED|XP_002933938.1_histone_H2B_1.1_[Xenopus_tropicalis]|1.0|0.84	GO:0000786|GO:0003677|GO:0030527|GO:0046982
PRED|XP_002933939.1_histone_H2B_1.1_[Xenopus_tropicalis]|1.0|0.84	GO:0000786|GO:0003677|GO:0030527|GO:0046982
PRED|XP_002934915.1_cystatin-C_[Xenopus_tropicalis]|0.88|0.77	GO:0004869|GO:0005615|GO:0005737|GO:0031982|GO:2000117
PRED|XP_002935290.1_cerebral_dopamine_neurotrophic_factor_[Xenopus_tropicalis]|0.69|0.71	GO:0005615|GO:0005783|GO:0031175|GO:0071542
PRED|XP_002935753.1_lysozyme_C_[Xenopus_tropicalis]|1.0|0.9	GO:0003796
PRED|XP_002935843.1_C-C_motif_chemokine_4_homolog_[Xenopus_tropicalis]|1.0|0.88	GO:0005576|GO:0006955|GO:0008009
PRED|XP_002935916.2_cocaine-_and_amphetamine-regulated_transcript_protein_[Xenopus_tropicalis]|0.98|0.86	GO:0005615|GO:0007186|GO:0008343|GO:0009267|GO:0032099|GO:0043410
PRED|XP_002936405.1_mesotocin-neurophysin_MT_[Xenopus_tropicalis]|0.72|0.76	GO:0005184|GO:0005185|GO:0005576|GO:0005615|GO:0030141
PRED|XP_002937491.1_cystatin_[Xenopus_tropicalis]|0.92|0.76	GO:0004869|GO:0005615|GO:0005737|GO:0031982|GO:2000117
PRED|XP_002937572.1_C-type_natriuretic_peptide_1_[Xenopus_tropicalis]|0.92|0.86	GO:0005179|GO:0005576|GO:0006182|GO:0007168
PRED|XP_002938553.2_lysozyme_C_[Xenopus_tropicalis]|0.92|0.84	GO:0003796
PRED|XP_002939172.2_40S_ribosomal_protein_S19_[Xenopus_tropicalis]|0.82|0.73	GO:0000028|GO:0003723|GO:0003735|GO:0005840|GO:0006412|GO:0022627
PRED|XP_002939281.1_lutropin_subunit_beta-like_[Xenopus_tropicalis]|0.61|0.76	GO:0005179|GO:0005576|GO:0005615|GO:0005737|GO:0007186
PRED|XP_002939400.2_endothelin-2_[Xenopus_tropicalis]|0.78|0.74	GO:0003100|GO:0005179|GO:0005576|GO:0005615|GO:0006874|GO:0014826|GO:0019229|GO:0031708|GO:0060585
PRED|XP_002939600.1_growth-regulated_alpha_protein_[Xenopus_tropicalis]|0.93|0.81	GO:0005576|GO:0006955|GO:0008009
PRED|XP_002939964.1_lymphotactin_[Xenopus_tropicalis]|1.0|0.91	GO:0005576|GO:0006955|GO:0008009
PRED|XP_002940507.2_trefoil_factor_2_[Xenopus_tropicalis]|0.7|0.81	GO:0005615
PRED|XP_002940508.1_putative_gastrointestinal_growth_factor_xP1_[Xenopus_tropicalis]|1.0|0.87	GO:0005615|GO:0030277
PRED|XP_002940620.1_C-X-C_motif_chemokine_11-1_[Xenopus_tropicalis]|1.0|0.73	GO:0005576|GO:0006955|GO:0008009
PRED|XP_002940621.2_C-X-C_motif_chemokine_10_[Xenopus_tropicalis]|0.8|0.93	GO:0005576|GO:0006955|GO:0008009
PRED|XP_002940646.1_serine_protease_inhibitor_Kazal-type_2_[Xenopus_tropicalis]|0.96|0.9	GO:0004867
PRED|XP_002940832.1_histone_H2B_1.1_[Xenopus_tropicalis]|1.0|0.86	GO:0000786|GO:0003677|GO:0030527|GO:0046982
PRED|XP_002940879.1_histone_H2B_1.1_[Xenopus_tropicalis]|1.0|0.86	GO:0000786|GO:0003677|GO:0030527|GO:0046982
PRED|XP_002940881.1_histone_H2B_1.1_[Xenopus_tropicalis]|1.0|0.85	GO:0000786|GO:0003677|GO:0030527|GO:0046982
PRED|XP_002941393.1_histone_H2B_1.1_[Xenopus_tropicalis]|1.0|0.85	GO:0000786|GO:0003677|GO:0030527|GO:0046982
PRED|XP_002941394.1_histone_H2B_1.1_[Xenopus_tropicalis]|1.0|0.85	GO:0000786|GO:0003677|GO:0030527|GO:0046982
PRED|XP_002941396.1_histone_H2B_1.1_[Xenopus_tropicalis]|1.0|0.85	GO:0000786|GO:0003677|GO:0030527|GO:0046982
PRED|XP_002941400.1_histone_H2B_1.1_[Xenopus_tropicalis]|1.0|0.85	GO:0000786|GO:0003677|GO:0030527|GO:0046982
PRED|XP_002941815.1_interleukin-8_[Xenopus_tropicalis]|0.97|0.88	GO:0005576|GO:0006955|GO:0008009
PRED|XP_002942338.1_histone_H4_[Xenopus_tropicalis]|0.95|0.84	GO:0003677|GO:0030527|GO:0046982
PRED|XP_002942576.1_interleukin-8_[Xenopus_tropicalis]|0.52|0.75	GO:0005576|GO:0006955|GO:0008009
PRED|XP_002942901.2_histone_H1B-like_[Xenopus_tropicalis]|0.6|0.85	GO:0000786|GO:0003677|GO:0006334|GO:0030527
PRED|XP_002942903.3_histone_H2B_1.1_[Xenopus_tropicalis]|0.98|0.87	GO:0000786|GO:0003677|GO:0030527|GO:0046982
PRED|XP_002943003.1_cholecystokinin_B_isoform_X1_[Xenopus_tropicalis]|0.5|0.72	GO:0005179|GO:0005184|GO:0005576|GO:0005615|GO:0007586|GO:0030424
PRED|XP_002943313.1_histone_H2B_1.1_[Xenopus_tropicalis]|0.98|0.87	GO:0000786|GO:0003677|GO:0030527|GO:0046982
PRED|XP_002943394.1_histone_H2B_1.1_[Xenopus_tropicalis]|1.0|0.85	GO:0000786|GO:0003677|GO:0030527|GO:0046982
PRED|XP_002944417.2_somatostatin-1_[Xenopus_tropicalis]|0.89|0.83	GO:0005179|GO:0005576
PRED|XP_002944964.1_histone_H3_[Xenopus_tropicalis]|0.58|0.7	GO:0000786|GO:0003677|GO:0030527|GO:0046982
PRED|XP_002960979.1_40S_ribosomal_protein_S30_[Selaginella_moellendorffii]|0.97|0.87	GO:0003735|GO:0005840|GO:0006412|GO:0022627
PRED|XP_002961058.2_expansin-A7_[Selaginella_moellendorffii]|0.96|0.77	GO:0005576|GO:0009664
PRED|XP_002963891.2_cytochrome_c_oxidase_copper_chaperone_2_[Selaginella_moellendorffii]|0.84|0.86	GO:0005507|GO:0005758|GO:0016531
PRED|XP_002964594.2_anaphase-promoting_complex_subunit_11_[Selaginella_moellendorffii]|0.97|0.93	GO:0005680|GO:0008270|GO:0031145|GO:0061630|GO:0097602
PRED|XP_002965315.1_probable_stress-associated_endoplasmic_reticulum_protein_[Selaginella_moellendorffii]|0.83|0.87	GO:0005783|GO:0030968
PRED|XP_002965743.1_histone_H4_[Selaginella_moellendorffii]|0.97|0.86	GO:0003677|GO:0030527|GO:0046982
PRED|XP_002965901.2_EPIDERMAL_PATTERNING_FACTOR-like_protein_9_[Selaginella_moellendorffii]|1.0|0.77	GO:2000123
PRED|XP_002966951.2_expansin-A7_[Selaginella_moellendorffii]|0.95|0.73	GO:0005576|GO:0009664
PRED|XP_002967031.1_40S_ribosomal_protein_S30_[Selaginella_moellendorffii]|0.97|0.87	GO:0003735|GO:0005840|GO:0006412|GO:0022627
PRED|XP_002967592.2_40S_ribosomal_protein_S30_[Selaginella_moellendorffii]|0.97|0.87	GO:0003735|GO:0005840|GO:0006412|GO:0022627
PRED|XP_002968747.1_expansin-A11_[Selaginella_moellendorffii]|0.93|0.71	GO:0005576|GO:0009664
PRED|XP_002972040.2_zinc_finger_AN1_and_C2H2_domain-containing_stress-associated_protein_16_partial_[Selaginella_moellendorffii]|0.6|0.78	GO:0005737|GO:0008270
PRED|XP_002972673.1_non-specific_lipid-transfer_protein_Cw18_[Selaginella_moellendorffii]|0.92|0.87	GO:0006869|GO:0008289
PRED|XP_002974158.2_expansin-A2_[Selaginella_moellendorffii]|0.68|0.72	GO:0005576|GO:0009664
PRED|XP_002974390.2_ubiquitin-60S_ribosomal_protein_L40_[Selaginella_moellendorffii]|0.88|0.85	GO:0006412
PRED|XP_002975449.1_uncharacterized_protein_LOC9629578_[Selaginella_moellendorffii]|0.69|0.91	GO:0005504|GO:0009627
PRED|XP_002975853.1_histone_H4_[Selaginella_moellendorffii]|0.97|0.87	GO:0003677|GO:0030527|GO:0046982
PRED|XP_002977016.1_histone_H4_[Selaginella_moellendorffii]|0.97|0.87	GO:0003677|GO:0030527|GO:0046982
PRED|XP_002980754.1_histone_H4_[Selaginella_moellendorffii]|0.97|0.86	GO:0003677|GO:0030527|GO:0046982
PRED|XP_002980939.1_V-type_proton_ATPase_subunit_e2_[Selaginella_moellendorffii]|0.95|0.78	GO:0033179|GO:0046961|GO:0055085|GO:1902600
PRED|XP_002981753.2_40S_ribosomal_protein_S30_[Selaginella_moellendorffii]|0.97|0.87	GO:0003735|GO:0005840|GO:0006412|GO:0022627
PRED|XP_002981870.2_antimicrobial_peptide_1_[Selaginella_moellendorffii]|1.0|0.93	GO:0006952|GO:0045926
PRED|XP_002981961.2_antimicrobial_peptide_1_[Selaginella_moellendorffii]|1.0|0.93	GO:0006952|GO:0045926
PRED|XP_002981963.2_antimicrobial_peptide_1_[Selaginella_moellendorffii]|1.0|0.95	GO:0006952|GO:0045926
PRED|XP_002981964.1_antimicrobial_peptide_1_[Selaginella_moellendorffii]|1.0|0.95	GO:0006952|GO:0045926
PRED|XP_002981965.1_antimicrobial_peptide_1_[Selaginella_moellendorffii]|1.0|0.95	GO:0006952|GO:0045926
PRED|XP_002981966.1_antimicrobial_peptide_1_[Selaginella_moellendorffii]|1.0|0.95	GO:0006952|GO:0045926
PRED|XP_002981967.2_antimicrobial_peptide_1_[Selaginella_moellendorffii]|1.0|0.94	GO:0006952|GO:0045926
PRED|XP_002982940.2_antimicrobial_peptide_1_[Selaginella_moellendorffii]|0.62|0.92	GO:0006952|GO:0045926
PRED|XP_002982941.2_antimicrobial_peptide_1_[Selaginella_moellendorffii]|1.0|0.95	GO:0006952|GO:0045926
PRED|XP_002982942.2_antimicrobial_peptide_1_[Selaginella_moellendorffii]|1.0|0.95	GO:0006952|GO:0045926
PRED|XP_002982944.2_antimicrobial_peptide_1_[Selaginella_moellendorffii]|1.0|0.95	GO:0006952|GO:0045926
PRED|XP_002982946.2_antimicrobial_peptide_1_[Selaginella_moellendorffii]|1.0|0.95	GO:0006952|GO:0045926
PRED|XP_002982947.2_antimicrobial_peptide_1_[Selaginella_moellendorffii]|1.0|0.95	GO:0006952|GO:0045926
PRED|XP_002985687.2_ubiquitin-60S_ribosomal_protein_L40_[Selaginella_moellendorffii]|0.88|0.86	GO:0006412
PRED|XP_002988801.2_anaphase-promoting_complex_subunit_11_[Selaginella_moellendorffii]|0.87|0.8	GO:0005680|GO:0008270|GO:0031145|GO:0061630|GO:0097602
PRED|XP_002989319.1_V-type_proton_ATPase_subunit_e2_[Selaginella_moellendorffii]|0.95|0.78	GO:0033179|GO:0046961|GO:0055085|GO:1902600
PRED|XP_002990633.1_expansin-A11_[Selaginella_moellendorffii]|0.93|0.71	GO:0005576|GO:0009664
PRED|XP_003199924.1_ovomucoid_[Danio_rerio]|0.99|0.91	GO:0004867
PRED|XP_003201459.1_eotaxin_[Danio_rerio]|0.97|0.9	GO:0005576|GO:0006955|GO:0008009
PRED|XP_003214730.1_follitropin_subunit_beta_[Anolis_carolinensis]|0.69|0.8	GO:0005179|GO:0005576|GO:0005615|GO:0005737|GO:0007186|GO:0016913|GO:0042699
PRED|XP_003216117.1_histone_H3.3A_[Anolis_carolinensis]|0.5|0.74	GO:0000786|GO:0003677|GO:0030527|GO:0046982
PRED|XP_003216177.1_ubiquitin-ribosomal_protein_eS31_fusion_protein_[Anolis_carolinensis]|0.75|0.75	GO:0003735|GO:0005840|GO:0006412
PRED|XP_003216710.2_lysozyme_C_milk_isozyme_[Anolis_carolinensis]|1.0|0.94	GO:0003796
PRED|XP_003216816.1_relaxin-3_[Anolis_carolinensis]|0.97|0.72	GO:0001664|GO:0005179|GO:0005576
PRED|XP_003217253.1_histone_H3.3A_[Anolis_carolinensis]|0.5|0.74	GO:0000786|GO:0003677|GO:0030527|GO:0046982
PRED|XP_003217690.1_large_ribosomal_subunit_protein_eL29_[Anolis_carolinensis]|0.54|0.88	GO:0002181|GO:0003735|GO:0005840|GO:0006412|GO:0022625
PRED|XP_003219385.1_vitelline_membrane_outer_layer_protein_1_[Anolis_carolinensis]|0.88|0.73	GO:0005615
PRED|XP_003220525.1_reactive_oxygen_species_modulator_1_[Anolis_carolinensis]|1.0|0.8	GO:0005744|GO:0030150|GO:0045039
PRED|XP_003221098.1_histone_H2B_7_[Anolis_carolinensis]|0.99|0.85	GO:0000786|GO:0003677|GO:0030527|GO:0046982
PRED|XP_003221125.1_matrix_Gla_protein_[Anolis_carolinensis]|0.67|0.8	GO:0005576|GO:0030500|GO:0031012
PRED|XP_003221386.1_chemokine-like_protein_TAFA-5_isoform_X6_[Anolis_carolinensis]|0.85|0.83	GO:0001664|GO:0005615|GO:0007186|GO:0048018
PRED|XP_003222177.1_von_Willebrand_factor_D_and_EGF_domain-containing_protein_[Anolis_carolinensis]|0.94|0.91	GO:0001568|GO:0005102|GO:0005576|GO:0007368|GO:0007507|GO:0009952|GO:0009986|GO:0038092|GO:0038100|GO:0048856|GO:0070697
PRED|XP_003222458.2_growth-regulated_alpha_protein_[Anolis_carolinensis]|0.99|0.75	GO:0005576|GO:0006955|GO:0008009
PRED|XP_003222905.1_histone_H3.3A_[Anolis_carolinensis]|0.5|0.74	GO:0000786|GO:0003677|GO:0030527|GO:0046982
PRED|XP_003223861.2_ribonuclease_[Anolis_carolinensis]|0.94|0.81	GO:0003676|GO:0004540|GO:0050830
PRED|XP_003223927.3_angiogenin-2_[Anolis_carolinensis]|0.98|0.94	GO:0003676|GO:0004540|GO:0050830
PRED|XP_003223969.1_lymphocyte_antigen_6E_[Anolis_carolinensis]|0.78|0.77	GO:0005886|GO:0030550
PRED|XP_003223970.2_lymphocyte_antigen_6E_[Anolis_carolinensis]|0.96|0.79	GO:0005886|GO:0030550
PRED|XP_003223971.1_lymphocyte_antigen_6E_[Anolis_carolinensis]|1.0|0.84	GO:0005886|GO:0030550
PRED|XP_003223972.1_lymphocyte_antigen_6E_[Anolis_carolinensis]|0.96|0.78	GO:0005886|GO:0030550
PRED|XP_003223985.1_C-X-C_motif_chemokine_14_[Anolis_carolinensis]|1.0|0.87	GO:0005576|GO:0006955|GO:0008009
PRED|XP_003224003.1_cholecystokinin_[Anolis_carolinensis]|0.58|0.77	GO:0005179|GO:0005184|GO:0005576|GO:0005615|GO:0007586|GO:0030424
PRED|XP_003224522.1_histone_H2B_5_[Anolis_carolinensis]|1.0|0.85	GO:0000786|GO:0003677|GO:0030527|GO:0046982
PRED|XP_003224527.1_histone_H4_[Anolis_carolinensis]|0.95|0.83	GO:0003677|GO:0030527|GO:0046982
PRED|XP_003224978.1_trypsin-3_[Anolis_carolinensis]|0.64|0.85	GO:0004252|GO:0005615|GO:0006508
PRED|XP_003224979.1_trypsin-3_[Anolis_carolinensis]|0.66|0.74	GO:0030141
PRED|XP_003225091.1_histone_H4_[Anolis_carolinensis]|0.95|0.84	GO:0003677|GO:0030527|GO:0046982
PRED|XP_003225094.1_histone_H4_[Anolis_carolinensis]|0.95|0.81	GO:0003677|GO:0030527|GO:0046982
PRED|XP_003225400.1_chymotrypsin-like_protease_CTRL-1_[Anolis_carolinensis]|0.7|0.72	GO:0004252|GO:0006508
PRED|XP_003225443.3_stromal_cell-derived_factor_1_isoform_X1_[Anolis_carolinensis]|0.58|0.92	GO:0005576|GO:0006955|GO:0008009
PRED|XP_003225543.2_C-type_natriuretic_peptide_[Anolis_carolinensis]|0.88|0.78	GO:0005179|GO:0005576|GO:0006182|GO:0007168
PRED|XP_003225775.1_histone_H2A.Z_[Anolis_carolinensis]|0.65|0.79	GO:0046982
PRED|XP_003225844.1_lysozyme_C_milk_isozyme_[Anolis_carolinensis]|1.0|0.91	GO:0003796
PRED|XP_003226051.1_phospholipase_A2_[Anolis_carolinensis]|1.0|0.91	GO:0004623|GO:0005102|GO:0005509|GO:0005543|GO:0006633|GO:0006644|GO:0016042|GO:0047498|GO:0048146
PRED|XP_003226698.1_histone_H2B_5_[Anolis_carolinensis]|1.0|0.87	GO:0000786|GO:0003677|GO:0030527|GO:0046982
PRED|XP_003226700.1_histone_H2B_5_[Anolis_carolinensis]|1.0|0.86	GO:0000786|GO:0003677|GO:0030527|GO:0046982
PRED|XP_003226896.1_pleiotrophin_[Anolis_carolinensis]|1.0|0.83	GO:0005576|GO:0008083
PRED|XP_003227270.1_histone_H2B_5_[Anolis_carolinensis]|1.0|0.86	GO:0000786|GO:0003677|GO:0030527|GO:0046982
PRED|XP_003227271.1_histone_H2B_5_[Anolis_carolinensis]|0.99|0.79	GO:0000786|GO:0003677|GO:0030527|GO:0046982
PRED|XP_003227273.1_histone_H2B_1/2/3/4/6_[Anolis_carolinensis]|1.0|0.86	GO:0000786|GO:0003677|GO:0030527|GO:0046982
PRED|XP_003227275.1_histone_H2B_5_[Anolis_carolinensis]|1.0|0.85	GO:0000786|GO:0003677|GO:0030527|GO:0046982
PRED|XP_003227420.1_non-histone_chromosomal_protein_HMG-17_isoform_X2_[Anolis_carolinensis]|0.91|0.8	GO:0000785|GO:0003682|GO:0005634|GO:0006325|GO:0031492
PRED|XP_003227623.1_cationic_trypsin-3_[Anolis_carolinensis]|0.74|0.77	GO:0004252|GO:0005615|GO:0006508
PRED|XP_003227624.1_trypsin_I-P38_[Anolis_carolinensis]|0.9|0.79	GO:0004252|GO:0005615|GO:0006508
PRED|XP_003228198.1_protein_Bouncer_[Anolis_carolinensis]|0.81|0.79	GO:0016020|GO:0035036
PRED|XP_003228249.1_short_transmembrane_mitochondrial_protein_1_[Anolis_carolinensis]|0.73|0.82	GO:0005746
PRED|XP_003229325.2_angiogenin_isoform_X2_[Anolis_carolinensis]|0.99|0.86	GO:0003676|GO:0004540|GO:0050830
PRED|XP_003229327.3_angiogenin_[Anolis_carolinensis]|0.99|0.84	GO:0003676|GO:0004540|GO:0050830
PRED|XP_003229328.1_angiogenin_[Anolis_carolinensis]|0.99|0.78	GO:0003676|GO:0004540|GO:0050830
PRED|XP_003229543.1_large_ribosomal_subunit_protein_eL39_[Anolis_carolinensis]|0.69|0.9	GO:0003735|GO:0005840|GO:0006412|GO:0022625
PRED|XP_003229662.1_hemoglobin_subunit_beta-1_[Anolis_carolinensis]|0.97|0.79	GO:0004601|GO:0005344|GO:0005833|GO:0015671|GO:0019825|GO:0020037|GO:0031720|GO:0031838|GO:0042744|GO:0043177|GO:0072562
PRED|XP_003230087.1_interleukin-8_[Anolis_carolinensis]|1.0|0.85	GO:0005576|GO:0006955|GO:0008009
PRED|XP_003230264.1_ubiquitin-like_FUBI-ribosomal_protein_eS30_fusion_protein_[Anolis_carolinensis]|0.92|0.89	GO:0003735|GO:0005840|GO:0006412|GO:0022627
PRED|XP_003249755.1_uncharacterized_protein_LOC100577341_[Apis_mellifera]|0.54|0.72	GO:0005761
PRED|XP_003249808.1_U8-agatoxin-Ao1a_isoform_X2_[Apis_mellifera]|0.67|0.91	GO:0005576|GO:0008200
PRED|XP_003249809.1_U8-agatoxin-Ao1a_isoform_X1_[Apis_mellifera]|0.52|0.92	GO:0005576|GO:0008200
PRED|XP_003251221.1_histone_H4_[Apis_mellifera]|0.96|0.84	GO:0003677|GO:0030527|GO:0046982
PRED|XP_003251367.1_ubiquitin-60S_ribosomal_protein_L40_[Apis_mellifera]|0.97|0.94	GO:0006412
PRED|XP_003251406.1_histone_H2B_[Apis_mellifera]|1.0|0.87	GO:0000786|GO:0003677|GO:0030527|GO:0046982
PRED|XP_003251624.1_histone_H4_[Apis_mellifera]|0.96|0.84	GO:0003677|GO:0030527|GO:0046982
PRED|XP_003251626.1_histone_H2B_[Apis_mellifera]|1.0|0.87	GO:0000786|GO:0003677|GO:0030527|GO:0046982
PRED|XP_003435814.1_diuretic_hormone_class_2_[Anopheles_gambiae]|0.68|0.78	GO:0001664|GO:0005615|GO:0007589|GO:0008613
PRED|XP_003516421.1_non-specific_lipid-transfer_protein_1_[Glycine_max]|0.99|0.93	GO:0006869|GO:0008289
PRED|XP_003517420.1_40S_ribosomal_protein_S30_[Glycine_max]|0.95|0.89	GO:0003735|GO:0005840|GO:0006412|GO:0022627
PRED|XP_003519349.1_expansin-A4_[Glycine_max]|0.78|0.7	GO:0005576|GO:0009664
PRED|XP_003521335.1_histone_H4_[Glycine_max]|0.96|0.87	GO:0003677|GO:0030527|GO:0046982
PRED|XP_003521344.1_probable_histone_H2B.3_[Glycine_max]|0.93|0.8	GO:0000786|GO:0003677|GO:0030527|GO:0046982
PRED|XP_003522081.1_non-specific_lipid-transfer_protein_1_[Glycine_max]|0.57|0.84	GO:0006869|GO:0008289
PRED|XP_003522128.1_non-specific_lipid-transfer_protein_1_[Glycine_max]|0.99|0.92	GO:0006869|GO:0008289
PRED|XP_003522131.1_non-specific_lipid-transfer_protein_1_[Glycine_max]|1.0|0.89	GO:0006869|GO:0008289
PRED|XP_003523336.1_ubiquitin-60S_ribosomal_protein_L40_[Glycine_max]|0.87|0.86	GO:0006412
PRED|XP_003525155.1_defensin-like_protein_1_[Glycine_max]|1.0|0.96	GO:0006952
PRED|XP_003525848.1_40S_ribosomal_protein_S30_[Glycine_max]|0.95|0.89	GO:0003735|GO:0005840|GO:0006412|GO:0022627
PRED|XP_003526024.1_uncharacterized_protein_At4g33100_[Glycine_max]|0.51|0.83	GO:0005634|GO:0005758|GO:0005829|GO:0045332|GO:1990050
PRED|XP_003526741.1_ubiquitin-60S_ribosomal_protein_L40_[Glycine_max]|0.87|0.85	GO:0006412
PRED|XP_003526858.1_cell_wall_/_vacuolar_inhibitor_of_fructosidase_2_[Glycine_max]|0.86|0.74	GO:0004857|GO:0043086
PRED|XP_003526900.1_defensin_Ec-AMP-D2_[Glycine_max]|1.0|0.9	GO:0006952
PRED|XP_003529127.1_non-specific_lipid_transfer_protein_GPI-anchored_5_[Glycine_max]|0.71|0.78	GO:0005504|GO:0009627
PRED|XP_003529476.1_expansin-A15_[Glycine_max]|0.79|0.72	GO:0005576|GO:0009664
PRED|XP_003529566.1_protein_RALF-like_33_[Glycine_max]|0.75|0.87	GO:0009506|GO:0019722
PRED|XP_003530550.2_non-specific_lipid_transfer_protein_GPI-anchored_15_[Glycine_max]|1.0|0.91	GO:0005504|GO:0009627
PRED|XP_003530774.2_putative_lipid-transfer_protein_DIR1_[Glycine_max]|0.75|0.82	GO:0005504|GO:0009627
PRED|XP_003534064.1_Bowman-Birk_type_proteinase_inhibitor_C-II_[Glycine_max]|0.99|0.8	GO:0004867|GO:0005576
PRED|XP_003534626.2_NADH_dehydrogenase_[ubiquinone]_1_alpha_subcomplex_subunit_1_[Glycine_max]|0.91|0.83	GO:0005747
PRED|XP_003535225.1_histone_H4_[Glycine_max]|0.9|0.89	GO:0003677|GO:0030527|GO:0046982
PRED|XP_003535987.1_histone_H4_[Glycine_max]|0.96|0.87	GO:0003677|GO:0030527|GO:0046982
PRED|XP_003536069.1_rapid_alkalinization_factor_[Glycine_max]|0.77|0.8	GO:0009506|GO:0019722
PRED|XP_003536124.2_pathogenesis-related_protein_PR-4_[Glycine_max]|0.59|0.76	GO:0004540|GO:0006952
PRED|XP_003536811.1_60S_ribosomal_protein_L30_[Glycine_max]|0.63|0.89	GO:0003723
PRED|XP_003538012.1_probable_histone_H2B.1_[Glycine_max]|0.84|0.82	GO:0000786|GO:0003677|GO:0030527|GO:0046982
PRED|XP_003538258.1_histone_H4_[Glycine_max]|0.96|0.87	GO:0003677|GO:0030527|GO:0046982
PRED|XP_003538259.1_histone_H4_[Glycine_max]|0.96|0.87	GO:0003677|GO:0030527|GO:0046982
PRED|XP_003538260.1_histone_H4_[Glycine_max]|0.96|0.87	GO:0003677|GO:0030527|GO:0046982
PRED|XP_003538409.1_expansin-A6_[Glycine_max]|0.91|0.71	GO:0005576|GO:0009664
PRED|XP_003538432.1_uncharacterized_protein_[Glycine_max]|0.66|0.89	GO:0005504|GO:0009627
PRED|XP_003538817.1_40S_ribosomal_protein_S30_[Glycine_max]|0.95|0.89	GO:0003735|GO:0005840|GO:0006412|GO:0022627
PRED|XP_003539251.1_phytosulfokines_[Glycine_max]|0.94|0.74	GO:0005576|GO:0008083|GO:0008283
PRED|XP_003539363.1_protein_RALF-like_34_[Glycine_max]|0.73|0.89	GO:0009506|GO:0019722
PRED|XP_003539696.1_probable_histone_H2B.1_[Glycine_max]|0.86|0.82	GO:0000786|GO:0003677|GO:0030527|GO:0046982
PRED|XP_003539748.1_histone_H4_[Glycine_max]|0.96|0.86	GO:0003677|GO:0030527|GO:0046982
PRED|XP_003540207.1_histone_H2B.3_[Glycine_max]|0.89|0.85	GO:0000786|GO:0003677|GO:0030527|GO:0046982
PRED|XP_003540566.1_NADH_dehydrogenase_[ubiquinone]_1_beta_subcomplex_subunit_2_[Glycine_max]|0.83|0.88	GO:0005743|GO:0045271
PRED|XP_003542467.1_probable_histone_H2B.3_[Glycine_max]|0.87|0.82	GO:0000786|GO:0003677|GO:0030527|GO:0046982
PRED|XP_003542580.3_histone_H4_[Glycine_max]|0.96|0.86	GO:0003677|GO:0030527|GO:0046982
PRED|XP_003542740.1_protein_RALF-like_19_[Glycine_max]|0.91|0.88	GO:0009506|GO:0019722
PRED|XP_003542811.3_albumin-1_[Glycine_max]|0.71|0.79	GO:0045735
PRED|XP_003543246.1_defensin-like_protein_[Glycine_max]|1.0|0.93	GO:0006952
PRED|XP_003543443.1_probable_histone_H2B.3_[Glycine_max]|0.93|0.84	GO:0000786|GO:0003677|GO:0030527|GO:0046982
PRED|XP_003543517.1_expansin-A4_[Glycine_max]|0.85|0.71	GO:0005576|GO:0009664
PRED|XP_003543578.1_endochitinase_PR4_[Glycine_max]|0.83|0.78	GO:0004568|GO:0006032|GO:0016998
PRED|XP_003544219.1_expansin-A6_[Glycine_max]|0.71|0.7	GO:0005576|GO:0009664
PRED|XP_003544720.1_Bowman-Birk_type_proteinase_inhibitor_C-II_[Glycine_max]|0.99|0.81	GO:0004867|GO:0005576
PRED|XP_003544868.1_histone_H4_[Glycine_max]|0.96|0.86	GO:0003677|GO:0030527|GO:0046982
PRED|XP_003546194.1_probable_stress-associated_endoplasmic_reticulum_protein_[Glycine_max]|0.62|0.73	GO:0005783|GO:0030968
PRED|XP_003546844.2_non-specific_lipid-transfer_protein_8_[Glycine_max]|0.98|0.93	GO:0006869|GO:0008289
PRED|XP_003547326.1_expansin-A4_isoform_X2_[Glycine_max]|0.96|0.71	GO:0005576|GO:0009664
PRED|XP_003549448.1_histone_H4_[Glycine_max]|0.96|0.87	GO:0003677|GO:0030527|GO:0046982
PRED|XP_003550267.1_protein_RALF-like_33_[Glycine_max]|0.62|0.87	GO:0009506|GO:0019722
PRED|XP_003551726.1_V-type_proton_ATPase_subunit_e1_[Glycine_max]|0.94|0.72	GO:0033179|GO:0046961|GO:0055085|GO:1902600
PRED|XP_003552064.1_expansin-A4_[Glycine_max]|0.56|0.74	GO:0005576|GO:0009664
PRED|XP_003552173.1_expansin-A4_[Glycine_max]|0.53|0.72	GO:0005576|GO:0009664
PRED|XP_003552331.1_NADH_dehydrogenase_[ubiquinone]_1_alpha_subcomplex_subunit_1_[Glycine_max]|0.82|0.82	GO:0005747
PRED|XP_003552642.1_60S_ribosomal_protein_L30_[Glycine_max]|0.56|0.89	GO:0003723
PRED|XP_003552697.1_uncharacterized_protein_[Glycine_max]|0.96|0.9	GO:0005504|GO:0009627
PRED|XP_003552717.1_non-specific_lipid-transfer_protein_2_[Glycine_max]|0.96|0.94	GO:0006869
PRED|XP_003552923.2_expansin-A6_[Glycine_max]|0.92|0.7	GO:0005576|GO:0009664
PRED|XP_003553202.1_non-specific_lipid-transfer_protein_1_[Glycine_max]|0.71|0.88	GO:0006869|GO:0008289
PRED|XP_003554448.1_ubiquitin-60S_ribosomal_protein_L40_[Glycine_max]|0.87|0.86	GO:0006412
PRED|XP_003554624.1_GATA_transcription_factor_17_[Glycine_max]|0.87|0.71	GO:0006355|GO:0008270|GO:0043565
PRED|XP_003554709.1_pathogenesis-related_protein_PR-4_[Glycine_max]|0.97|0.8	GO:0004540|GO:0006952|GO:0008061
PRED|XP_003555742.1_histone_H4_[Glycine_max]|0.96|0.87	GO:0003677|GO:0030527|GO:0046982
PRED|XP_003557115.1_V-type_proton_ATPase_subunit_e1_[Brachypodium_distachyon]|0.63|0.85	GO:0033179|GO:0046961|GO:0055085|GO:1902600
PRED|XP_003557178.1_Bowman-Birk_type_trypsin_inhibitor_TI1_isoform_X1_[Brachypodium_distachyon]|0.6|0.85	GO:0004867|GO:0005576
PRED|XP_003557587.1_thionin_BTH7_[Brachypodium_distachyon]|1.0|0.77	GO:0006952
PRED|XP_003557588.1_thionin_BTH7_[Brachypodium_distachyon]|0.97|0.83	GO:0006952
PRED|XP_003557597.1_thionin_BTH7_[Brachypodium_distachyon]|0.95|0.77	GO:0006952
PRED|XP_003557745.1_histone_H4_[Brachypodium_distachyon]|0.96|0.87	GO:0003677|GO:0030527|GO:0046982
PRED|XP_003557764.1_histone_H4_[Brachypodium_distachyon]|0.96|0.87	GO:0003677|GO:0030527|GO:0046982
PRED|XP_003558214.1_histone_H2A_[Brachypodium_distachyon]|0.9|0.7	GO:0000786|GO:0003677|GO:0030527|GO:0046982
PRED|XP_003558216.1_histone_H2B.1_[Brachypodium_distachyon]|0.94|0.82	GO:0000786|GO:0003677|GO:0030527|GO:0046982
PRED|XP_003558370.1_histone_H4_[Brachypodium_distachyon]|0.96|0.87	GO:0003677|GO:0030527|GO:0046982
PRED|XP_003558419.1_ubiquitin-60S_ribosomal_protein_L40-2_[Brachypodium_distachyon]|0.87|0.86	GO:0006412
PRED|XP_003558954.1_histone_H4_[Brachypodium_distachyon]|0.96|0.87	GO:0003677|GO:0030527|GO:0046982
PRED|XP_003558992.1_non-specific_lipid-transfer_protein_2P_[Brachypodium_distachyon]|0.98|0.94	GO:0006869
PRED|XP_003559616.1_auxin-responsive_protein_SAUR71_[Brachypodium_distachyon]|0.59|0.71	GO:0009733
PRED|XP_003559814.1_rapid_alkalinization_factor_23_[Brachypodium_distachyon]|0.56|0.76	GO:0009506|GO:0019722
PRED|XP_003560506.1_probable_histone_H2AXa_[Brachypodium_distachyon]|0.56|0.71	GO:0000786|GO:0003677|GO:0030527|GO:0046982
PRED|XP_003560817.1_basic_blue_protein_[Brachypodium_distachyon]|0.99|0.89	GO:0005886|GO:0009055
PRED|XP_003561291.1_alpha-amylase/trypsin_inhibitor_[Brachypodium_distachyon]|0.53|0.8	GO:0004867
PRED|XP_003561293.1_17kDa_alpha-amylase/trypsin_inhibitor_1_[Brachypodium_distachyon]|0.85|0.75	GO:0004867
PRED|XP_003561421.2_leaf-specific_thionin_DB4_[Brachypodium_distachyon]|1.0|0.76	GO:0006952
PRED|XP_003561647.1_protein_RALF-like_22_[Brachypodium_distachyon]|0.6|0.72	GO:0009506|GO:0019722
PRED|XP_003562142.1_defensin_Ec-AMP-D1_[Brachypodium_distachyon]|1.0|0.94	GO:0006952
PRED|XP_003562309.1_chemocyanin_[Brachypodium_distachyon]|0.88|0.89	GO:0005886|GO:0009055
PRED|XP_003562551.1_putative_lipid-transfer_protein_DIR1_[Brachypodium_distachyon]|0.99|0.95	GO:0005504|GO:0009627
PRED|XP_003562719.1_non-specific_lipid-transfer_protein_4_[Brachypodium_distachyon]|0.92|0.92	GO:0006869|GO:0008289
PRED|XP_003563255.1_basic_endochitinase_C_[Brachypodium_distachyon]|0.93|0.76	GO:0004568|GO:0005975|GO:0006032|GO:0016998|GO:0050832
PRED|XP_003563269.1_NADH_dehydrogenase_[ubiquinone]_1_beta_subcomplex_subunit_2_[Brachypodium_distachyon]|0.62|0.84	GO:0005743|GO:0045271
PRED|XP_003563517.1_Bowman-Birk_type_trypsin_inhibitor_[Brachypodium_distachyon]|0.74|0.84	GO:0004867|GO:0005576
PRED|XP_003563876.1_uncharacterized_protein_LOC100830805_[Brachypodium_distachyon]|0.92|0.72	GO:0003735|GO:0005840|GO:0006412
PRED|XP_003564232.1_histone_H2B.1_[Brachypodium_distachyon]|0.95|0.8	GO:0000786|GO:0003677|GO:0030527|GO:0046982
PRED|XP_003564241.1_40S_ribosomal_protein_S30_[Brachypodium_distachyon]|0.92|0.85	GO:0003735|GO:0005840|GO:0006412|GO:0022627
PRED|XP_003564507.1_non-specific_lipid-transfer_protein_2B_[Brachypodium_distachyon]|0.58|0.91	GO:0006869|GO:0008289
PRED|XP_003564576.1_histone_H2B.5_[Brachypodium_distachyon]|0.82|0.81	GO:0000786|GO:0003677|GO:0030527|GO:0046982
PRED|XP_003564903.1_putative_lipid-transfer_protein_DIR1_[Brachypodium_distachyon]|1.0|0.92	GO:0005504|GO:0009627
PRED|XP_003564904.1_putative_lipid-transfer_protein_DIR1_[Brachypodium_distachyon]|0.99|0.9	GO:0005504|GO:0009627
PRED|XP_003565174.1_metallothionein-like_protein_2C_[Brachypodium_distachyon]|0.96|0.82	GO:0046872
PRED|XP_003565286.1_Bowman-Birk_type_trypsin_inhibitor_[Brachypodium_distachyon]|0.65|0.79	GO:0004867|GO:0005576
PRED|XP_003565657.1_non-specific_lipid-transfer_protein_1_[Brachypodium_distachyon]|0.85|0.89	GO:0006869|GO:0008289
PRED|XP_003565733.1_ubiquitin_[Brachypodium_distachyon]|0.97|0.83	GO:0006412
PRED|XP_003566356.1_expansin-A9_[Brachypodium_distachyon]|0.57|0.72	GO:0005576|GO:0009664
PRED|XP_003566371.1_Bowman-Birk_type_wound-induced_proteinase_inhibitor_WIP1_isoform_X1_[Brachypodium_distachyon]|0.84|0.88	GO:0004867|GO:0005576
PRED|XP_003566439.1_rapid_alkalinization_factor_[Brachypodium_distachyon]|0.83|0.82	GO:0009506|GO:0019722
PRED|XP_003566535.1_rapid_alkalinization_factor_[Brachypodium_distachyon]|0.96|0.84	GO:0009506|GO:0019722
PRED|XP_003567435.1_protein_RALF-like_33_[Brachypodium_distachyon]|0.51|0.89	GO:0009506|GO:0019722
PRED|XP_003567676.1_rapid_alkalinization_factor_23_[Brachypodium_distachyon]|0.83|0.88	GO:0009506|GO:0019722
PRED|XP_003567948.1_non-specific_lipid-transfer_protein_2_[Brachypodium_distachyon]|0.99|0.94	GO:0006869
PRED|XP_003567950.1_non-specific_lipid-transfer_protein_2_[Brachypodium_distachyon]|0.95|0.92	GO:0006869
PRED|XP_003567951.1_non-specific_lipid-transfer_protein_2_[Brachypodium_distachyon]|1.0|0.93	GO:0006869
PRED|XP_003568052.1_Bowman-Birk_type_wound-induced_proteinase_inhibitor_WIP1_[Brachypodium_distachyon]|0.71|0.85	GO:0004867|GO:0005576
PRED|XP_003568410.1_uncharacterized_protein_LOC100821918_[Brachypodium_distachyon]|1.0|0.95	GO:0004867|GO:0005576
PRED|XP_003568411.1_uncharacterized_protein_LOC100822227_[Brachypodium_distachyon]|0.98|0.94	GO:0004867|GO:0005576
PRED|XP_003568415.1_uncharacterized_protein_LOC100823259_[Brachypodium_distachyon]|0.99|0.94	GO:0004867|GO:0005576
PRED|XP_003568596.1_histone_H2B.1_[Brachypodium_distachyon]|0.93|0.79	GO:0000786|GO:0003677|GO:0030527|GO:0046982
PRED|XP_003568603.1_histone_H2B.1_[Brachypodium_distachyon]|0.92|0.79	GO:0000786|GO:0003677|GO:0030527|GO:0046982
PRED|XP_003568630.1_ubiquitin_[Brachypodium_distachyon]|0.96|0.86	GO:0006412
PRED|XP_003568875.1_histone_H2B.1_[Brachypodium_distachyon]|0.9|0.81	GO:0000786|GO:0003677|GO:0030527|GO:0046982
PRED|XP_003569004.1_probable_histone_H2A.5_[Brachypodium_distachyon]|0.59|0.73	GO:0000786|GO:0003677|GO:0030527|GO:0046982
PRED|XP_003569083.1_metallothionein-like_protein_2C_[Brachypodium_distachyon]|0.51|0.77	GO:0046872
PRED|XP_003570350.1_histone_H2B.3_[Brachypodium_distachyon]|0.94|0.82	GO:0000786|GO:0003677|GO:0030527|GO:0046982
PRED|XP_003570358.1_40S_ribosomal_protein_S30_[Brachypodium_distachyon]|0.92|0.89	GO:0003735|GO:0005840|GO:0006412|GO:0022627
PRED|XP_003570573.1_putative_lipid-transfer_protein_DIR1_[Brachypodium_distachyon]|0.77|0.85	GO:0005504|GO:0009627
PRED|XP_003573015.1_basic_blue_protein_[Brachypodium_distachyon]|0.96|0.87	GO:0005886|GO:0009055
PRED|XP_003573541.1_defensin-like_protein_2_[Brachypodium_distachyon]|1.0|0.91	GO:0006952
PRED|XP_003573542.1_defensin-like_protein_3_[Brachypodium_distachyon]|1.0|0.93	GO:0006952
PRED|XP_003574812.1_uncharacterized_protein_LOC100840751_[Brachypodium_distachyon]|0.79|0.72	GO:0006979
PRED|XP_003575412.1_defensin_Tm-AMP-D1.2_[Brachypodium_distachyon]|1.0|0.94	GO:0006952
PRED|XP_003575652.3_agglutinin_isolectin_3_[Brachypodium_distachyon]|0.99|0.86	GO:0008061
PRED|XP_003575656.1_agglutinin_isolectin_3_[Brachypodium_distachyon]|1.0|0.94	GO:0008061
PRED|XP_003575658.2_agglutinin_isolectin_3_[Brachypodium_distachyon]|0.98|0.8	GO:0008061
PRED|XP_003575659.3_lectin_[Brachypodium_distachyon]|0.7|0.82	GO:0008061
PRED|XP_003575694.1_rapid_alkalinization_factor_[Brachypodium_distachyon]|0.92|0.88	GO:0009506|GO:0019722
PRED|XP_003575927.1_antimicrobial_peptides_[Brachypodium_distachyon]|1.0|0.72	GO:0050832
PRED|XP_003577848.1_non-specific_lipid-transfer_protein_4.1_[Brachypodium_distachyon]|0.99|0.93	GO:0006869|GO:0008289
PRED|XP_003578017.1_histone_H2A_[Brachypodium_distachyon]|0.73|0.7	GO:0000786|GO:0003677|GO:0030527|GO:0046982
PRED|XP_003578155.1_histone_H4_[Brachypodium_distachyon]|0.96|0.86	GO:0003677|GO:0030527|GO:0046982
PRED|XP_003578603.1_histone_H4_[Brachypodium_distachyon]|0.96|0.85	GO:0003677|GO:0030527|GO:0046982
PRED|XP_003578682.1_ubiquitin-60S_ribosomal_protein_L40-2_isoform_X2_[Brachypodium_distachyon]|0.87|0.86	GO:0006412
PRED|XP_003578775.1_puroindoline-B_[Brachypodium_distachyon]|0.52|0.82	GO:0045735
PRED|XP_003579021.1_probable_non-specific_lipid-transfer_protein_3_[Brachypodium_distachyon]|0.99|0.93	GO:0006869|GO:0008289
PRED|XP_003579022.1_non-specific_lipid-transfer_protein_1_[Brachypodium_distachyon]|0.99|0.93	GO:0006869|GO:0008289
PRED|XP_003579713.1_non-specific_lipid-transfer_protein_[Brachypodium_distachyon]|0.51|0.9	GO:0005504|GO:0009627
PRED|XP_003580751.2_non-specific_lipid-transfer_protein_2P_[Brachypodium_distachyon]|0.98|0.95	GO:0006869
PRED|XP_003581053.1_defensin_Tk-AMP-D5_[Brachypodium_distachyon]|1.0|0.86	GO:0006952
PRED|XP_003581056.1_defensin_Ec-AMP-D1_[Brachypodium_distachyon]|1.0|0.95	GO:0006952
PRED|XP_003590511.1_probable_histone_H2B.3_[Medicago_truncatula]|0.77|0.82	GO:0000786|GO:0003677|GO:0030527|GO:0046982
PRED|XP_003594592.1_putative_germin-like_protein_2-1_[Medicago_truncatula]|0.58|0.7	GO:0030145
PRED|XP_003597302.1_histone_H4_[Medicago_truncatula]|0.96|0.87	GO:0003677|GO:0030527|GO:0046982
PRED|XP_003599777.1_non-specific_lipid-transfer_protein_A_[Medicago_truncatula]|0.53|0.75	GO:0006869|GO:0008289
PRED|XP_003600187.3_putative_lipid-transfer_protein_DIR1_[Medicago_truncatula]|1.0|0.92	GO:0005504|GO:0009627
PRED|XP_003600460.1_histone_H4_[Medicago_truncatula]|0.96|0.87	GO:0003677|GO:0030527|GO:0046982
PRED|XP_003600922.1_histone_H4_[Medicago_truncatula]|0.96|0.87	GO:0003677|GO:0030527|GO:0046982
PRED|XP_003605266.2_non-specific_lipid-transfer_protein_isoform_X1_[Medicago_truncatula]|1.0|0.93	GO:0006869|GO:0008289
PRED|XP_003605300.1_non-specific_lipid-transfer_protein_5_[Medicago_truncatula]|0.51|0.89	GO:0006869|GO:0008289
PRED|XP_003605345.1_non-specific_lipid-transfer_protein_4_[Medicago_truncatula]|0.99|0.94	GO:0006869|GO:0008289
PRED|XP_003605349.1_non-specific_lipid-transfer_protein_4_[Medicago_truncatula]|1.0|0.91	GO:0006869|GO:0008289
PRED|XP_003606566.1_histone_H4_[Medicago_truncatula]|0.96|0.85	GO:0003677|GO:0030527|GO:0046982
PRED|XP_003606627.1_probable_histone_H2B.1_[Medicago_truncatula]|0.7|0.82	GO:0000786|GO:0003677|GO:0030527|GO:0046982
PRED|XP_003606629.1_probable_histone_H2B.1_[Medicago_truncatula]|0.7|0.82	GO:0000786|GO:0003677|GO:0030527|GO:0046982
PRED|XP_003607010.1_probable_histone_H2B.1_[Medicago_truncatula]|0.91|0.81	GO:0000786|GO:0003677|GO:0030527|GO:0046982
PRED|XP_003608708.1_40S_ribosomal_protein_S30_[Medicago_truncatula]|0.94|0.88	GO:0003735|GO:0005840|GO:0006412|GO:0022627
PRED|XP_003609670.2_protein_RALF-like_33_[Medicago_truncatula]|0.82|0.86	GO:0009506|GO:0019722
PRED|XP_003611308.1_40S_ribosomal_protein_S30_[Medicago_truncatula]|0.94|0.89	GO:0003735|GO:0005840|GO:0006412|GO:0022627
PRED|XP_003611544.1_phytosulfokines_[Medicago_truncatula]|0.94|0.74	GO:0005576|GO:0008083|GO:0008283
PRED|XP_003611725.1_protein_RALF-like_34_[Medicago_truncatula]|0.63|0.86	GO:0009506|GO:0019722
PRED|XP_003614777.1_selenoprotein_K_isoform_X2_[Medicago_truncatula]|0.91|0.81	GO:0005789|GO:0005794|GO:0006816|GO:0032469
PRED|XP_003615092.1_histone_H4_[Medicago_truncatula]|0.96|0.87	GO:0003677|GO:0030527|GO:0046982
PRED|XP_003620406.1_non-specific_lipid-transfer_protein_2_[Medicago_truncatula]|0.99|0.86	GO:0006869
PRED|XP_003622774.1_EPIDERMAL_PATTERNING_FACTOR-like_protein_9_[Medicago_truncatula]|0.83|0.8	GO:2000123
PRED|XP_003623161.2_uncharacterized_protein_[Medicago_truncatula]|0.6|0.87	GO:0005504|GO:0009627
PRED|XP_003623166.1_putative_lipid-transfer_protein_DIR1_isoform_X1_[Medicago_truncatula]|0.52|0.8	GO:0005504|GO:0009627
PRED|XP_003623585.3_non-specific_lipid-transfer_protein_[Medicago_truncatula]|0.91|0.73	GO:0006869|GO:0008289
PRED|XP_003623593.2_non-specific_lipid-transfer_protein_[Medicago_truncatula]|0.78|0.91	GO:0006869|GO:0008289
PRED|XP_003623596.3_non-specific_lipid-transfer_protein_1_[Medicago_truncatula]|0.8|0.84	GO:0006869|GO:0008289
PRED|XP_003623610.3_non-specific_lipid-transfer_protein_Cor_a_8_[Medicago_truncatula]|0.82|0.79	GO:0006869|GO:0008289
PRED|XP_003623613.3_non-specific_lipid-transfer_protein_1_[Medicago_truncatula]|0.96|0.83	GO:0006869|GO:0008289
PRED|XP_003623615.1_non-specific_lipid-transfer_protein_1_[Medicago_truncatula]|0.94|0.82	GO:0006869|GO:0008289
PRED|XP_003623935.3_Bowman-Birk_type_proteinase_inhibitor_[Medicago_truncatula]|0.88|0.91	GO:0004867|GO:0005576
PRED|XP_003623947.3_Bowman-Birk_type_proteinase_inhibitor_[Medicago_truncatula]|0.95|0.89	GO:0004867|GO:0005576
PRED|XP_003625481.1_histone_H4_[Medicago_truncatula]|0.96|0.87	GO:0003677|GO:0030527|GO:0046982
PRED|XP_003625510.1_probable_histone_H2B.3_[Medicago_truncatula]|0.91|0.8	GO:0000786|GO:0003677|GO:0030527|GO:0046982
PRED|XP_003625881.1_histone_H2AX_[Medicago_truncatula]|0.62|0.7	GO:0000786|GO:0003677|GO:0030527|GO:0046982
PRED|XP_003626258.1_probable_histone_H2A.5_[Medicago_truncatula]|0.5|0.73	GO:0000786|GO:0003677|GO:0030527|GO:0046982
PRED|XP_003626340.1_histone_H2AX_[Medicago_truncatula]|0.53|0.7	GO:0000786|GO:0003677|GO:0030527|GO:0046982
PRED|XP_003627385.1_albumin-1_[Medicago_truncatula]|0.86|0.82	GO:0045735
PRED|XP_003627802.1_histone_H4_[Medicago_truncatula]|0.96|0.87	GO:0003677|GO:0030527|GO:0046982
PRED|XP_003628977.1_defensin-like_protein_1_[Medicago_truncatula]|1.0|0.93	GO:0006952
PRED|XP_003628978.1_defensin_Ec-AMP-D1_[Medicago_truncatula]|1.0|0.92	GO:0006952
PRED|XP_003628979.1_defensin_Ec-AMP-D1_[Medicago_truncatula]|1.0|0.92	GO:0006952
PRED|XP_003629616.1_protein_RALF-like_32_[Medicago_truncatula]|0.92|0.85	GO:0009506|GO:0019722
PRED|XP_003629993.1_basic_blue_protein_[Medicago_truncatula]|0.75|0.89	GO:0005886|GO:0009055
PRED|XP_003630421.1_defensin-like_protein_1_[Medicago_truncatula]|1.0|0.94	GO:0006952
PRED|XP_003630422.1_defensin-like_protein_1_[Medicago_truncatula]|1.0|0.95	GO:0006952
PRED|XP_003632038.1_protein_RALF-like_24_[Vitis_vinifera]|0.73|0.76	GO:0009506|GO:0019722
PRED|XP_003633182.1_tRNA_(guanine(26)-N(2))-dimethyltransferase_[Vitis_vinifera]|0.94|0.81	GO:0002940|GO:0003723|GO:0004809|GO:0005634|GO:0008033|GO:0016423
PRED|XP_003635309.1_non-specific_lipid-transfer_protein_[Vitis_vinifera]|0.72|0.84	GO:0006869|GO:0008289
PRED|XP_003722254.1_putative_histone_H2A_[Leishmania_major_strain_Friedlin]|0.85|0.7	GO:0000786|GO:0003677|GO:0030527|GO:0046982
PRED|XP_003722255.1_putative_histone_H2A_[Leishmania_major_strain_Friedlin]|0.89|0.7	GO:0000786|GO:0003677|GO:0030527|GO:0046982
PRED|XP_003722256.1_putative_histone_H2A_[Leishmania_major_strain_Friedlin]|0.87|0.7	GO:0000786|GO:0003677|GO:0030527|GO:0046982
PRED|XP_003722392.1_60S_ribosomal_protein_L37_[Leishmania_major_strain_Friedlin]|0.52|0.91	GO:0003723|GO:0003735|GO:0005840|GO:0006412|GO:0022625
PRED|XP_003724325.3_phospholipase_A2-like_[Strongylocentrotus_purpuratus]|0.67|0.87	GO:0004623|GO:0005509|GO:0005543|GO:0006644|GO:0016042|GO:0047498
PRED|XP_003724619.1_late_histone_H2B.2.2_[Strongylocentrotus_purpuratus]|0.92|0.81	GO:0000786|GO:0003677|GO:0030527|GO:0046982
PRED|XP_003726400.1_ribonuclease_P_protein_subunit_p21-like_[Strongylocentrotus_purpuratus]|0.6|0.83	GO:0001682|GO:0005655|GO:0006396|GO:0008033|GO:0030677
PRED|XP_003727758.2_bilin-binding_protein_[Strongylocentrotus_purpuratus]|0.67|0.81	GO:0000302|GO:0005737|GO:0006629
PRED|XP_003729200.1_phospholipase_A2_AP-PLA2-II_[Strongylocentrotus_purpuratus]|0.79|0.81	GO:0004623|GO:0005509|GO:0005543|GO:0006644|GO:0016042|GO:0047498
PRED|XP_003730761.1_acidic_phospholipase_A2_natratoxin_[Strongylocentrotus_purpuratus]|0.84|0.82	GO:0004623|GO:0005509|GO:0005543|GO:0006644|GO:0016042|GO:0047498
PRED|XP_003749244.2_serine_protease_inhibitor_Kazal-type_12_[Rattus_norvegicus]|1.0|0.95	GO:0004867
PRED|XP_003750217.1_ubiquitin-like_FUBI-ribosomal_protein_eS30_fusion_protein_[Rattus_norvegicus]|1.0|0.86	GO:0003735|GO:0005840|GO:0006412|GO:0022627
PRED|XP_003751759.1_histone_H2A_type_1-B-like_[Rattus_norvegicus]|1.0|0.7	GO:0000786|GO:0003677|GO:0030527|GO:0046982
PRED|XP_003961353.1_H3_histone_family_3D_[Takifugu_rubripes]|0.5|0.74	GO:0000786|GO:0003677|GO:0030527|GO:0046982
PRED|XP_003961788.1_cytochrome_c_oxidase_assembly_factor_5_[Takifugu_rubripes]|0.87|0.76	GO:0005739|GO:0033617
PRED|XP_003963442.1_CCHC-type_zinc_finger_nucleic_acid_binding_protein_a_isoform_X2_[Takifugu_rubripes]|0.79|0.91	GO:0003676|GO:0008270
PRED|XP_003963790.1_ubiquitin-ribosomal_protein_eS31_fusion_protein_[Takifugu_rubripes]|0.73|0.77	GO:0003735|GO:0005840|GO:0006412
PRED|XP_003963866.1_large_ribosomal_subunit_protein_mL63_[Takifugu_rubripes]|0.68|0.78	GO:0003735|GO:0005761|GO:0032543
PRED|XP_003964277.1_cystatin_C_(amyloid_angiopathy_and_cerebral_hemorrhage)_[Takifugu_rubripes]|0.96|0.72	GO:0004869|GO:0005615|GO:0005737|GO:0031982|GO:2000117
PRED|XP_003964293.1_epithelial_membrane_protein_2_[Takifugu_rubripes]|0.83|0.81	GO:0005886|GO:0016020
PRED|XP_003964664.1_uncharacterized_protein_C16orf52_homolog_B_[Takifugu_rubripes]|0.52|0.7	GO:0005794|GO:0045879|GO:0060170
PRED|XP_003965681.1_hepcidin_[Takifugu_rubripes]|1.0|0.87	GO:0005576|GO:0006879
PRED|XP_003965794.1_vascular_endothelial_growth_factor_A-A-like_isoform_X1_[Takifugu_rubripes]|0.82|0.77	GO:0001666|GO:0001934|GO:0001938|GO:0002040|GO:0005172|GO:0005615|GO:0008083|GO:0038084|GO:0042056|GO:0045766|GO:0048010|GO:0050930|GO:0060754
PRED|XP_003965948.2_hepcidin-like_[Takifugu_rubripes]|1.0|0.89	GO:0005576|GO:0006879
PRED|XP_003966784.1_C-C_motif_chemokine_36.1_[Takifugu_rubripes]|0.98|0.75	GO:0005576|GO:0006955|GO:0008009
PRED|XP_003967844.1_histone_H4_[Takifugu_rubripes]|0.95|0.84	GO:0003677|GO:0030527|GO:0046982
PRED|XP_003967879.1_histone_H4_[Takifugu_rubripes]|0.95|0.84	GO:0003677|GO:0030527|GO:0046982
PRED|XP_003968367.1_somatostatin_1_tandem_duplicate_1_[Takifugu_rubripes]|0.9|0.91	GO:0005179|GO:0005576
PRED|XP_003969190.3_cocaine-_and_amphetamine-regulated_transcript_4_[Takifugu_rubripes]|0.58|0.86	GO:0005615|GO:0007186|GO:0008343|GO:0009267|GO:0032099|GO:0043410
PRED|XP_003969348.2_trypsin-3-like_[Takifugu_rubripes]|0.71|0.75	GO:0004252|GO:0005615|GO:0006508
PRED|XP_003969359.2_tissue_factor_pathway_inhibitor_2_[Takifugu_rubripes]|0.85|0.85	GO:0004867|GO:0005576|GO:0005615|GO:0010466|GO:0030414
PRED|XP_003969731.2_serum_amyloid_A_[Takifugu_rubripes]|0.97|0.75	GO:0005576
PRED|XP_003969792.1_cocaine-_and_amphetamine-regulated_transcript_protein-like_isoform_X1_[Takifugu_rubripes]|0.96|0.83	GO:0005615|GO:0007186|GO:0008343|GO:0009267|GO:0032099|GO:0043410
PRED|XP_003970540.2_insulin-like_isoform_X2_[Takifugu_rubripes]|0.9|0.73	GO:0005179|GO:0005576
PRED|XP_003970602.1_NADH_dehydrogenase_[ubiquinone]_1_alpha_subcomplex_subunit_1_[Takifugu_rubripes]|0.92|0.88	GO:0005747
PRED|XP_003970624.2_C-X-C_motif_chemokine_14_[Takifugu_rubripes]|0.99|0.9	GO:0005576|GO:0006955|GO:0008009
PRED|XP_003970774.1_H3_histone_family_3C_[Takifugu_rubripes]|0.5|0.74	GO:0000786|GO:0003677|GO:0030527|GO:0046982
PRED|XP_003971586.1_FAU_ubiquitin_like_and_ribosomal_protein_S30_fusion_a_[Takifugu_rubripes]|0.95|0.83	GO:0003735|GO:0005840|GO:0006412|GO:0022627
PRED|XP_003971985.1_chemokine_(C-X-C_motif)_ligand_12b_(stromal_cell-derived_factor_1)_[Takifugu_rubripes]|0.99|0.93	GO:0005576|GO:0006955|GO:0008009
PRED|XP_003972494.1_group_XIIA_secretory_phospholipase_A2_[Takifugu_rubripes]|0.82|0.73	GO:0004623|GO:0005509|GO:0005576|GO:0016042
PRED|XP_003974635.1_phospholipase_A2_[Takifugu_rubripes]|0.5|0.91	GO:0004623|GO:0005509|GO:0005543|GO:0006644|GO:0016042|GO:0047498
PRED|XP_003975126.1_histone_H2A.V_[Takifugu_rubripes]|0.71|0.7	GO:0046982
PRED|XP_003975305.1_histone_H2B_type_2-K1_[Takifugu_rubripes]|0.97|0.79	GO:0000786|GO:0003677|GO:0030527|GO:0046982
PRED|XP_003976061.1_sperm_acrosome_membrane-associated_protein_4-like_[Takifugu_rubripes]|0.83|0.7	GO:0016020|GO:0035036
PRED|XP_003976153.1_insulin-like_growth_factor-binding_protein_6b_[Takifugu_rubripes]|0.68|0.7	GO:0001968|GO:0005520|GO:0005576|GO:0005615|GO:0031994|GO:0031995|GO:0043567
PRED|XP_003976673.2_phospholipase_A2-like_[Takifugu_rubripes]|0.64|0.84	GO:0004623|GO:0005509|GO:0005543|GO:0006644|GO:0016042|GO:0047498
PRED|XP_003976751.1_reactive_oxygen_species_modulator_1_[Takifugu_rubripes]|0.99|0.85	GO:0005744|GO:0030150|GO:0045039
PRED|XP_003976987.1_histone_H2B_1/2-like_[Takifugu_rubripes]|0.99|0.85	GO:0000786|GO:0003677|GO:0030527|GO:0046982
PRED|XP_003977077.2_NADH_dehydrogenase_[ubiquinone]_1_subunit_C1_mitochondrial_[Takifugu_rubripes]|0.73|0.82	GO:0005739|GO:0005747|GO:0045271
PRED|XP_003977419.3_histone_H3.3_[Takifugu_rubripes]|0.5|0.74	GO:0000786|GO:0003677|GO:0030527|GO:0046982
PRED|XP_003977937.1_histone_H2B_3_[Takifugu_rubripes]|0.93|0.84	GO:0000786|GO:0003677|GO:0030527|GO:0046982
PRED|XP_003979089.2_hepcidin-like_[Takifugu_rubripes]|1.0|0.89	GO:0005576|GO:0006879
PRED|XP_003979221.1_histone_H4_[Takifugu_rubripes]|0.95|0.84	GO:0003677|GO:0030527|GO:0046982
PRED|XP_003979251.2_monocyte_chemotactic_protein_1B-like_[Takifugu_rubripes]|0.53|0.85	GO:0005576|GO:0006955|GO:0008009
PRED|XP_003979855.1_histone_H4_[Takifugu_rubripes]|0.95|0.84	GO:0003677|GO:0030527|GO:0046982
PRED|XP_003979857.1_histone_H4_[Takifugu_rubripes]|0.95|0.84	GO:0003677|GO:0030527|GO:0046982
PRED|XP_004135645.1_histone_H2AX_[Cucumis_sativus]|0.82|0.7	GO:0000786|GO:0003677|GO:0030527|GO:0046982
PRED|XP_004135684.1_40S_ribosomal_protein_S30_[Cucumis_sativus]|0.95|0.89	GO:0003735|GO:0005840|GO:0006412|GO:0022627
PRED|XP_004135897.1_non-specific_lipid-transfer_protein_8_[Cucumis_sativus]|0.98|0.93	GO:0006869|GO:0008289
PRED|XP_004137208.1_ubiquitin-60S_ribosomal_protein_L40_[Cucumis_sativus]|0.87|0.86	GO:0006412
PRED|XP_004137484.1_non-specific_lipid-transfer_protein_2_[Cucumis_sativus]|0.98|0.92	GO:0006869
PRED|XP_004137790.1_probable_histone_H2B.3_[Cucumis_sativus]|0.79|0.84	GO:0000786|GO:0003677|GO:0030527|GO:0046982
PRED|XP_004138399.1_histone_H4_[Cucumis_sativus]|0.96|0.87	GO:0003677|GO:0030527|GO:0046982
PRED|XP_004138444.1_uncharacterized_protein_LOC101209106_[Cucumis_sativus]|0.97|0.8	GO:0005504|GO:0009627
PRED|XP_004139237.1_pathogenesis-related_protein_PR-4A_[Cucumis_sativus]|0.65|0.88	GO:0004540|GO:0006952
PRED|XP_004139239.1_pathogenesis-related_protein_PR-4_[Cucumis_sativus]|0.92|0.87	GO:0004540|GO:0006952
PRED|XP_004139241.1_pathogenesis-related_protein_PR-4_[Cucumis_sativus]|0.97|0.77	GO:0004540|GO:0006952
PRED|XP_004139453.1_histone_H2B.7_[Cucumis_sativus]|0.77|0.8	GO:0000786|GO:0003677|GO:0030527|GO:0046982
PRED|XP_004140176.1_putative_axial_regulator_YABBY_2_[Cucumis_sativus]|0.7|0.82	GO:0005634|GO:0007275|GO:0010158|GO:0045165
PRED|XP_004140863.1_selenoprotein_K_isoform_X1_[Cucumis_sativus]|0.51|0.79	GO:0005789|GO:0005794|GO:0006816|GO:0032469
PRED|XP_004141043.2_40S_ribosomal_protein_S30_[Cucumis_sativus]|0.59|0.93	GO:0003735|GO:0005840|GO:0006412|GO:0022627
PRED|XP_004141047.1_probable_phospholipase_A2_homolog_1_[Cucumis_sativus]|0.97|0.78	GO:0004623|GO:0005509|GO:0008289|GO:0009555|GO:0009846|GO:0009860|GO:0016042
PRED|XP_004142669.1_NADH_dehydrogenase_[ubiquinone]_1_alpha_subcomplex_subunit_1_[Cucumis_sativus]|0.71|0.78	GO:0005747
PRED|XP_004142978.1_cytochrome_b-c1_complex_subunit_8_[Cucumis_sativus]|0.77|0.73	GO:0098803
PRED|XP_004143093.1_histone_H2B_[Cucumis_sativus]|0.67|0.81	GO:0000786|GO:0003677|GO:0030527|GO:0046982
PRED|XP_004143094.2_LOW_QUALITY_PROTEIN:_uncharacterized_protein_LOC101218464_[Cucumis_sativus]|0.95|0.83	GO:0003677|GO:0030527|GO:0046982
PRED|XP_004143095.1_histone_H4_[Cucumis_sativus]|0.96|0.87	GO:0003677|GO:0030527|GO:0046982
PRED|XP_004143099.1_histone_H4_[Cucumis_sativus]|0.96|0.87	GO:0003677|GO:0030527|GO:0046982
PRED|XP_004143100.1_histone_H4_[Cucumis_sativus]|0.96|0.86	GO:0003677|GO:0030527|GO:0046982
PRED|XP_004143285.1_probable_histone_H2B.3_[Cucumis_sativus]|0.56|0.77	GO:0000786|GO:0003677|GO:0030527|GO:0046982
PRED|XP_004145533.1_NADH_dehydrogenase_[ubiquinone]_1_beta_subcomplex_subunit_2_[Cucumis_sativus]|0.55|0.86	GO:0005743|GO:0045271
PRED|XP_004145956.1_ubiquitin-60S_ribosomal_protein_L40_isoform_X1_[Cucumis_sativus]|0.87|0.86	GO:0006412
PRED|XP_004147646.3_protein_RALF-like_32_[Cucumis_sativus]|0.77|0.82	GO:0009506|GO:0019722
PRED|XP_004148071.1_protein_RALF-like_34_[Cucumis_sativus]|0.67|0.93	GO:0009506|GO:0019722
PRED|XP_004148669.1_protein_RALF-like_19_[Cucumis_sativus]|0.85|0.84	GO:0009506|GO:0019722
PRED|XP_004149963.1_basic_blue_protein-like_[Cucumis_sativus]|1.0|0.93	GO:0005886|GO:0009055
PRED|XP_004149964.1_basic_blue_protein-like_[Cucumis_sativus]|0.86|0.9	GO:0005886|GO:0009055
PRED|XP_004150110.1_defensin-like_protein_1_[Cucumis_sativus]|1.0|0.96	GO:0006952
PRED|XP_004150814.1_protein_RALF-like_4_[Cucumis_sativus]|0.98|0.86	GO:0009506|GO:0019722
PRED|XP_004151148.1_protein_YLS3_[Cucumis_sativus]|0.94|0.92	GO:0005504|GO:0009627
PRED|XP_004151187.1_defensin_Ec-AMP-D2_[Cucumis_sativus]|1.0|0.88	GO:0006952
PRED|XP_004152134.1_stress-associated_endoplasmic_reticulum_protein_2_[Cucumis_sativus]|0.9|0.86	GO:0005783|GO:0030968
PRED|XP_004225767.1_protein_FAM19A3-like_[Ciona_intestinalis]|0.95|0.74	GO:0005615|GO:0048018
PRED|XP_004226016.2_cysteine-rich_motor_neuron_1_protein-like_[Ciona_intestinalis]|0.95|0.79	GO:0005576
PRED|XP_004226430.1_pituitary_tumor-transforming_gene_1_protein-interacting_protein_isoform_X3_[Ciona_intestinalis]|0.7|0.73	GO:0005634|GO:0005737|GO:0006606
PRED|XP_004227073.1_trefoil_factor_2-like_[Ciona_intestinalis]|0.75|0.93	GO:0005615
PRED|XP_004910497.1_C-C_motif_chemokine_27_[Xenopus_tropicalis]|0.83|0.9	GO:0005576|GO:0006955|GO:0008009
PRED|XP_004911177.1_interleukin-8_[Xenopus_tropicalis]|0.64|0.75	GO:0005576|GO:0006955|GO:0008009
PRED|XP_004911784.1_C-C_motif_chemokine_5_isoform_X3_[Xenopus_tropicalis]|1.0|0.74	GO:0005576|GO:0005615|GO:0006954|GO:0006955|GO:0008009|GO:0030335|GO:0043547|GO:0048020|GO:0048245|GO:0060326|GO:0061844|GO:0070098
PRED|XP_004912067.1_apolipoprotein_C-I_[Xenopus_tropicalis]|1.0|0.79	GO:0005576|GO:0042157
PRED|XP_004912081.2_histone_H1B-like_[Xenopus_tropicalis]|0.6|0.79	GO:0000786|GO:0003677|GO:0006334|GO:0030527
PRED|XP_004912082.2_histone_H1B_[Xenopus_tropicalis]|0.56|0.79	GO:0000786|GO:0003677|GO:0006334|GO:0030527
PRED|XP_004912529.1_pleiotrophin_[Xenopus_tropicalis]|1.0|0.84	GO:0005576|GO:0008083
PRED|XP_004913862.2_histone_H1B_[Xenopus_tropicalis]|0.5|0.8	GO:0000786|GO:0003677|GO:0006334|GO:0030527
PRED|XP_004913863.1_histone_H2B_1.1_[Xenopus_tropicalis]|0.99|0.86	GO:0000786|GO:0003677|GO:0030527|GO:0046982
PRED|XP_004913866.1_histone_H2B_1.1-like_[Xenopus_tropicalis]|0.98|0.87	GO:0000786|GO:0003677|GO:0030527|GO:0046982
PRED|XP_004913896.1_histone_H1B_[Xenopus_tropicalis]|0.58|0.79	GO:0000786|GO:0003677|GO:0006334|GO:0030527
PRED|XP_004913909.2_histone_H1B_[Xenopus_tropicalis]|0.56|0.79	GO:0000786|GO:0003677|GO:0006334|GO:0030527
PRED|XP_004913910.2_histone_H1B_[Xenopus_tropicalis]|0.58|0.85	GO:0000786|GO:0003677|GO:0006334|GO:0030527
PRED|XP_004914073.2_low-density_lipoprotein_receptor_class_A_domain-containing_protein_1_[Xenopus_tropicalis]|0.96|0.8	GO:0005515
PRED|XP_004915416.1_cholecystokinin_B_isoform_X1_[Xenopus_tropicalis]|0.5|0.72	GO:0005179|GO:0005184|GO:0005576|GO:0005615|GO:0007586|GO:0030424
PRED|XP_004915671.1_histone_H2B_1.1_[Xenopus_tropicalis]|1.0|0.85	GO:0000786|GO:0003677|GO:0030527|GO:0046982
PRED|XP_004915676.1_histone_H2B_1.1_[Xenopus_tropicalis]|1.0|0.86	GO:0000786|GO:0003677|GO:0030527|GO:0046982
PRED|XP_004915907.1_ATP_synthase_membrane_subunit_DAPIT_mitochondrial_[Xenopus_tropicalis]|0.53|0.86	GO:0005753
PRED|XP_004917044.1_histone_H4_[Xenopus_tropicalis]|0.95|0.84	GO:0003677|GO:0030527|GO:0046982
PRED|XP_004917045.1_histone_H2B_1.1_[Xenopus_tropicalis]|1.0|0.84	GO:0000786|GO:0003677|GO:0030527|GO:0046982
PRED|XP_004917057.1_histone_H4_[Xenopus_tropicalis]|0.95|0.84	GO:0003677|GO:0030527|GO:0046982
PRED|XP_004917058.1_histone_H2B_1.1_[Xenopus_tropicalis]|1.0|0.84	GO:0000786|GO:0003677|GO:0030527|GO:0046982
PRED|XP_004918264.1_putative_gastrointestinal_growth_factor_xP1_[Xenopus_tropicalis]|0.94|0.92	GO:0005615|GO:0030277
PRED|XP_004918516.1_histone_H3.3_[Xenopus_tropicalis]|0.5|0.74	GO:0000786|GO:0003677|GO:0030527|GO:0046982
PRED|XP_004919110.1_histone_H2B_1.1_[Xenopus_tropicalis]|1.0|0.85	GO:0000786|GO:0003677|GO:0030527|GO:0046982
PRED|XP_004919284.1_ly6/PLAUR_domain-containing_protein_2-like_[Xenopus_tropicalis]|0.81|0.77	GO:0005886
PRED|XP_004919326.1_histone_H2B_1.1_[Xenopus_tropicalis]|1.0|0.85	GO:0000786|GO:0003677|GO:0030527|GO:0046982
PRED|XP_004919328.1_histone_H2B_1.1_[Xenopus_tropicalis]|1.0|0.85	GO:0000786|GO:0003677|GO:0030527|GO:0046982
PRED|XP_004919469.1_histone_H2B_1.1_[Xenopus_tropicalis]|1.0|0.84	GO:0000786|GO:0003677|GO:0030527|GO:0046982
PRED|XP_004919472.1_histone_H2B_1.1_[Xenopus_tropicalis]|1.0|0.84	GO:0000786|GO:0003677|GO:0030527|GO:0046982
PRED|XP_004919473.1_histone_H4_[Xenopus_tropicalis]|0.95|0.84	GO:0003677|GO:0030527|GO:0046982
PRED|XP_004919476.1_histone_H2B_1.1_[Xenopus_tropicalis]|1.0|0.84	GO:0000786|GO:0003677|GO:0030527|GO:0046982
PRED|XP_004919478.1_histone_H4_[Xenopus_tropicalis]|0.95|0.84	GO:0003677|GO:0030527|GO:0046982
PRED|XP_004919480.1_histone_H4_[Xenopus_tropicalis]|0.95|0.84	GO:0003677|GO:0030527|GO:0046982
PRED|XP_004919490.1_lymphocyte_antigen_6E_[Xenopus_tropicalis]|0.64|0.7	GO:0005886
PRED|XP_004919904.2_histone_H1B-like_[Xenopus_tropicalis]|0.53|0.84	GO:0000786|GO:0003677|GO:0006334|GO:0030527
PRED|XP_004920591.1_apolipoprotein_C-II_[Xenopus_tropicalis]|0.85|0.75	GO:0006629|GO:0006869|GO:0008047|GO:0042627
PRED|XP_004923339.1_trypsin_inhibitor-like_[Bombyx_mori]|0.94|0.9	GO:0004867|GO:0005615
PRED|XP_004924961.2_chorion_class_A_protein_L11-like_[Bombyx_mori]|0.58|0.93	GO:0005213|GO:0007275|GO:0007304|GO:0042600
PRED|XP_004924965.1_chorion_class_A_protein_L12-like_[Bombyx_mori]|0.59|0.91	GO:0005213|GO:0007275|GO:0007304|GO:0042600
PRED|XP_004924968.2_chorion_class_CA_protein_ERA.2-like_isoform_X1_[Bombyx_mori]|0.71|0.8	GO:0005213|GO:0007275|GO:0007304|GO:0042600
PRED|XP_004926104.1_cecropin-B_[Bombyx_mori]|1.0|0.94	GO:0005576|GO:0019731
PRED|XP_004926106.1_cecropin-B-like_[Bombyx_mori]|1.0|0.94	GO:0005576|GO:0019731
PRED|XP_004926107.1_cecropin-B-like_[Bombyx_mori]|1.0|0.94	GO:0005576|GO:0019731
PRED|XP_004927420.1_chorion_class_A_protein_L12-like_isoform_X2_[Bombyx_mori]|0.86|0.94	GO:0005213|GO:0007275|GO:0007304|GO:0042600
PRED|XP_004929285.1_reactive_oxygen_species_modulator_1_[Bombyx_mori]|0.94|0.88	GO:0005744|GO:0030150|GO:0045039
PRED|XP_004933249.1_chorion_class_A_protein_L12_[Bombyx_mori]|0.87|0.93	GO:0005213|GO:0007275|GO:0007304|GO:0042600
PRED|XP_004933250.1_chorion_class_A_protein_L12-like_[Bombyx_mori]|0.81|0.94	GO:0005213|GO:0007275|GO:0007304|GO:0042600
PRED|XP_004933824.2_chorion_class_high-cysteine_HCB_protein_12_[Bombyx_mori]|0.53|0.94	GO:0005213|GO:0007275|GO:0007304|GO:0042600
PRED|XP_004934106.1_bombyxin_A-1-like_[Bombyx_mori]|0.71|0.9	GO:0005179|GO:0005576|GO:0005615|GO:0008083
PRED|XP_005089741.1_acyl-CoA-binding_protein_[Aplysia_californica]|0.96|0.82	GO:0000062|GO:0006631
PRED|XP_005090649.1_uncharacterized_protein_LOC101851996_isoform_X1_[Aplysia_californica]|0.82|0.74	GO:0005576|GO:0008200
PRED|XP_005092667.1_antistasin_isoform_X1_[Aplysia_californica]|0.97|0.86	GO:0004857
PRED|XP_005092668.1_antistasin_isoform_X2_[Aplysia_californica]|0.95|0.85	GO:0004857
PRED|XP_005094285.1_uncharacterized_protein_LOC101857866_isoform_X1_[Aplysia_californica]|0.87|0.93	GO:0001558|GO:0005520|GO:0005576|GO:0009966
PRED|XP_005096638.1_group_XIIA_secretory_phospholipase_A2_[Aplysia_californica]|0.61|0.86	GO:0004623|GO:0005509|GO:0005576|GO:0016042
PRED|XP_005097687.1_insulin-like_growth_factor-binding_protein-related_protein_1_[Aplysia_californica]|0.51|0.72	GO:0001558|GO:0005520|GO:0005576|GO:0009966
PRED|XP_005100174.1_uncharacterized_protein_LOC101854335_[Aplysia_californica]|0.97|0.9	GO:0004857
PRED|XP_005100262.1_peptidoglycan_recognition_protein_1_[Aplysia_californica]|0.72|0.86	GO:0042834|GO:0045087
PRED|XP_005105101.2_agrin_[Aplysia_californica]|0.51|0.75	GO:0005509|GO:0005518|GO:0005615|GO:0048856|GO:0050840
PRED|XP_005107426.1_low-density_lipoprotein_receptor-related_protein_8_[Aplysia_californica]|0.94|0.85	GO:0005515
PRED|XP_005108569.1_histone_H2B_gonadal_[Aplysia_californica]|0.96|0.79	GO:0000786|GO:0003677|GO:0030527|GO:0046982
PRED|XP_005108962.1_RING-box_protein_2_[Aplysia_californica]|0.76|0.88	GO:0008270
PRED|XP_005109141.1_cell_division_cycle-associated_7-like_protein_[Aplysia_californica]|0.52|0.81	GO:0005634|GO:0006355
PRED|XP_005109142.1_cell_division_cycle-associated_7-like_protein_[Aplysia_californica]|0.51|0.81	GO:0005634|GO:0006355
PRED|XP_005109144.1_cell_division_cycle-associated_7-like_protein_[Aplysia_californica]|0.52|0.81	GO:0005634|GO:0006355
PRED|XP_005109145.1_cell_division_cycle-associated_7-like_protein_[Aplysia_californica]|0.56|0.77	GO:0005634|GO:0006355
PRED|XP_005109146.1_cell_division_cycle-associated_7-like_protein_[Aplysia_californica]|0.53|0.74	GO:0005634|GO:0006355
PRED|XP_005109483.1_vesicle_transport_protein_SFT2B_[Aplysia_californica]|0.62|0.76	GO:0016020|GO:0016192
PRED|XP_005113535.2_medium-chain_specific_acyl-CoA_dehydrogenase_mitochondrial-like_partial_[Aplysia_californica]|0.9|0.71	GO:0003995|GO:0005737|GO:0005739|GO:0016627|GO:0051793|GO:0070991
PRED|XP_005157000.2_growth-regulated_alpha_protein_[Danio_rerio]|0.69|0.9	GO:0005576|GO:0006955|GO:0008009
PRED|XP_005157052.1_interferon_alpha_inducible_protein_27.7_isoform_X1_[Danio_rerio]|0.73|0.79	GO:0001836|GO:0016020|GO:0031966|GO:0097193
PRED|XP_005157264.1_ovomucoid_[Danio_rerio]|1.0|0.93	GO:0004867
PRED|XP_005161336.1_claudin-like_protein_ZF-A89_[Danio_rerio]|0.81|0.8	GO:0005198|GO:0005923|GO:0016020
PRED|XP_005162852.1_chemokine_(C-C_motif)_ligand_34b_duplicate_4_isoform_X1_[Danio_rerio]|0.97|0.9	GO:0005576|GO:0006955|GO:0008009
PRED|XP_005163249.1_histone_H4_[Danio_rerio]|0.95|0.83	GO:0003677|GO:0030527|GO:0046982
PRED|XP_005163256.1_histone_H2B_1/2_[Danio_rerio]|1.0|0.89	GO:0000786|GO:0003677|GO:0030527|GO:0046982
PRED|XP_005163278.1_histone_H2B_1/2_[Danio_rerio]|1.0|0.88	GO:0000786|GO:0003677|GO:0030527|GO:0046982
PRED|XP_005166253.1_anaphase-promoting_complex_subunit_11_isoform_X1_[Danio_rerio]|0.63|0.91	GO:0005680|GO:0008270|GO:0031145|GO:0061630|GO:0097602
PRED|XP_005168593.1_chemokine-like_protein_TAFA-5a_isoform_X1_[Danio_rerio]|0.95|0.76	GO:0001664|GO:0005615|GO:0007186|GO:0048018
PRED|XP_005168594.1_chemokine-like_protein_TAFA-5a_isoform_X2_[Danio_rerio]|0.94|0.76	GO:0001664|GO:0005615|GO:0007186|GO:0048018
PRED|XP_005168858.1_histone_H1-like_[Danio_rerio]|0.79|0.84	GO:0000786|GO:0003677|GO:0006334|GO:0030527
PRED|XP_005170626.1_CCHC-type_zinc_finger_nucleic_acid_binding_protein_a_isoform_X1_[Danio_rerio]|0.68|0.91	GO:0003676|GO:0008270
PRED|XP_005172170.1_agouti_signaling_protein_1_isoform_X2_[Danio_rerio]|0.98|0.82	GO:0005184|GO:0005576|GO:0005615|GO:0009755|GO:0031779|GO:0032438
PRED|XP_005172456.1_histone_H2B_1/2_[Danio_rerio]|1.0|0.89	GO:0000786|GO:0003677|GO:0030527|GO:0046982
PRED|XP_005173173.1_lysozyme_g-like_1_isoform_X1_[Danio_rerio]|0.9|0.74	GO:0003796|GO:0005576|GO:0009253|GO:0050830
PRED|XP_005245948.1_phospholipase_A2_group_V_isoform_X1_[Homo_sapiens]|0.63|0.86	GO:0004623|GO:0005509|GO:0005543|GO:0006644|GO:0016042|GO:0042130|GO:0047498|GO:0050482
PRED|XP_005245949.1_phospholipase_A2_group_V_isoform_X1_[Homo_sapiens]|0.63|0.86	GO:0004623|GO:0005509|GO:0005543|GO:0006644|GO:0016042|GO:0042130|GO:0047498|GO:0050482
PRED|XP_005245950.1_phospholipase_A2_group_V_isoform_X2_[Homo_sapiens]|0.94|0.88	GO:0004623|GO:0005509|GO:0005543|GO:0006644|GO:0016042|GO:0042130|GO:0047498|GO:0050482
PRED|XP_005249096.2_histone_H2B_type_1-D_isoform_X1_[Homo_sapiens]|1.0|0.83	GO:0000786|GO:0003677|GO:0030527|GO:0046982
PRED|XP_005260110.1_ubiquitin-ribosomal_protein_eL40_fusion_protein_isoform_X2_[Homo_sapiens]|0.96|0.89	GO:0006412
PRED|XP_005260111.1_ubiquitin-ribosomal_protein_eL40_fusion_protein_isoform_X2_[Homo_sapiens]|0.96|0.89	GO:0006412
PRED|XP_005266709.1_E3_ubiquitin-protein_ligase_RNF152_isoform_X1_[Homo_sapiens]|0.5|0.81	GO:0061630
PRED|XP_005535274.1_60S_ribosomal_protein_L40_ubiquitin_fusion_protein_[Cyanidioschyzon_merolae_strain_10D]|0.87|0.87	GO:0006412
PRED|XP_005537195.1_mitochondrial_ribosomal_protein_L35_precursor_[Cyanidioschyzon_merolae_strain_10D]|0.58|0.87	GO:0003735|GO:0005840|GO:0006412
PRED|XP_005537302.1_histone_H3_[Cyanidioschyzon_merolae_strain_10D]|0.67|0.71	GO:0000786|GO:0003677|GO:0030527|GO:0046982
PRED|XP_005537303.1_histone_H4_[Cyanidioschyzon_merolae_strain_10D]|0.96|0.74	GO:0003677|GO:0030527|GO:0046982
PRED|XP_005537305.1_histone_H2B_[Cyanidioschyzon_merolae_strain_10D]|0.96|0.84	GO:0000786|GO:0003677|GO:0030527|GO:0046982
PRED|XP_005537311.1_histone_H4_[Cyanidioschyzon_merolae_strain_10D]|0.96|0.74	GO:0003677|GO:0030527|GO:0046982
PRED|XP_005537312.1_histone_H3_[Cyanidioschyzon_merolae_strain_10D]|0.67|0.71	GO:0000786|GO:0003677|GO:0030527|GO:0046982
PRED|XP_005537314.1_histone_H2B_[Cyanidioschyzon_merolae_strain_10D]|0.96|0.84	GO:0000786|GO:0003677|GO:0030527|GO:0046982
PRED|XP_005537317.1_histone_H3_[Cyanidioschyzon_merolae_strain_10D]|0.67|0.71	GO:0000786|GO:0003677|GO:0030527|GO:0046982
PRED|XP_005537481.1_60S_ribosomal_protein_L41_[Cyanidioschyzon_merolae_strain_10D]|0.97|0.82	GO:0003735|GO:0005840|GO:0006412
PRED|XP_005538662.1_histone_H2A.Z_variant_[Cyanidioschyzon_merolae_strain_10D]|0.85|0.83	GO:0046982
PRED|XP_005538992.1_anaphase_promoting_complex_subunit_11_[Cyanidioschyzon_merolae_strain_10D]|0.64|0.91	GO:0005680|GO:0008270|GO:0031145|GO:0061630|GO:0097602
PRED|XP_005539096.1_40S_ribosomal_protein_S30_[Cyanidioschyzon_merolae_strain_10D]|0.62|0.89	GO:0003735|GO:0005840|GO:0006412|GO:0022627
PRED|XP_005986560.1_glycoprotein_hormone_beta-5_[Latimeria_chalumnae]|0.56|0.88	GO:0002155|GO:0005179|GO:0005576|GO:0005615|GO:0005737|GO:0007186
PRED|XP_005986792.1_reactive_oxygen_species_modulator_1_[Latimeria_chalumnae]|1.0|0.79	GO:0005744|GO:0030150|GO:0045039
PRED|XP_005986932.1_C-C_motif_chemokine_4_homolog_[Latimeria_chalumnae]|1.0|0.9	GO:0005576|GO:0006955|GO:0008009
PRED|XP_005986935.1_C-C_motif_chemokine_4_homolog_[Latimeria_chalumnae]|1.0|0.91	GO:0005576|GO:0006955|GO:0008009
PRED|XP_005986963.1_C-C_motif_chemokine_5-like_[Latimeria_chalumnae]|1.0|0.88	GO:0005576|GO:0005615|GO:0006954|GO:0006955|GO:0008009|GO:0030335|GO:0043547|GO:0048020|GO:0060326|GO:0061844|GO:0070098
PRED|XP_005986990.1_midkine_a_[Latimeria_chalumnae]|1.0|0.93	GO:0008083
PRED|XP_005987223.1_phospholipase_A2_[Latimeria_chalumnae]|0.95|0.91	GO:0004623|GO:0005509|GO:0005543|GO:0006644|GO:0016042|GO:0047498
PRED|XP_005987867.1_histone_H3.3A_isoform_X2_[Latimeria_chalumnae]|0.5|0.74	GO:0000786|GO:0003677|GO:0030527|GO:0046982
PRED|XP_005989100.1_anaphase-promoting_complex_subunit_11_isoform_X2_[Latimeria_chalumnae]|0.52|0.92	GO:0005680|GO:0008270|GO:0031145|GO:0061630|GO:0097602
PRED|XP_005989794.1_cocaine-_and_amphetamine-regulated_transcript_protein-like_isoform_X2_[Latimeria_chalumnae]|0.91|0.85	GO:0005615|GO:0007186|GO:0008343|GO:0009267|GO:0032099|GO:0043410
PRED|XP_005989928.1_chemokine_(C-C_motif)_ligand_44_[Latimeria_chalumnae]|0.99|0.77	GO:0005576|GO:0006955|GO:0008009
PRED|XP_005989931.1_C-C_motif_chemokine_25_[Latimeria_chalumnae]|0.99|0.85	GO:0005576|GO:0006955|GO:0008009
PRED|XP_005991125.1_acyl-CoA-binding_protein_[Latimeria_chalumnae]|0.6|0.79	GO:0000062|GO:0006631
PRED|XP_005992512.1_somatostatin_1_tandem_duplicate_1_[Latimeria_chalumnae]|0.6|0.88	GO:0005179|GO:0005576
PRED|XP_005993632.1_ATP_synthase_subunit_epsilon_mitochondrial_[Latimeria_chalumnae]|0.7|0.79	GO:0005743|GO:0015986|GO:0042776|GO:0045259|GO:0046933
PRED|XP_005995729.1_hepcidin-1_[Latimeria_chalumnae]|1.0|0.84	GO:0005576|GO:0006879
PRED|XP_005996657.1_C-type_natriuretic_peptide-like_[Latimeria_chalumnae]|0.97|0.81	GO:0005179|GO:0005576|GO:0006182|GO:0007168
PRED|XP_005996677.1_NADH_dehydrogenase_[ubiquinone]_1_subunit_C1_mitochondrial_[Latimeria_chalumnae]|0.87|0.75	GO:0005739|GO:0005747|GO:0045271
PRED|XP_005997638.1_pleckstrin_homology-like_domain_family_A_member_2_[Latimeria_chalumnae]|0.52|0.71	GO:0043065|GO:1901981
PRED|XP_005999084.1_C-C_motif_chemokine_28-like_[Latimeria_chalumnae]|0.74|0.8	GO:0005576|GO:0006955|GO:0008009
PRED|XP_005999189.1_trypsin-like_isoform_X1_[Latimeria_chalumnae]|0.75|0.8	GO:0004252|GO:0005615|GO:0006508
PRED|XP_006001599.1_ubiquitin-40S_ribosomal_protein_S27a_[Latimeria_chalumnae]|0.65|0.76	GO:0003735|GO:0005840|GO:0006412
PRED|XP_006002827.1_RING-box_protein_2_[Latimeria_chalumnae]|0.61|0.84	GO:0008270
PRED|XP_006002986.1_resistin_[Latimeria_chalumnae]|0.99|0.87	GO:0005179|GO:0005576|GO:0005615
PRED|XP_006003532.1_C-X-C_motif_chemokine_14_[Latimeria_chalumnae]|0.96|0.92	GO:0005576|GO:0006955|GO:0008009
PRED|XP_006003779.1_C-X-C_motif_chemokine_10_[Latimeria_chalumnae]|1.0|0.9	GO:0005576|GO:0006955|GO:0008009
PRED|XP_006003780.1_C-X-C_motif_chemokine_5-like_[Latimeria_chalumnae]|1.0|0.89	GO:0005576|GO:0006955|GO:0008009
PRED|XP_006003784.1_growth-regulated_protein_homolog_beta_isoform_X1_[Latimeria_chalumnae]|1.0|0.91	GO:0005576|GO:0006955|GO:0008009
PRED|XP_006003785.1_platelet_basic_protein_isoform_X2_[Latimeria_chalumnae]|1.0|0.91	GO:0005576|GO:0006955|GO:0008009
PRED|XP_006003843.1_serine_protease_inhibitor_Kazal-type_1_[Latimeria_chalumnae]|0.68|0.7	GO:0004867
PRED|XP_006003921.1_60S_ribosomal_protein_L39_[Latimeria_chalumnae]|0.69|0.91	GO:0003735|GO:0005840|GO:0006412|GO:0022625
PRED|XP_006003935.1_lysozyme_g_[Latimeria_chalumnae]|0.88|0.79	GO:0003796|GO:0005576|GO:0009253|GO:0050830
PRED|XP_006003991.1_ubiquitin-ribosomal_protein_eL40_fusion_protein_[Latimeria_chalumnae]|0.96|0.9	GO:0006412
PRED|XP_006004660.1_glycoprotein_hormone_alpha-2_[Latimeria_chalumnae]|0.65|0.91	GO:0005179|GO:0005576|GO:0005615|GO:0007166|GO:0051427
PRED|XP_006006910.1_von_Willebrand_factor_D_and_EGF_domain-containing_protein_isoform_X1_[Latimeria_chalumnae]|0.92|0.86	GO:0001568|GO:0005102|GO:0005576|GO:0007368|GO:0007507|GO:0009952|GO:0009986|GO:0038092|GO:0038100|GO:0048856|GO:0070697
PRED|XP_006006911.1_von_Willebrand_factor_D_and_EGF_domain-containing_protein_isoform_X2_[Latimeria_chalumnae]|0.93|0.9	GO:0001568|GO:0005102|GO:0005576|GO:0007368|GO:0007507|GO:0009952|GO:0009986|GO:0038092|GO:0038100|GO:0048856|GO:0070697
PRED|XP_006007045.1_ovomucoid-like_[Latimeria_chalumnae]|0.97|0.84	GO:0004867
PRED|XP_006007251.1_prostate_stem_cell_antigen_[Latimeria_chalumnae]|0.65|0.84	GO:0016020|GO:0035036
PRED|XP_006009143.1_prokineticin-2_[Latimeria_chalumnae]|0.99|0.87	GO:0001935
PRED|XP_006009315.1_C-X-C_motif_chemokine_3_[Latimeria_chalumnae]|0.86|0.76	GO:0005576|GO:0006955|GO:0008009
PRED|XP_006009497.1_chemokine_(C-X-C_motif)_ligand_12a_(stromal_cell-derived_factor_1)_isoform_X1_[Latimeria_chalumnae]|1.0|0.93	GO:0005576|GO:0006955|GO:0008009
PRED|XP_006011323.1_trypsin-2-like_[Latimeria_chalumnae]|0.55|0.72	GO:0004252|GO:0005615|GO:0006508
PRED|XP_006011515.1_interleukin-8_[Latimeria_chalumnae]|1.0|0.91	GO:0005576|GO:0006955|GO:0008009
PRED|XP_006011516.1_interleukin-8-like_[Latimeria_chalumnae]|1.0|0.93	GO:0005576|GO:0006955|GO:0008009
PRED|XP_006011973.1_retinoic_acid_receptor_responder_protein_2-like_[Latimeria_chalumnae]|0.93|0.75	GO:0005102|GO:0005615|GO:0006954|GO:0031012|GO:0045087|GO:0050921|GO:0050994
PRED|XP_006012040.1_group_XIIA_secretory_phospholipase_A2_isoform_X4_[Latimeria_chalumnae]|0.57|0.75	GO:0004623|GO:0005509|GO:0005576|GO:0016042
PRED|XP_006012161.1_ovomucoid-like_[Latimeria_chalumnae]|1.0|0.89	GO:0004867
PRED|XP_006012672.1_metalloproteinase_inhibitor_2-like_[Latimeria_chalumnae]|0.79|0.77	GO:0002020|GO:0005615|GO:0008191|GO:0010033|GO:0010951|GO:0031012|GO:0051045
PRED|XP_006013202.1_histone_H2B_7-like_[Latimeria_chalumnae]|1.0|0.8	GO:0000786|GO:0003677|GO:0030527|GO:0046982
PRED|XP_006013203.1_late_histone_H2B.L4-like_[Latimeria_chalumnae]|1.0|0.79	GO:0000786|GO:0003677|GO:0030527|GO:0046982
PRED|XP_006013246.1_signal_peptidase_complex_subunit_1_[Latimeria_chalumnae]|0.66|0.78	GO:0005787|GO:0006465|GO:0016020|GO:0045047
PRED|XP_006013598.2_late_histone_H2B.L4-like_[Latimeria_chalumnae]|1.0|0.75	GO:0000786|GO:0003677|GO:0030527|GO:0046982
PRED|XP_006013918.1_H3_histone_family_3A_[Latimeria_chalumnae]|0.5|0.73	GO:0000786|GO:0003677|GO:0030527|GO:0046982
PRED|XP_006013919.1_H3_histone_family_3A_[Latimeria_chalumnae]|0.5|0.73	GO:0000786|GO:0003677|GO:0030527|GO:0046982
PRED|XP_006013920.1_H3_histone_family_3A_[Latimeria_chalumnae]|0.5|0.74	GO:0000786|GO:0003677|GO:0030527|GO:0046982
PRED|XP_006014612.1_histone_H2B_type_1-O-like_[Latimeria_chalumnae]|0.99|0.84	GO:0000786|GO:0003677|GO:0030527|GO:0046982
PRED|XP_006228473.1_small_ribosomal_subunit_protein_eS19_isoform_X3_[Rattus_norvegicus]|0.68|0.72	GO:0000028|GO:0003723|GO:0003735|GO:0005840|GO:0006412|GO:0022627
PRED|XP_006228881.1_FXYD_domain-containing_ion_transport_regulator_3_isoform_X1_[Rattus_norvegicus]|0.9|0.77	GO:0016020|GO:0017080|GO:0043269|GO:0099106|GO:2000649
PRED|XP_006229975.3_hemoglobin_beta_adult_major_chain_isoform_X1_[Rattus_norvegicus]|0.99|0.75	GO:0004601|GO:0005344|GO:0005833|GO:0015671|GO:0019825|GO:0020037|GO:0031720|GO:0031721|GO:0031838|GO:0042744|GO:0043177|GO:0072562
PRED|XP_006233045.1_small_ribosomal_subunit_protein_bS21m_isoform_X1_[Rattus_norvegicus]|0.56|0.9	GO:0003735|GO:0005840|GO:0006412
PRED|XP_006234511.1_proteoglycan_3_isoform_X1_[Rattus_norvegicus]|0.97|0.85	GO:0006955
PRED|XP_006234512.1_proteoglycan_3_isoform_X1_[Rattus_norvegicus]|0.97|0.85	GO:0006955
PRED|XP_006234655.1_midkine_isoform_X2_[Rattus_norvegicus]|1.0|0.93	GO:0008083
PRED|XP_006236477.1_retinoic_acid_receptor_responder_protein_2_isoform_X1_[Rattus_norvegicus]|0.74|0.78	GO:0005102|GO:0005615|GO:0006954|GO:0031012|GO:0045087|GO:0050921|GO:0050994
PRED|XP_006236478.1_retinoic_acid_receptor_responder_protein_2_isoform_X2_[Rattus_norvegicus]|0.69|0.78	GO:0005102|GO:0005615|GO:0006954|GO:0031012|GO:0045087|GO:0050921|GO:0050994
PRED|XP_006239201.1_phospholipase_A2_group_V_isoform_X1_[Rattus_norvegicus]|0.92|0.85	GO:0004623|GO:0005509|GO:0005543|GO:0006644|GO:0016042|GO:0042130|GO:0047498|GO:0050482
PRED|XP_006239204.1_group_IIC_secretory_phospholipase_A2_isoform_X1_[Rattus_norvegicus]|0.75|0.92	GO:0004623|GO:0005102|GO:0005509|GO:0005543|GO:0006633|GO:0006644|GO:0016042|GO:0047498|GO:0048146
PRED|XP_006239205.1_group_IIC_secretory_phospholipase_A2_isoform_X1_[Rattus_norvegicus]|0.75|0.92	GO:0004623|GO:0005102|GO:0005509|GO:0005543|GO:0006633|GO:0006644|GO:0016042|GO:0047498|GO:0048146
PRED|XP_006239208.1_phospholipase_A2_membrane_associated_isoform_X1_[Rattus_norvegicus]|1.0|0.92	GO:0004623|GO:0005509|GO:0005543|GO:0006644|GO:0016042|GO:0042130|GO:0047498
PRED|XP_006244187.1_lysozyme-like_protein_4_isoform_X1_[Rattus_norvegicus]|0.98|0.84	GO:0001669|GO:0003796|GO:0007342|GO:0036126
PRED|XP_006245226.1_C-C_motif_chemokine_20_isoform_X1_[Rattus_norvegicus]|0.79|0.76	GO:0005576|GO:0006955|GO:0008009
PRED|XP_006247968.1_anaphase-promoting_complex_subunit_11_isoform_X1_[Rattus_norvegicus]|0.56|0.93	GO:0005680|GO:0008270|GO:0031145|GO:0061630|GO:0097602
PRED|XP_006248345.1_resistin-like_alpha_isoform_X1_[Rattus_norvegicus]|0.98|0.93	GO:0005179|GO:0005576|GO:0005615
PRED|XP_006251449.1_H2A.Z_variant_histone_2_isoform_X1_[Rattus_norvegicus]|0.59|0.71	GO:0046982
PRED|XP_006251937.1_ribonuclease_pancreatic_gamma-type_isoform_X1_[Rattus_norvegicus]|0.99|0.76	GO:0003676|GO:0004540|GO:0050830|GO:0090501
PRED|XP_006251955.1_ribonuclease_pancreatic_delta-type_isoform_X1_[Rattus_norvegicus]|0.92|0.79	GO:0003676|GO:0004540|GO:0050830|GO:0090501
PRED|XP_006252997.1_ubiquitin-ribosomal_protein_eL40_fusion_protein_isoform_X3_[Rattus_norvegicus]|0.92|0.89	GO:0006412
PRED|XP_006253428.1_defensin_alpha_4_isoform_X1_[Rattus_norvegicus]|0.98|0.81	GO:0005576|GO:0005615|GO:0006952
PRED|XP_006338457.1_non-specific_lipid-transfer_protein_A-like_[Solanum_tuberosum]|0.9|0.89	GO:0006869|GO:0008289
PRED|XP_006339360.1_defensin-like_protein_[Solanum_tuberosum]|1.0|0.75	GO:0006952
PRED|XP_006339755.1_ubiquitin-60S_ribosomal_protein_L40_[Solanum_tuberosum]|0.88|0.85	GO:0006412
PRED|XP_006340089.1_histone_H4_[Solanum_tuberosum]|0.91|0.86	GO:0003677|GO:0030527|GO:0046982
PRED|XP_006340286.1_60S_ribosomal_protein_L30_[Solanum_tuberosum]|0.52|0.88	GO:0003723
PRED|XP_006340427.1_protein_CLAVATA_3_[Solanum_tuberosum]|0.93|0.86	GO:0033612
PRED|XP_006340814.1_basic_endochitinase-like_[Solanum_tuberosum]|0.54|0.78	GO:0004568|GO:0005975|GO:0006032|GO:0016998|GO:0050832
PRED|XP_006341021.1_expansin-A3_[Solanum_tuberosum]|0.59|0.77	GO:0005576|GO:0009664
PRED|XP_006341061.1_histone_H2A-like_[Solanum_tuberosum]|0.88|0.7	GO:0000786|GO:0003677|GO:0030527|GO:0046982
PRED|XP_006341148.1_histone_H2AX-like_[Solanum_tuberosum]|0.68|0.71	GO:0000786|GO:0003677|GO:0030527|GO:0046982
PRED|XP_006341439.1_mitochondrial_protein_pet191_homolog_[Solanum_tuberosum]|0.59|0.88	GO:0005739|GO:0033617
PRED|XP_006342110.1_NADH_dehydrogenase_[ubiquinone]_1_beta_subcomplex_subunit_2_[Solanum_tuberosum]|0.54|0.88	GO:0005743|GO:0045271
PRED|XP_006343783.1_ubiquitin-60S_ribosomal_protein_L40_[Solanum_tuberosum]|0.88|0.85	GO:0006412
PRED|XP_006344831.1_uncharacterized_protein_[Solanum_tuberosum]|0.65|0.83	GO:0008285
PRED|XP_006345118.1_mitochondrial_import_receptor_subunit_TOM5_homolog_[Solanum_tuberosum]|0.52|0.8	GO:0005739|GO:0005742
PRED|XP_006345269.1_non-specific_lipid-transfer_protein_2-like_[Solanum_tuberosum]|1.0|0.95	GO:0006869|GO:0008289
PRED|XP_006345846.1_histone_H2B.3-like_[Solanum_tuberosum]|0.69|0.81	GO:0000786|GO:0003677|GO:0030527|GO:0046982
PRED|XP_006346674.1_non-specific_lipid-transfer_protein_1-like_[Solanum_tuberosum]|0.99|0.93	GO:0006869|GO:0008289
PRED|XP_006347027.1_pistil-specific_extensin-like_protein_[Solanum_tuberosum]|0.54|0.7	GO:0071944
PRED|XP_006347954.1_non-specific_lipid-transfer_protein_A-like_[Solanum_tuberosum]|1.0|0.91	GO:0006869|GO:0008289
PRED|XP_006347955.1_non-specific_lipid-transfer_protein_1-like_[Solanum_tuberosum]|1.0|0.86	GO:0006869|GO:0008289
PRED|XP_006349012.1_histone_H4_[Solanum_tuberosum]|0.96|0.87	GO:0003677|GO:0030527|GO:0046982
PRED|XP_006349042.1_histone_H2B.2_[Solanum_tuberosum]|0.85|0.81	GO:0000786|GO:0003677|GO:0030527|GO:0046982
PRED|XP_006349399.1_basic_blue_protein-like_[Solanum_tuberosum]|0.97|0.9	GO:0005886|GO:0009055
PRED|XP_006349400.1_basic_blue_protein-like_[Solanum_tuberosum]|0.92|0.83	GO:0005886|GO:0009055
PRED|XP_006349401.1_basic_blue_protein-like_[Solanum_tuberosum]|0.91|0.85	GO:0005886|GO:0009055
PRED|XP_006349402.1_basic_blue_protein-like_[Solanum_tuberosum]|0.98|0.9	GO:0005886|GO:0009055
PRED|XP_006349505.1_expansin-A3-like_[Solanum_tuberosum]|0.9|0.79	GO:0005576|GO:0009664
PRED|XP_006349986.1_histone_H2B.3-like_[Solanum_tuberosum]|0.9|0.84	GO:0000786|GO:0003677|GO:0030527|GO:0046982
PRED|XP_006349988.1_histone_H2B-like_[Solanum_tuberosum]|0.72|0.84	GO:0000786|GO:0003677|GO:0030527|GO:0046982
PRED|XP_006350326.1_wound-induced_proteinase_inhibitor_2-like_[Solanum_tuberosum]|1.0|0.86	GO:0004867
PRED|XP_006350492.1_ubiquitin-60S_ribosomal_protein_L40_[Solanum_tuberosum]|0.88|0.85	GO:0006412
PRED|XP_006350652.1_EPIDERMAL_PATTERNING_FACTOR-like_protein_4_isoform_X3_[Solanum_tuberosum]|0.94|0.84	GO:0010052|GO:0010374
PRED|XP_006350759.1_uncharacterized_protein_[Solanum_tuberosum]|0.53|0.74	GO:0003735|GO:0006412|GO:0032543
PRED|XP_006351572.1_proteinase_inhibitor_type-2_K-like_[Solanum_tuberosum]|0.97|0.88	GO:0004867
PRED|XP_006351881.1_selenoprotein_K_homolog_[Solanum_tuberosum]|0.59|0.79	GO:0005789|GO:0005794|GO:0006816|GO:0032469
PRED|XP_006352212.1_ubiquitin-60S_ribosomal_protein_L40_[Solanum_tuberosum]|0.88|0.85	GO:0006412
PRED|XP_006352915.1_40S_ribosomal_protein_S30_[Solanum_tuberosum]|0.95|0.81	GO:0003735|GO:0005840|GO:0006412|GO:0022627
PRED|XP_006353344.1_putative_non-specific_lipid-transfer_protein_14_[Solanum_tuberosum]|0.89|0.8	GO:0006869|GO:0008289
PRED|XP_006353513.1_40S_ribosomal_protein_S30_[Solanum_tuberosum]|0.95|0.89	GO:0003735|GO:0005840|GO:0006412|GO:0022627
PRED|XP_006355279.1_non-specific_lipid-transfer_protein_2_[Solanum_tuberosum]|0.99|0.94	GO:0006869|GO:0008289
PRED|XP_006355280.1_non-specific_lipid-transfer_protein_2-like_[Solanum_tuberosum]|0.99|0.95	GO:0006869|GO:0008289
PRED|XP_006355281.1_non-specific_lipid-transfer_protein_2-like_[Solanum_tuberosum]|1.0|0.95	GO:0006869|GO:0008289
PRED|XP_006355283.1_non-specific_lipid_transfer_protein_a7_isoform_X1_[Solanum_tuberosum]|0.99|0.94	GO:0006869|GO:0008289
PRED|XP_006355508.1_uncharacterized_protein_[Solanum_tuberosum]|0.7|0.82	GO:0005744|GO:0030150|GO:0045039
PRED|XP_006356040.1_probable_histone_H2AXb_[Solanum_tuberosum]|0.75|0.7	GO:0000786|GO:0003677|GO:0030527|GO:0046982
PRED|XP_006356072.1_probable_signal_peptidase_complex_subunit_1_[Solanum_tuberosum]|0.6|0.8	GO:0005787|GO:0006465|GO:0016020|GO:0045047
PRED|XP_006356715.1_non-specific_lipid-transfer_protein-like_[Solanum_tuberosum]|0.79|0.72	GO:0006869|GO:0008289
PRED|XP_006356972.1_rapid_alkalinization_factor-like_[Solanum_tuberosum]|0.76|0.85	GO:0009506|GO:0019722
PRED|XP_006357533.1_proteinase_inhibitor_PSI-1.2_[Solanum_tuberosum]|0.97|0.94	GO:0004867
PRED|XP_006357816.1_proteinase_inhibitor_type-2-like_[Solanum_tuberosum]|0.97|0.83	GO:0004867
PRED|XP_006358104.1_uncharacterized_protein_[Solanum_tuberosum]|0.81|0.75	GO:0006970|GO:0006995
PRED|XP_006359485.1_defensin-like_protein_[Solanum_tuberosum]|1.0|0.87	GO:0006952
PRED|XP_006359486.1_defensin-like_protein_[Solanum_tuberosum]|1.0|0.93	GO:0006952
PRED|XP_006359487.1_defensin-like_protein_[Solanum_tuberosum]|1.0|0.95	GO:0006952
PRED|XP_006360200.1_uncharacterized_protein_[Solanum_tuberosum]|0.99|0.78	GO:0005504|GO:0009627
PRED|XP_006360974.2_protein_RALF-like_32_[Solanum_tuberosum]|0.52|0.8	GO:0009506|GO:0019722
PRED|XP_006361210.2_uncharacterized_protein_[Solanum_tuberosum]|0.92|0.82	GO:0003677|GO:0030527|GO:0046982
PRED|XP_006361212.1_histone_H2B.7-like_[Solanum_tuberosum]|0.85|0.81	GO:0000786|GO:0003677|GO:0030527|GO:0046982
PRED|XP_006361318.1_proteinase_inhibitor_PSI-1.2-like_[Solanum_tuberosum]|0.58|0.72	GO:0004867
PRED|XP_006362358.1_non-specific_lipid-transfer_protein_1-like_[Solanum_tuberosum]|1.0|0.95	GO:0006869|GO:0008289
PRED|XP_006362359.2_non-specific_lipid-transfer_protein_2-like_[Solanum_tuberosum]|0.98|0.9	GO:0006869|GO:0008289
PRED|XP_006362360.1_non-specific_lipid-transfer_protein_2-like_[Solanum_tuberosum]|1.0|0.95	GO:0006869|GO:0008289
PRED|XP_006363342.1_histone_H4_[Solanum_tuberosum]|0.91|0.84	GO:0003677|GO:0030527|GO:0046982
PRED|XP_006363380.1_histone_H2A_[Solanum_tuberosum]|0.92|0.7	GO:0000786|GO:0003677|GO:0030527|GO:0046982
PRED|XP_006363382.1_histone_H2A_[Solanum_tuberosum]|0.9|0.7	GO:0000786|GO:0003677|GO:0030527|GO:0046982
PRED|XP_006363468.1_probable_histone_H2AXb_[Solanum_tuberosum]|0.75|0.71	GO:0000786|GO:0003677|GO:0030527|GO:0046982
PRED|XP_006363672.1_trypsin_inhibitor_1-like_[Solanum_tuberosum]|0.77|0.89	GO:0004867|GO:0009611
PRED|XP_006364043.1_putative_late_blight_resistance_protein_homolog_R1A-3_[Solanum_tuberosum]|0.98|0.82	GO:0043531
PRED|XP_006364445.1_histone_H2B_[Solanum_tuberosum]|0.66|0.86	GO:0000786|GO:0003677|GO:0030527|GO:0046982
PRED|XP_006364607.2_chitin-binding_lectin_1-like_[Solanum_tuberosum]|1.0|0.79	GO:0008061
PRED|XP_006365510.1_putative_lipid-transfer_protein_DIR1_[Solanum_tuberosum]|0.79|0.73	GO:0005504|GO:0009627
PRED|XP_006365640.1_defensin-like_protein_[Solanum_tuberosum]|1.0|0.75	GO:0006952
PRED|XP_006365711.1_histone_H4_[Solanum_tuberosum]|0.91|0.86	GO:0003677|GO:0030527|GO:0046982
PRED|XP_006366969.1_60S_ribosomal_protein_L30-like_[Solanum_tuberosum]|0.56|0.87	GO:0003723
PRED|XP_006367121.1_defensin_J1-2_[Solanum_tuberosum]|1.0|0.94	GO:0006952
PRED|XP_006367353.1_ubiquitin-60S_ribosomal_protein_L40_[Solanum_tuberosum]|0.88|0.85	GO:0006412
PRED|XP_006367394.1_non-specific_lipid-transfer_protein_2_[Solanum_tuberosum]|0.99|0.94	GO:0006869|GO:0008289
PRED|XP_006367395.1_non-specific_lipid-transfer_protein_2-like_[Solanum_tuberosum]|0.99|0.94	GO:0006869|GO:0008289
PRED|XP_006367396.1_non-specific_lipid-transfer_protein_2_[Solanum_tuberosum]|0.99|0.91	GO:0006869|GO:0008289
PRED|XP_006367397.1_non-specific_lipid-transfer_protein_1_[Solanum_tuberosum]|0.99|0.94	GO:0006869|GO:0008289
PRED|XP_006367725.1_non-specific_lipid-transfer_protein_4-like_[Solanum_tuberosum]|0.98|0.89	GO:0006869|GO:0008289
PRED|XP_006367904.1_non-specific_lipid-transfer_protein_1-like_[Solanum_tuberosum]|0.63|0.85	GO:0006869|GO:0008289
PRED|XP_006368104.1_lipid_transfer-like_protein_VAS_partial_[Solanum_tuberosum]|0.99|0.91	GO:0005504|GO:0009627
PRED|XP_006368124.1_proteinase_inhibitor_type-2_CEVI57-like_partial_[Solanum_tuberosum]|1.0|0.91	GO:0004867
PRED|XP_006368148.1_geranylgeranyl_transferase_type-2_subunit_beta-like_partial_[Solanum_tuberosum]|0.6|0.85	GO:0004663|GO:0005968|GO:0008318|GO:0018342|GO:0018344
PRED|XP_006369492.1_non-specific_lipid-transfer_protein_8_isoform_X1_[Populus_trichocarpa]|0.7|0.89	GO:0006869|GO:0008289
PRED|XP_006371499.3_endochitinase_EP3_[Populus_trichocarpa]|0.59|0.74	GO:0004568|GO:0005975|GO:0006032|GO:0008061|GO:0016998
PRED|XP_006372124.1_cytochrome_c_oxidase_assembly_factor_6_isoform_X3_[Populus_trichocarpa]|0.85|0.79	GO:0005739
PRED|XP_006374915.2_protein_RALF-like_34_[Populus_trichocarpa]|0.99|0.83	GO:0009506|GO:0019722
PRED|XP_006375125.2_non-specific_lipid-transfer_protein_A_[Populus_trichocarpa]|0.99|0.89	GO:0006869|GO:0008289
PRED|XP_006379009.1_histone_H2B_[Populus_trichocarpa]|0.72|0.82	GO:0000786|GO:0003677|GO:0030527|GO:0046982
PRED|XP_006379508.1_probable_histone_H2B.3_[Populus_trichocarpa]|0.76|0.79	GO:0000786|GO:0003677|GO:0030527|GO:0046982
PRED|XP_006379513.1_histone_H2B_[Populus_trichocarpa]|0.68|0.83	GO:0000786|GO:0003677|GO:0030527|GO:0046982
PRED|XP_006379514.2_histone_H2B_[Populus_trichocarpa]|0.61|0.75	GO:0000786|GO:0003677|GO:0030527|GO:0046982
PRED|XP_006382486.1_protein_RALF-like_33_[Populus_trichocarpa]|0.81|0.79	GO:0009506|GO:0019722
PRED|XP_006382662.3_histone_H2AX_[Populus_trichocarpa]|0.84|0.72	GO:0046982
PRED|XP_006383119.1_histone_H4_[Populus_trichocarpa]|0.96|0.86	GO:0003677|GO:0030527|GO:0046982
PRED|XP_006383122.1_histone_H4_[Populus_trichocarpa]|0.96|0.87	GO:0003677|GO:0030527|GO:0046982
PRED|XP_006383409.1_non-specific_lipid-transfer_protein_2-like_[Populus_trichocarpa]|0.97|0.94	GO:0006869
PRED|XP_006383762.1_NADH_dehydrogenase_[ubiquinone]_1_beta_subcomplex_subunit_2_[Populus_trichocarpa]|0.62|0.88	GO:0005743|GO:0045271
PRED|XP_006384170.3_histone_H2B_[Populus_trichocarpa]|0.8|0.82	GO:0000786|GO:0003677|GO:0030527|GO:0046982
PRED|XP_006387199.2_non-specific_lipid-transfer_protein_1_isoform_X3_[Populus_trichocarpa]|0.97|0.93	GO:0006869|GO:0008289
PRED|XP_006389381.1_protein_RALF-like_33_[Populus_trichocarpa]|1.0|0.75	GO:0009506|GO:0019722
PRED|XP_006498973.1_oxytocin-neurophysin_1_isoform_X1_[Mus_musculus]|0.81|0.78	GO:0005184|GO:0005185|GO:0005576|GO:0005615|GO:0030141|GO:0031855|GO:0031894
PRED|XP_006499139.1_WAP_four-disulfide_core_domain_protein_6A_isoform_X2_[Mus_musculus]|0.66|0.8	GO:0005615|GO:0010466
PRED|XP_006504507.1_C-C_motif_chemokine_24_isoform_X1_[Mus_musculus]|0.99|0.9	GO:0005576|GO:0005615|GO:0006954|GO:0006955|GO:0008009|GO:0030335|GO:0043547|GO:0048020|GO:0048245|GO:0060326|GO:0061844|GO:0070098
PRED|XP_006507275.1_calcitonin_gene-related_peptide_2_isoform_X1_[Mus_musculus]|0.68|0.75	GO:0005179|GO:0005576|GO:0005615|GO:0007189|GO:0031716|GO:0051480
PRED|XP_006507276.1_calcitonin_gene-related_peptide_2_isoform_X1_[Mus_musculus]|0.68|0.75	GO:0005179|GO:0005576|GO:0005615|GO:0007189|GO:0031716|GO:0051480
PRED|XP_006508990.1_sperm-associated_antigen_11A_isoform_X1_[Mus_musculus]|1.0|0.92	GO:0005576|GO:0061844
PRED|XP_006512311.1_lysozyme-like_protein_4_isoform_X1_[Mus_musculus]|0.95|0.83	GO:0001669|GO:0007342|GO:0036126
PRED|XP_006513019.1_protein_transport_protein_Sec61_subunit_gamma-like_[Mus_musculus]|0.61|0.8	GO:0006605|GO:0006886|GO:0008320|GO:0015031|GO:0016020
PRED|XP_006517371.1_C-X-C_motif_chemokine_14_isoform_X2_[Mus_musculus]|1.0|0.78	GO:0005576|GO:0006955|GO:0008009
PRED|XP_006518734.1_mast_cell_protease_8_isoform_X1_[Mus_musculus]|0.67|0.76	GO:0005737|GO:0043231
PRED|XP_006519411.1_angiogenin_ribonuclease_A_family_member_6_isoform_X1_[Mus_musculus]|0.94|0.88	GO:0001525|GO:0003676|GO:0004540|GO:0005615|GO:0019731|GO:0045087|GO:0050830|GO:0061844
PRED|XP_006519541.1_large_ribosomal_subunit_protein_mL63_isoform_X1_[Mus_musculus]|0.66|0.75	GO:0003735|GO:0005761|GO:0032543
PRED|XP_006519702.1_inactive_ribonuclease-like_protein_10_isoform_X1_[Mus_musculus]|0.71|0.82	GO:0003676|GO:0050830
PRED|XP_006520324.1_chemokine-like_protein_TAFA-5_isoform_X2_[Mus_musculus]|0.59|0.7	GO:0001664|GO:0005615|GO:0007186|GO:0048018
PRED|XP_006524093.1_trefoil_factor_1_isoform_X1_[Mus_musculus]|0.97|0.74	GO:0005615|GO:0030277
PRED|XP_006530845.1_C-C_motif_chemokine_17_isoform_X1_[Mus_musculus]|1.0|0.94	GO:0005576|GO:0006955|GO:0008009
PRED|XP_006532311.1_histone_H3.3_isoform_X1_[Mus_musculus]|0.5|0.74	GO:0000786|GO:0003677|GO:0030527|GO:0046982
PRED|XP_006532917.1_large_ribosomal_subunit_protein_uL22m_isoform_X2_[Mus_musculus]|0.69|0.79	GO:0003735|GO:0005762|GO:0005840|GO:0006412|GO:0015934
PRED|XP_006538721.2_phospholipase_A2_group_V_isoform_X1_[Mus_musculus]|0.7|0.83	GO:0004623|GO:0005509|GO:0005543|GO:0006644|GO:0016042|GO:0042130|GO:0047498|GO:0050482
PRED|XP_006557391.2_eclosion_hormone_[Apis_mellifera]|1.0|0.82	GO:0007218|GO:0008255|GO:0018990
PRED|XP_006562154.1_mitochondrial_import_inner_membrane_translocase_subunit_TIM14_isoform_X1_[Apis_mellifera]|0.78|0.76	GO:0001405|GO:0001671|GO:0030150
PRED|XP_006562632.1_histone_H2A.V_[Apis_mellifera]|0.81|0.71	GO:0046982
PRED|XP_006563134.1_histone_H3.3_[Apis_mellifera]|0.5|0.73	GO:0000786|GO:0003677|GO:0030527|GO:0046982
PRED|XP_006563135.1_histone_H3.3_[Apis_mellifera]|0.5|0.74	GO:0000786|GO:0003677|GO:0030527|GO:0046982
PRED|XP_006564597.1_putative_acyl-CoA-binding_protein_[Apis_mellifera]|0.74|0.88	GO:0000062|GO:0006631
PRED|XP_006566449.1_reactive_oxygen_species_modulator_1_[Apis_mellifera]|0.75|0.9	GO:0005744|GO:0030150|GO:0045039
PRED|XP_006570153.1_uncharacterized_protein_LOC551031_[Apis_mellifera]|0.99|0.75	GO:0005576|GO:0008201|GO:0048332
PRED|XP_006570863.1_histone_H4_[Apis_mellifera]|0.96|0.83	GO:0003677|GO:0030527|GO:0046982
PRED|XP_006573392.1_non-specific_lipid-transfer_protein_1_isoform_X2_[Glycine_max]|1.0|0.9	GO:0006869|GO:0008289
PRED|XP_006580012.1_uncharacterized_protein_[Glycine_max]|1.0|0.87	GO:0005576|GO:0050832
PRED|XP_006581153.1_expansin-A11_[Glycine_max]|0.82|0.7	GO:0005576
PRED|XP_006585876.1_defensin-like_protein_[Glycine_max]|0.93|0.87	GO:0006491|GO:0006952|GO:0017177
PRED|XP_006586320.1_defensin_Ec-AMP-D1_[Glycine_max]|1.0|0.95	GO:0006952
PRED|XP_006589291.1_uncharacterized_protein_At1g05835_[Glycine_max]|0.84|0.86	GO:0001709
PRED|XP_006590235.1_putative_lipid-transfer_protein_DIR1_[Glycine_max]|0.99|0.85	GO:0005504|GO:0009627
PRED|XP_006590794.1_NADH_dehydrogenase_[ubiquinone]_1_beta_subcomplex_subunit_2_[Glycine_max]|0.92|0.89	GO:0005743|GO:0045271
PRED|XP_006595093.1_EPIDERMAL_PATTERNING_FACTOR-like_protein_3_[Glycine_max]|0.51|0.75	GO:0010052|GO:0010374
PRED|XP_006597302.1_histone_H4_[Glycine_max]|0.96|0.87	GO:0003677|GO:0030527|GO:0046982
PRED|XP_006605041.1_uncharacterized_protein_[Glycine_max]|0.63|0.76	GO:0003735|GO:0005840|GO:0006412|GO:0015934|GO:0022625|GO:0070180
PRED|XP_006606506.1_signal_peptidase_complex_subunit_3B_isoform_X3_[Glycine_max]|0.65|0.86	GO:0005787|GO:0006465|GO:0016020
PRED|XP_006606531.1_protein_RALF-like_33_[Glycine_max]|0.78|0.79	GO:0009506|GO:0019722
PRED|XP_006606947.2_putative_lipid-transfer_protein_DIR1_[Glycine_max]|0.96|0.87	GO:0005504|GO:0009627
PRED|XP_006722934.1_ubiquitin-ribosomal_protein_eL40_fusion_protein_isoform_X2_[Homo_sapiens]|0.96|0.89	GO:0006412
PRED|XP_006723179.2_fms-related_tyrosine_kinase_3_ligand_isoform_X4_[Homo_sapiens]|0.55|0.81	GO:0005125|GO:0005615|GO:0008284|GO:0009986|GO:0016020|GO:0030971
PRED|XP_006723981.1_histone_H2B_type_F-S-like_[Homo_sapiens]|1.0|0.84	GO:0000786|GO:0003677|GO:0030527|GO:0046982
PRED|XP_007009154.1_PREDICTED:_uncharacterized_protein_LOC18585987_[Theobroma_cacao]|0.51|0.91	GO:0005504|GO:0009627
PRED|XP_007009385.1_PREDICTED:_histone_H4_[Theobroma_cacao]|0.96|0.86	GO:0003677|GO:0030527|GO:0046982
PRED|XP_007010071.1_PREDICTED:_histone_H2B_[Theobroma_cacao]|0.68|0.86	GO:0000786|GO:0003677|GO:0030527|GO:0046982
PRED|XP_007010260.1_PREDICTED:_uncharacterized_protein_LOC18586690_[Theobroma_cacao]|0.94|0.92	GO:0005504|GO:0009627
PRED|XP_007012362.2_PREDICTED:_uncharacterized_protein_At4g33100_[Theobroma_cacao]|0.54|0.7	GO:0005634|GO:0005758|GO:0005829|GO:0045332|GO:1990050
PRED|XP_007012933.1_PREDICTED:_40S_ribosomal_protein_S30_[Theobroma_cacao]|0.93|0.89	GO:0003735|GO:0005840|GO:0006412|GO:0022627
PRED|XP_007013955.2_PREDICTED:_tetraspanin-8_[Theobroma_cacao]|0.51|0.82	GO:0009734|GO:0016020
PRED|XP_007014216.1_PREDICTED:_histone_H4_[Theobroma_cacao]|0.96|0.87	GO:0003677|GO:0030527|GO:0046982
PRED|XP_007015627.2_PREDICTED:_uncharacterized_protein_LOC18590180_[Theobroma_cacao]|1.0|0.88	GO:0007165
PRED|XP_007016059.1_PREDICTED:_histone_H2B_[Theobroma_cacao]|0.53|0.8	GO:0000786|GO:0003677|GO:0030527|GO:0046982
PRED|XP_007016396.1_PREDICTED:_expansin-A4_[Theobroma_cacao]|0.89|0.7	GO:0005576|GO:0009664
PRED|XP_007016483.1_PREDICTED:_histone_H4_[Theobroma_cacao]|0.96|0.87	GO:0003677|GO:0030527|GO:0046982
PRED|XP_007016494.1_PREDICTED:_probable_histone_H2B.1_[Theobroma_cacao]|0.72|0.81	GO:0000786|GO:0003677|GO:0030527|GO:0046982
PRED|XP_007016577.1_PREDICTED:_histone_H4_[Theobroma_cacao]|0.96|0.86	GO:0003677|GO:0030527|GO:0046982
PRED|XP_007017911.1_PREDICTED:_uncharacterized_protein_LOC18591624_[Theobroma_cacao]|0.93|0.72	GO:0005739
PRED|XP_007017978.1_PREDICTED:_NADH_dehydrogenase_[ubiquinone]_1_beta_subcomplex_subunit_2_[Theobroma_cacao]|0.71|0.84	GO:0005743|GO:0045271
PRED|XP_007020657.2_PREDICTED:_putative_lipid-transfer_protein_DIR1_[Theobroma_cacao]|0.69|0.75	GO:0005504|GO:0009627
PRED|XP_007022728.2_PREDICTED:_expansin-A5_[Theobroma_cacao]|0.52|0.72	GO:0005576|GO:0009664
PRED|XP_007022729.2_PREDICTED:_expansin-A5_[Theobroma_cacao]|0.52|0.72	GO:0005576|GO:0009664
PRED|XP_007022999.1_PREDICTED:_non-specific_lipid-transfer_protein_C_cotyledon-specific_isoform_[Theobroma_cacao]|1.0|0.91	GO:0006869|GO:0008289
PRED|XP_007024390.1_PREDICTED:_40S_ribosomal_protein_S30_[Theobroma_cacao]|0.95|0.89	GO:0003735|GO:0005840|GO:0006412|GO:0022627
PRED|XP_007024825.1_PREDICTED:_histone_H4_[Theobroma_cacao]|0.96|0.87	GO:0003677|GO:0030527|GO:0046982
PRED|XP_007025592.1_PREDICTED:_protein_RALF-like_19_[Theobroma_cacao]|0.94|0.87	GO:0009506|GO:0019722
PRED|XP_007025913.2_PREDICTED:_probable_histone_H2A.3_[Theobroma_cacao]|0.79|0.7	GO:0000786|GO:0003677|GO:0030527|GO:0046982
PRED|XP_007026867.2_PREDICTED:_putative_lipid-transfer_protein_DIR1_[Theobroma_cacao]|0.86|0.91	GO:0005504|GO:0009627
PRED|XP_007027067.1_PREDICTED:_histone_H4_[Theobroma_cacao]|0.96|0.87	GO:0003677|GO:0030527|GO:0046982
PRED|XP_007027069.1_PREDICTED:_histone_H4_[Theobroma_cacao]|0.96|0.87	GO:0003677|GO:0030527|GO:0046982
PRED|XP_007027099.2_PREDICTED:_histone_H2B_[Theobroma_cacao]|0.74|0.77	GO:0000786|GO:0003677|GO:0030527|GO:0046982
PRED|XP_007030756.1_PREDICTED:_histone_H2AX_[Theobroma_cacao]|0.67|0.7	GO:0000786|GO:0003677|GO:0030527|GO:0046982
PRED|XP_007030995.2_PREDICTED:_protein_RALF-like_33_[Theobroma_cacao]|0.64|0.82	GO:0009506|GO:0019722
PRED|XP_007033193.2_PREDICTED:_non-specific_lipid-transfer_protein_2_[Theobroma_cacao]|0.8|0.83	GO:0006869
PRED|XP_007033367.2_PREDICTED:_defensin-like_protein_1_[Theobroma_cacao]|1.0|0.93	GO:0006952
PRED|XP_007033544.2_PREDICTED:_non-specific_lipid-transfer_protein_1_[Theobroma_cacao]|0.98|0.89	GO:0006869|GO:0008289
PRED|XP_007033545.2_PREDICTED:_non-specific_lipid-transfer_protein_[Theobroma_cacao]|0.83|0.93	GO:0006869|GO:0008289
PRED|XP_007033549.2_PREDICTED:_non-specific_lipid-transfer_protein_1_[Theobroma_cacao]|1.0|0.92	GO:0006869|GO:0008289
PRED|XP_007038067.2_PREDICTED:_protein_TAPETUM_DETERMINANT_1_[Theobroma_cacao]|0.55|0.87	GO:0001709
PRED|XP_007039589.2_PREDICTED:_non-specific_lipid-transfer_protein_8_[Theobroma_cacao]|0.53|0.92	GO:0006869|GO:0008289
PRED|XP_007041535.2_PREDICTED:_basic_blue_protein_[Theobroma_cacao]|0.77|0.93	GO:0005886|GO:0009055
PRED|XP_007043620.1_PREDICTED:_protein_RALF-like_22_[Theobroma_cacao]|0.9|0.89	GO:0009506|GO:0019722
PRED|XP_007045354.2_PREDICTED:_defensin-like_protein_[Theobroma_cacao]|1.0|0.94	GO:0006952
PRED|XP_007046549.2_PREDICTED:_basic_endochitinase_[Theobroma_cacao]|0.95|0.81	GO:0004568|GO:0006032|GO:0016998|GO:0050832
PRED|XP_007048061.1_PREDICTED:_60S_ribosomal_protein_L30_[Theobroma_cacao]|0.64|0.88	GO:0003723
PRED|XP_007049604.2_PREDICTED:_putative_lipid-transfer_protein_DIR1_[Theobroma_cacao]|0.53|0.76	GO:0005504|GO:0009627
PRED|XP_007049795.2_PREDICTED:_chemocyanin_[Theobroma_cacao]|1.0|0.88	GO:0005886|GO:0009055
PRED|XP_007049924.2_PREDICTED:_defensin-like_protein_21_[Theobroma_cacao]|1.0|0.96	GO:0005576|GO:0050832
PRED|XP_007051567.1_PREDICTED:_non-specific_lipid-transfer_protein_A_[Theobroma_cacao]|0.97|0.89	GO:0006869|GO:0008289
PRED|XP_007052300.2_PREDICTED:_non-specific_lipid-transfer_protein_A_[Theobroma_cacao]|0.65|0.72	GO:0006869|GO:0008289
PRED|XP_007882972.1_late_histone_H2B.L4-like_[Callorhinchus_milii]|0.86|0.85	GO:0000786|GO:0003677|GO:0030527|GO:0046982
PRED|XP_007883036.2_late_histone_H2B.L4-like_[Callorhinchus_milii]|1.0|0.82	GO:0000786|GO:0003677|GO:0030527|GO:0046982
PRED|XP_007883224.1_histone_H4_[Callorhinchus_milii]|0.95|0.84	GO:0003677|GO:0030527|GO:0046982
PRED|XP_007883389.1_C-C_motif_chemokine_28_[Callorhinchus_milii]|0.89|0.94	GO:0005576|GO:0006955|GO:0008009
PRED|XP_007883457.1_interleukin-8_[Callorhinchus_milii]|0.94|0.83	GO:0005576|GO:0006955|GO:0008009
PRED|XP_007883983.1_histone_H4_[Callorhinchus_milii]|0.95|0.83	GO:0003677|GO:0030527|GO:0046982
PRED|XP_007885086.1_histone_H4-like_[Callorhinchus_milii]|0.8|0.83	GO:0003677|GO:0030527|GO:0046982
PRED|XP_007885461.1_eotaxin-like_[Callorhinchus_milii]|0.95|0.92	GO:0005576|GO:0006955|GO:0008009
PRED|XP_007885473.1_C-C_motif_chemokine_17-like_[Callorhinchus_milii]|0.98|0.88	GO:0005576|GO:0006955|GO:0008009
PRED|XP_007885532.2_eotaxin_isoform_X1_[Callorhinchus_milii]|0.94|0.95	GO:0005576|GO:0006955|GO:0008009
PRED|XP_007885540.2_eotaxin_isoform_X2_[Callorhinchus_milii]|0.87|0.94	GO:0005576|GO:0006955|GO:0008009
PRED|XP_007885644.1_spexin_prohormone_2-like_[Callorhinchus_milii]|0.56|0.88	GO:0005184
PRED|XP_007886449.1_ATP_synthase_subunit_ATP5MPL_mitochondrial_[Callorhinchus_milii]|0.65|0.89	GO:0005739
PRED|XP_007889178.1_chemokine-like_protein_TAFA-5a_isoform_X1_[Callorhinchus_milii]|0.54|0.89	GO:0001664|GO:0005615|GO:0007186|GO:0048018
PRED|XP_007889179.1_chemokine-like_protein_TAFA-5a_isoform_X2_[Callorhinchus_milii]|0.62|0.87	GO:0001664|GO:0005615|GO:0007186|GO:0048018
PRED|XP_007889647.2_liver-expressed_antimicrobial_peptide_2_[Callorhinchus_milii]|0.99|0.93	GO:0042742|GO:0061844
PRED|XP_007890199.1_relaxin-3_[Callorhinchus_milii]|0.78|0.71	GO:0001664|GO:0005179|GO:0005576
PRED|XP_007893907.1_vesicle_transport_protein_SFT2B_[Callorhinchus_milii]|0.66|0.78	GO:0016020|GO:0016192
PRED|XP_007894140.1_scrapie-responsive_protein_1_[Callorhinchus_milii]|0.97|0.84	GO:0005794|GO:0044306
PRED|XP_007895115.1_liver-expressed_antimicrobial_peptide_2_[Callorhinchus_milii]|0.89|0.82	GO:0042742|GO:0061844
PRED|XP_007895181.1_interleukin-8_[Callorhinchus_milii]|0.84|0.93	GO:0005576|GO:0006955|GO:0008009
PRED|XP_007895974.1_somatostatin-2-like_[Callorhinchus_milii]|0.87|0.82	GO:0005179|GO:0005576
PRED|XP_007896209.1_progonadoliberin-2_[Callorhinchus_milii]|0.97|0.74	GO:0005179|GO:0005576|GO:0007275
PRED|XP_007896466.1_calpain_small_subunit_1_[Callorhinchus_milii]|0.73|0.84	GO:0110158
PRED|XP_007896479.1_histone_H3.3A_[Callorhinchus_milii]|0.5|0.7	GO:0000786|GO:0003677|GO:0030527|GO:0046982
PRED|XP_007897203.1_C-X-C_motif_chemokine_3-like_[Callorhinchus_milii]|0.93|0.77	GO:0005576|GO:0006955|GO:0008009
PRED|XP_007897215.1_uncharacterized_protein_LOC103182145_[Callorhinchus_milii]|0.55|0.85	GO:0005576|GO:0006955|GO:0008009
PRED|XP_007897455.1_centromere_protein_W_[Callorhinchus_milii]|0.63|0.84	GO:0000278|GO:0000776|GO:0003677|GO:0005654|GO:0007059|GO:0046982|GO:0051382
PRED|XP_007897618.1_prokineticin-1_[Callorhinchus_milii]|0.82|0.89	GO:0001935
PRED|XP_007897910.2_von_Willebrand_factor_D_and_EGF_domain-containing_protein_[Callorhinchus_milii]|0.66|0.88	GO:0001568|GO:0005102|GO:0005576|GO:0007368|GO:0007507|GO:0009952|GO:0009986|GO:0038092|GO:0038100|GO:0048856|GO:0070697
PRED|XP_007897981.1_cocaine-_and_amphetamine-regulated_transcript_protein_[Callorhinchus_milii]|0.61|0.84	GO:0005615|GO:0007186|GO:0008343|GO:0009267|GO:0032099|GO:0043410
PRED|XP_007899501.1_pterin-4-alpha-carbinolamine_dehydratase_2_isoform_X2_[Callorhinchus_milii]|0.84|0.86	GO:0006729|GO:0008124
PRED|XP_007899509.1_C-X-C_motif_chemokine_14_[Callorhinchus_milii]|0.9|0.94	GO:0005576|GO:0006955|GO:0008009
PRED|XP_007899572.1_C-X-C_motif_chemokine_2-like_[Callorhinchus_milii]|1.0|0.94	GO:0005576|GO:0006955|GO:0008009
PRED|XP_007899573.1_interleukin-8_[Callorhinchus_milii]|1.0|0.88	GO:0005576|GO:0006955|GO:0008009
PRED|XP_007899574.1_alveolar_macrophage_chemotactic_factor-like_[Callorhinchus_milii]|0.96|0.89	GO:0005576|GO:0006955|GO:0008009
PRED|XP_007900628.1_transmembrane_4_L6_family_member_4-like_[Callorhinchus_milii]|0.8|0.73	GO:0016020
PRED|XP_007900852.1_neuritin_[Callorhinchus_milii]|0.83|0.71	GO:0005886|GO:0007399|GO:1990138
PRED|XP_007901429.1_ribosomal_biogenesis_factor_isoform_X2_[Callorhinchus_milii]|0.59|0.74	GO:0005730|GO:0042254
PRED|XP_007902512.1_interleukin-8-like_[Callorhinchus_milii]|0.81|0.85	GO:0005576|GO:0006955|GO:0008009
PRED|XP_007904303.1_ATP_synthase_subunit_f_mitochondrial_[Callorhinchus_milii]|0.59|0.9	GO:0005753|GO:0042776|GO:0046933
PRED|XP_007904417.1_trypsin_inhibitor_ClTI-1_[Callorhinchus_milii]|0.83|0.8	GO:0004867
PRED|XP_007904616.1_interferon_alpha-inducible_protein_27_mitochondrial_[Callorhinchus_milii]|0.67|0.86	GO:0016020
PRED|XP_007905734.1_trypsin_inhibitor_ClTI-1_[Callorhinchus_milii]|0.94|0.75	GO:0004867
PRED|XP_007905782.1_metallothionein-like_isoform_X3_[Callorhinchus_milii]|0.93|0.89	GO:0046872
PRED|XP_007906583.2_cocaine-_and_amphetamine-regulated_transcript_protein_[Callorhinchus_milii]|0.83|0.86	GO:0005615|GO:0007186|GO:0008343|GO:0009267|GO:0032099|GO:0043410
PRED|XP_007906920.1_phospholipase_A2_minor_isoenzyme-like_[Callorhinchus_milii]|0.95|0.92	GO:0004623|GO:0005509|GO:0005543|GO:0006644|GO:0016042|GO:0047498
PRED|XP_007907498.1_reactive_oxygen_species_modulator_1_[Callorhinchus_milii]|0.99|0.82	GO:0005744|GO:0030150|GO:0045039
PRED|XP_007908257.2_39S_ribosomal_protein_L33_mitochondrial_isoform_X2_[Callorhinchus_milii]|0.67|0.88	GO:0003735|GO:0005739|GO:0005840|GO:0006412
PRED|XP_007908372.1_cytochrome_b-c1_complex_subunit_10_[Callorhinchus_milii]|0.82|0.88	GO:0005743|GO:0006122
PRED|XP_007908594.1_phospholipase_A2_[Callorhinchus_milii]|0.95|0.86	GO:0004623|GO:0005509|GO:0005543|GO:0006644|GO:0016042|GO:0047498
PRED|XP_007908832.1_insulin-like_growth_factor-binding_protein_1_[Callorhinchus_milii]|0.51|0.72	GO:0005615|GO:0031994|GO:0031995|GO:0043567
PRED|XP_007909017.1_galanin_peptides-like_isoform_X1_[Callorhinchus_milii]|0.83|0.71	GO:0005179|GO:0005184|GO:0005576|GO:0005615|GO:0007218|GO:0030141|GO:0031763
PRED|XP_007909019.1_galanin_peptides-like_isoform_X1_[Callorhinchus_milii]|0.83|0.71	GO:0005179|GO:0005184|GO:0005576|GO:0005615|GO:0007218|GO:0030141|GO:0031763
PRED|XP_007909020.1_galanin_peptides-like_isoform_X1_[Callorhinchus_milii]|0.83|0.71	GO:0005179|GO:0005184|GO:0005576|GO:0005615|GO:0007218|GO:0030141|GO:0031763
PRED|XP_007909021.1_galanin_peptides-like_isoform_X1_[Callorhinchus_milii]|0.83|0.71	GO:0005179|GO:0005184|GO:0005576|GO:0005615|GO:0007218|GO:0030141|GO:0031763
PRED|XP_007910295.1_interleukin-8_[Callorhinchus_milii]|0.97|0.87	GO:0005576|GO:0006955|GO:0008009
PRED|XP_007910297.1_alveolar_macrophage_chemotactic_factor_2_[Callorhinchus_milii]|1.0|0.93	GO:0005576|GO:0006955|GO:0008009
PRED|XP_007910586.1_somatostatin-1A-like_[Callorhinchus_milii]|0.61|0.81	GO:0005179|GO:0005576
PRED|XP_007910587.1_somatostatin-1-like_[Callorhinchus_milii]|0.95|0.84	GO:0005179|GO:0005576
PRED|XP_008101885.2_lysozyme_C_milk_isozyme_[Anolis_carolinensis]|0.97|0.84	GO:0003796|GO:0050829|GO:0050830
PRED|XP_008102432.1_resistin_isoform_X1_[Anolis_carolinensis]|0.99|0.87	GO:0005179|GO:0005576|GO:0005615
PRED|XP_008102433.1_resistin_isoform_X2_[Anolis_carolinensis]|0.99|0.87	GO:0005179|GO:0005576|GO:0005615
PRED|XP_008102434.1_resistin_isoform_X2_[Anolis_carolinensis]|0.99|0.87	GO:0005179|GO:0005576|GO:0005615
PRED|XP_008102925.1_liver-expressed_antimicrobial_peptide_2_[Anolis_carolinensis]|0.96|0.86	GO:0042742|GO:0061844
PRED|XP_008103792.1_ATP_synthase_subunit_ATP5MJ_mitochondrial_[Anolis_carolinensis]|0.54|0.88	GO:0005739
PRED|XP_008104443.1_C-C_motif_chemokine_20_[Anolis_carolinensis]|0.98|0.92	GO:0005576|GO:0006955|GO:0008009
PRED|XP_008107993.1_fibroblast_growth_factor-binding_protein_2_[Anolis_carolinensis]|0.89|0.76	GO:0007267|GO:0019838
PRED|XP_008109471.1_chemokine-like_protein_TAFA-5_isoform_X3_[Anolis_carolinensis]|0.53|0.84	GO:0001664|GO:0005615|GO:0007186|GO:0048018
PRED|XP_008109472.2_chemokine-like_protein_TAFA-5_isoform_X5_[Anolis_carolinensis]|0.71|0.84	GO:0001664|GO:0005615|GO:0007186|GO:0048018
PRED|XP_008110345.1_interleukin-8_[Anolis_carolinensis]|0.97|0.9	GO:0005576|GO:0006955|GO:0008009
PRED|XP_008110736.1_tissue_factor_pathway_inhibitor_2_isoform_X1_[Anolis_carolinensis]|0.5|0.74	GO:0004867|GO:0005576|GO:0005615|GO:0010466|GO:0030414
PRED|XP_008110738.1_tissue_factor_pathway_inhibitor_2_isoform_X3_[Anolis_carolinensis]|0.52|0.84	GO:0004867|GO:0005615
PRED|XP_008113012.1_serine_protease_inhibitor_Kazal-type_6_isoform_X3_[Anolis_carolinensis]|0.87|0.92	GO:0004867
PRED|XP_008113587.1_angiogenin_[Anolis_carolinensis]|0.93|0.85	GO:0003676|GO:0004540|GO:0050830
PRED|XP_008114622.2_lysozyme_C_[Anolis_carolinensis]|0.95|0.81	GO:0003796
PRED|XP_008114645.1_histone_H2B_5_[Anolis_carolinensis]|0.99|0.86	GO:0000786|GO:0003677|GO:0030527|GO:0046982
PRED|XP_008114849.1_serine_protease_inhibitor_Kazal-type_2_[Anolis_carolinensis]|0.63|0.85	GO:0004867|GO:0007286|GO:1900004
PRED|XP_008115267.1_FXYD_domain-containing_ion_transport_regulator_3_isoform_X2_[Anolis_carolinensis]|0.8|0.85	GO:0016020|GO:0017080|GO:0043269|GO:0099106|GO:2000649
PRED|XP_008115436.1_NADH_dehydrogenase_[ubiquinone]_1_alpha_subcomplex_subunit_3_[Anolis_carolinensis]|0.77|0.84	GO:0005743|GO:0005747|GO:0045271
PRED|XP_008117321.1_claw_keratin_[Anolis_carolinensis]|0.83|0.91	GO:0005200|GO:0005882
PRED|XP_008118041.1_pleiotrophin_[Anolis_carolinensis]|1.0|0.88	GO:0005576|GO:0008083
PRED|XP_008118042.1_pleiotrophin_[Anolis_carolinensis]|1.0|0.88	GO:0005576|GO:0008083
PRED|XP_008118336.1_sperm_acrosome-associated_protein_5_isoform_X2_[Anolis_carolinensis]|0.89|0.81	GO:0003796
PRED|XP_008118718.2_serine_protease_inhibitor_Kazal-type_1_[Anolis_carolinensis]|1.0|0.71	GO:0004867
PRED|XP_008118786.1_non-histone_chromosomal_protein_HMG-17_isoform_X1_[Anolis_carolinensis]|0.86|0.8	GO:0000785|GO:0003682|GO:0005634|GO:0006325|GO:0031492
PRED|XP_008190457.3_histone_H2B_[Tribolium_castaneum]|0.97|0.77	GO:0000786|GO:0003677|GO:0030527|GO:0046982
PRED|XP_008192768.2_U8-agatoxin-Ao1a_isoform_X1_[Tribolium_castaneum]|0.99|0.89	GO:0005576|GO:0008200
PRED|XP_008194345.1_reactive_oxygen_species_modulator_1_[Tribolium_castaneum]|0.88|0.89	GO:0005744|GO:0030150|GO:0045039
PRED|XP_008195072.1_ion_transport_peptide_isoform_X1_[Tribolium_castaneum]|0.6|0.82	GO:0005184|GO:0005576|GO:0007623
PRED|XP_008195539.1_lysozyme_[Tribolium_castaneum]|1.0|0.86	GO:0003796
PRED|XP_008195723.2_PI-stichotoxin-Hcr2m_[Tribolium_castaneum]|0.99|0.91	GO:0004867|GO:0005615
PRED|XP_008196247.1_pleiotrophin_isoform_X1_[Tribolium_castaneum]|1.0|0.8	GO:0005576|GO:0008201|GO:0048332
PRED|XP_008196253.1_pleiotrophin_isoform_X2_[Tribolium_castaneum]|1.0|0.8	GO:0005576|GO:0008201|GO:0048332
PRED|XP_008197392.1_histone_H3.3A_[Tribolium_castaneum]|0.5|0.74	GO:0000786|GO:0003677|GO:0030527|GO:0046982
PRED|XP_008197708.1_general_odorant-binding_protein_72_[Tribolium_castaneum]|0.94|0.82	GO:0005549
PRED|XP_008199050.3_histone_H4_[Tribolium_castaneum]|0.96|0.83	GO:0003677|GO:0030527|GO:0046982
PRED|XP_008199791.1_coleoptericin_[Tribolium_castaneum]|0.86|0.85	GO:0005576|GO:0042742
PRED|XP_008199794.1_coleoptericin_[Tribolium_castaneum]|0.81|0.85	GO:0005576|GO:0042742
PRED|XP_008199957.3_histone_H2B_partial_[Tribolium_castaneum]|1.0|0.86	GO:0000786|GO:0003677|GO:0030527|GO:0046982
PRED|XP_008201322.1_FUN14_domain-containing_protein_1B_[Tribolium_castaneum]|0.54|0.77	GO:0000422|GO:0005741
PRED|XP_008201626.1_RING-box_protein_2_[Tribolium_castaneum]|0.88|0.83	GO:0008270
PRED|XP_008339291.1_basic_blue_protein-like_[Malus_domestica]|0.97|0.93	GO:0005886|GO:0009055
PRED|XP_008340512.1_defensin-like_protein_1_[Malus_domestica]|1.0|0.93	GO:0006952
PRED|XP_008340514.1_defensin_Ec-AMP-D2-like_[Malus_domestica]|1.0|0.92	GO:0006952
PRED|XP_008343545.1_histone_H4_[Malus_domestica]|0.96|0.87	GO:0003677|GO:0030527|GO:0046982
PRED|XP_008344390.2_blue_copper_protein-like_[Malus_domestica]|0.87|0.8	GO:0005886|GO:0009055
PRED|XP_008345826.1_histone_H4-like_[Malus_domestica]|0.97|0.86	GO:0003677|GO:0030527|GO:0046982
PRED|XP_008349249.1_protein_RALF-like_4_[Malus_domestica]|0.72|0.85	GO:0009506|GO:0019722
PRED|XP_008349713.1_probable_histone_H2B.1_[Malus_domestica]|0.75|0.81	GO:0000786|GO:0003677|GO:0030527|GO:0046982
PRED|XP_008352072.1_histone_H4-like_[Malus_domestica]|0.97|0.87	GO:0003677|GO:0030527|GO:0046982
PRED|XP_008352418.1_small_ribosomal_subunit_protein_eS30z/eS30y/eS30x_[Malus_domestica]|0.87|0.89	GO:0003735|GO:0005840|GO:0006412|GO:0022627
PRED|XP_008354614.1_small_ribosomal_subunit_protein_eS30z/eS30y/eS30x_[Malus_domestica]|0.87|0.89	GO:0003735|GO:0005840|GO:0006412|GO:0022627
PRED|XP_008356009.2_protein_RALF-like_19_[Malus_domestica]|0.57|0.87	GO:0009506|GO:0019722
PRED|XP_008357955.1_histone_H4_[Malus_domestica]|0.97|0.87	GO:0003677|GO:0030527|GO:0046982
PRED|XP_008358527.1_putative_lipid-transfer_protein_DIR1_[Malus_domestica]|0.99|0.91	GO:0005504|GO:0009627
PRED|XP_008359261.4_large_ribosomal_subunit_protein_eL38z/eL38y-like_[Malus_domestica]|0.79|0.77	GO:0003735|GO:0005840|GO:0006412|GO:0022618|GO:0022625
PRED|XP_008359709.3_histone_H4_[Malus_domestica]|0.97|0.86	GO:0003677|GO:0030527|GO:0046982
PRED|XP_008360377.1_probable_non-specific_lipid-transfer_protein_2_[Malus_domestica]|0.85|0.83	GO:0005504|GO:0009627
PRED|XP_008362147.1_tetraspanin-8-like_[Malus_domestica]|0.53|0.86	GO:0009734|GO:0016020
PRED|XP_008363687.1_histone_H2AX_[Malus_domestica]|0.57|0.7	GO:0000786|GO:0003677|GO:0030527|GO:0046982
PRED|XP_008363932.1_non-specific_lipid-transfer_protein_3-like_[Malus_domestica]|0.93|0.93	GO:0006869|GO:0008289
PRED|XP_008364376.1_V-type_proton_ATPase_subunit_e1_[Malus_domestica]|0.95|0.74	GO:0033179|GO:0046961|GO:0055085|GO:1902600
PRED|XP_008364429.1_phytosulfokines-like_[Malus_domestica]|0.63|0.74	GO:0005576|GO:0008083|GO:0008283
PRED|XP_008366332.1_histone_H4_[Malus_domestica]|0.97|0.87	GO:0003677|GO:0030527|GO:0046982
PRED|XP_008366433.1_V-type_proton_ATPase_subunit_e1_[Malus_domestica]|0.96|0.75	GO:0033179|GO:0046961|GO:0055085|GO:1902600
PRED|XP_008366434.1_V-type_proton_ATPase_subunit_e1_[Malus_domestica]|0.96|0.75	GO:0033179|GO:0046961|GO:0055085|GO:1902600
PRED|XP_008367323.1_ubiquitin-ribosomal_protein_eL40_fusion_protein_isoform_X1_[Malus_domestica]|0.88|0.85	GO:0006412
PRED|XP_008367551.2_expansin-A1-like_[Malus_domestica]|0.83|0.71	GO:0005576|GO:0009664
PRED|XP_008369869.1_histone_H4_[Malus_domestica]|0.97|0.86	GO:0003677|GO:0030527|GO:0046982
PRED|XP_008370021.1_copper_transporter_2-like_[Malus_domestica]|0.51|0.74	GO:0005375|GO:0005886|GO:0016020|GO:0035434
PRED|XP_008371481.1_histone_H4_[Malus_domestica]|0.97|0.87	GO:0003677|GO:0030527|GO:0046982
PRED|XP_008372500.3_dolichol-phosphate_mannose_synthase_subunit_3_isoform_X2_[Malus_domestica]|0.84|0.7	GO:0005789|GO:0006486|GO:0006506|GO:0033185
PRED|XP_008374142.1_histone_H4_[Malus_domestica]|0.97|0.86	GO:0003677|GO:0030527|GO:0046982
PRED|XP_008374794.2_expansin-A8_[Malus_domestica]|0.83|0.7	GO:0005576|GO:0009664
PRED|XP_008375203.1_small_ribosomal_subunit_protein_eS30z/eS30y/eS30x_[Malus_domestica]|0.87|0.89	GO:0003735|GO:0005840|GO:0006412|GO:0022627
PRED|XP_008376789.1_ubiquitin-ribosomal_protein_eL40_fusion_protein_[Malus_domestica]|0.88|0.85	GO:0006412
PRED|XP_008377089.1_NADH_dehydrogenase_[ubiquinone]_1_beta_subcomplex_subunit_2_[Malus_domestica]|0.51|0.88	GO:0005743|GO:0045271
PRED|XP_008377090.1_NADH_dehydrogenase_[ubiquinone]_1_beta_subcomplex_subunit_2_[Malus_domestica]|0.51|0.88	GO:0005743|GO:0045271
PRED|XP_008377368.1_uncharacterized_protein_[Malus_domestica]|0.6|0.89	GO:0005739|GO:0033617
PRED|XP_008380830.1_small_ribosomal_subunit_protein_eS30z/eS30y/eS30x_[Malus_domestica]|0.87|0.89	GO:0003735|GO:0005840|GO:0006412|GO:0022627
PRED|XP_008381137.1_small_ribosomal_subunit_protein_eS30z/eS30y/eS30x_[Malus_domestica]|0.87|0.89	GO:0003735|GO:0005840|GO:0006412|GO:0022627
PRED|XP_008381409.1_ubiquitin-ribosomal_protein_eL40_fusion_protein_[Malus_domestica]|0.88|0.85	GO:0006412
PRED|XP_008385143.1_histone_H2B-like_[Malus_domestica]|0.84|0.85	GO:0000786|GO:0003677|GO:0030527|GO:0046982
PRED|XP_008385199.1_histone_H4-like_[Malus_domestica]|0.96|0.87	GO:0003677|GO:0030527|GO:0046982
PRED|XP_008385200.1_histone_H4-like_[Malus_domestica]|0.94|0.87	GO:0003677|GO:0030527|GO:0046982
PRED|XP_008385496.1_probable_histone_H2B.1_[Malus_domestica]|0.65|0.75	GO:0000786|GO:0003677|GO:0030527|GO:0046982
PRED|XP_008385565.1_uncharacterized_protein_[Malus_domestica]|0.8|0.81	GO:0005789|GO:0005794|GO:0006816|GO:0032469
PRED|XP_008385814.2_putative_lipid-transfer_protein_DIR1_[Malus_domestica]|0.76|0.85	GO:0005504|GO:0009627
PRED|XP_008386579.1_putative_lipid-transfer_protein_DIR1_[Malus_domestica]|0.99|0.87	GO:0005504|GO:0009627
PRED|XP_008386600.1_histone_H2AX_[Malus_domestica]|0.78|0.71	GO:0000786|GO:0003677|GO:0030527|GO:0046982
PRED|XP_008386646.3_rapid_alkalinization_factor-like_[Malus_domestica]|0.74|0.81	GO:0009506|GO:0019722
PRED|XP_008387026.1_ubiquitin-ribosomal_protein_eL40_fusion_protein_[Malus_domestica]|0.88|0.84	GO:0006412
PRED|XP_008387734.1_histone_H2B.9-like_[Malus_domestica]|0.97|0.84	GO:0000786|GO:0003677|GO:0030527|GO:0046982
PRED|XP_008388343.4_non-specific_lipid-transfer_protein-like_[Malus_domestica]|0.99|0.94	GO:0006869|GO:0008289
PRED|XP_008388344.2_non-specific_lipid-transfer_protein_3-like_[Malus_domestica]|0.9|0.91	GO:0006869|GO:0008289
PRED|XP_008388345.1_non-specific_lipid-transfer_protein_1-like_[Malus_domestica]|0.96|0.94	GO:0006869|GO:0008289
PRED|XP_008389119.1_defensin_Ec-AMP-D2-like_[Malus_domestica]|1.0|0.93	GO:0006952
PRED|XP_008391295.1_small_ribosomal_subunit_protein_eS30z/eS30y/eS30x_[Malus_domestica]|0.87|0.89	GO:0003735|GO:0005840|GO:0006412|GO:0022627
PRED|XP_008392655.1_histone_H4_[Malus_domestica]|0.97|0.87	GO:0003677|GO:0030527|GO:0046982
PRED|XP_008393327.2_non-specific_lipid-transfer_protein_2_[Malus_domestica]|1.0|0.94	GO:0006869
PRED|XP_008644659.1_histone_H4_[Zea_mays]|0.86|0.72	GO:0003677|GO:0030527|GO:0046982
PRED|XP_008650256.1_histone_H4_[Zea_mays]|0.96|0.87	GO:0003677|GO:0030527|GO:0046982
PRED|XP_008651162.1_expansin-A12_[Zea_mays]|0.9|0.86	GO:0005576|GO:0009664
PRED|XP_008652373.1_uncharacterized_protein_[Zea_mays]|0.64|0.8	GO:0001709
PRED|XP_008653176.1_ubiquitin-60S_ribosomal_protein_L40-1_isoform_X2_[Zea_mays]|0.87|0.87	GO:0006412
PRED|XP_008653188.1_ubiquitin-60S_ribosomal_protein_L40-1_[Zea_mays]|0.87|0.87	GO:0006412
PRED|XP_008656378.1_histone_H4_[Zea_mays]|0.96|0.86	GO:0003677|GO:0030527|GO:0046982
PRED|XP_008657088.1_histone_H4_[Zea_mays]|0.96|0.87	GO:0003677|GO:0030527|GO:0046982
PRED|XP_008659439.1_basic_blue_protein_[Zea_mays]|0.55|0.87	GO:0005886|GO:0009055
PRED|XP_008659461.1_40S_ribosomal_protein_S4-like_[Zea_mays]|0.52|0.76	GO:0003723|GO:0003735|GO:0005840|GO:0006412|GO:0022627
PRED|XP_008661577.1_uncharacterized_protein_[Zea_mays]|0.75|0.92	GO:0005744|GO:0030150|GO:0045039
PRED|XP_008661579.1_uncharacterized_protein_[Zea_mays]|0.75|0.92	GO:0005744|GO:0030150|GO:0045039
PRED|XP_008662624.1_probable_histone_H2AXb_[Zea_mays]|0.81|0.72	GO:0000786|GO:0003677|GO:0030527|GO:0046982
PRED|XP_008665690.1_Bowman-Birk_type_trypsin_inhibitor_[Zea_mays]|0.65|0.87	GO:0004867|GO:0005576
PRED|XP_008668691.1_uncharacterized_protein_[Zea_mays]|0.56|0.83	GO:0003735|GO:0005739
PRED|XP_008668985.1_histone_H4_[Zea_mays]|0.96|0.87	GO:0003677|GO:0030527|GO:0046982
PRED|XP_008668988.2_histone_H4_[Zea_mays]|0.96|0.87	GO:0003677|GO:0030527|GO:0046982
PRED|XP_008669654.1_defensin_Ec-AMP-D1_[Zea_mays]|1.0|0.92	GO:0006952
PRED|XP_008670036.1_ubiquitin-60S_ribosomal_protein_L40-1_[Zea_mays]|0.87|0.86	GO:0006412
PRED|XP_008670354.1_50S_ribosomal_protein_L36_2_[Zea_mays]|0.8|0.84	GO:0003735|GO:0005840|GO:0006412
PRED|XP_008670625.1_histone_H2B.2-like_[Zea_mays]|0.94|0.82	GO:0000786|GO:0003677|GO:0030527|GO:0046982
PRED|XP_008670719.1_probable_non-specific_lipid-transfer_protein_2_[Zea_mays]|0.9|0.93	GO:0006869
PRED|XP_008673673.1_histone_H4_[Zea_mays]|0.96|0.87	GO:0003677|GO:0030527|GO:0046982
PRED|XP_008674672.1_EPIDERMAL_PATTERNING_FACTOR-like_protein_9_[Zea_mays]|0.95|0.8	GO:2000123
PRED|XP_008674854.1_histone_H4_[Zea_mays]|0.96|0.87	GO:0003677|GO:0030527|GO:0046982
PRED|XP_008678160.1_uncharacterized_protein_[Zea_mays]|0.61|0.87	GO:0001709
PRED|XP_008680122.2_barwin_[Zea_mays]|0.52|0.76	GO:0004540|GO:0006952
PRED|XP_008758964.1_putative_ribosomal_protein_eL39-like_5_[Rattus_norvegicus]|0.84|0.74	GO:0003735|GO:0005840|GO:0006412|GO:0022625
PRED|XP_008761686.3_proline-rich_protein_2-like_[Rattus_norvegicus]|0.83|0.79	GO:0005615
PRED|XP_008762432.1_phospholipase_A2_group_V_isoform_X1_[Rattus_norvegicus]|0.92|0.85	GO:0004623|GO:0005509|GO:0005543|GO:0006644|GO:0016042|GO:0042130|GO:0047498|GO:0050482
PRED|XP_008766290.1_C-C_motif_chemokine_9_isoform_X1_[Rattus_norvegicus]|0.98|0.78	GO:0005576|GO:0005615|GO:0006954|GO:0006955|GO:0008009|GO:0030335|GO:0043547|GO:0048020|GO:0060326|GO:0061844|GO:0070098
PRED|XP_008767444.1_phospholipase_A2_isoform_X2_[Rattus_norvegicus]|1.0|0.93	GO:0004623|GO:0005102|GO:0005509|GO:0005543|GO:0006633|GO:0006644|GO:0016042|GO:0047498|GO:0048146
PRED|XP_008768779.1_probable_inactive_ribonuclease-like_protein_12_isoform_X1_[Rattus_norvegicus]|0.83|0.79	GO:0003676|GO:0004540|GO:0050830
PRED|XP_008768783.1_ribonuclease_17_isoform_X1_[Rattus_norvegicus]|0.98|0.92	GO:0002227|GO:0003676|GO:0004540|GO:0005615|GO:0006935|GO:0050830
PRED|XP_008769368.1_ubiquitin-ribosomal_protein_eL40_fusion_protein_isoform_X3_[Rattus_norvegicus]|0.92|0.89	GO:0006412
PRED|XP_008769995.2_histone_H3.1_[Rattus_norvegicus]|0.82|0.8	GO:0003677|GO:0030527|GO:0046982
PRED|XP_008770013.1_large_ribosomal_subunit_protein_uL15-like_[Rattus_norvegicus]|0.86|0.9	GO:0003735|GO:0022625
PRED|XP_008772009.1_ribonuclease_K6_isoform_X1_[Rattus_norvegicus]|0.98|0.89	GO:0003676|GO:0004540|GO:0005615|GO:0019731|GO:0045087|GO:0050829|GO:0050830|GO:0061844
PRED|XP_008772010.1_ribonuclease_K6_isoform_X2_[Rattus_norvegicus]|0.99|0.89	GO:0003676|GO:0004540|GO:0005615|GO:0019731|GO:0045087|GO:0050829|GO:0050830|GO:0061844
PRED|XP_009043756.1_hypothetical_protein_LOTGIDRAFT_80233_partial_[Lottia_gigantea]|0.62|0.91	GO:0005643|GO:0006405|GO:0006606|GO:0008139|GO:0017056
PRED|XP_009044133.1_hypothetical_protein_LOTGIDRAFT_102775_partial_[Lottia_gigantea]|0.57|0.71	GO:0000977|GO:0000981|GO:0005634|GO:0006357|GO:0009790
PRED|XP_009044424.1_hypothetical_protein_LOTGIDRAFT_229990_[Lottia_gigantea]|0.57|0.87	GO:0005615|GO:0016042|GO:0016298
PRED|XP_009044512.1_hypothetical_protein_LOTGIDRAFT_109541_[Lottia_gigantea]|0.59|0.71	GO:0016020
PRED|XP_009044628.1_hypothetical_protein_LOTGIDRAFT_237263_[Lottia_gigantea]|0.76|0.85	GO:0005576|GO:0007275|GO:0030154
PRED|XP_009044721.1_hypothetical_protein_LOTGIDRAFT_89946_partial_[Lottia_gigantea]|0.74|0.81	GO:0005355
PRED|XP_009044934.1_hypothetical_protein_LOTGIDRAFT_176347_[Lottia_gigantea]|0.59|0.8	GO:0005125|GO:0005576
PRED|XP_009045223.1_hypothetical_protein_LOTGIDRAFT_136747_[Lottia_gigantea]|0.62|0.88	GO:0005520|GO:0005576
PRED|XP_009045228.1_hypothetical_protein_LOTGIDRAFT_148635_[Lottia_gigantea]|0.73|0.86	GO:0005515
PRED|XP_009045885.1_hypothetical_protein_LOTGIDRAFT_148688_[Lottia_gigantea]|0.99|0.87	GO:0000786|GO:0003677|GO:0030527|GO:0046982
PRED|XP_009046016.1_hypothetical_protein_LOTGIDRAFT_148714_partial_[Lottia_gigantea]|0.55|0.88	GO:0004725
PRED|XP_009046106.1_hypothetical_protein_LOTGIDRAFT_81959_partial_[Lottia_gigantea]|0.65|0.89	GO:0005576
PRED|XP_009046125.1_hypothetical_protein_LOTGIDRAFT_237812_[Lottia_gigantea]|0.87|0.83	GO:0001836|GO:0016020|GO:0031966|GO:0097193
PRED|XP_009046156.1_hypothetical_protein_LOTGIDRAFT_148724_[Lottia_gigantea]|0.95|0.84	GO:0003677|GO:0030527|GO:0046982
PRED|XP_009046193.1_hypothetical_protein_LOTGIDRAFT_180165_[Lottia_gigantea]|0.85|0.92	GO:0000981|GO:0005634|GO:0006357
PRED|XP_009046208.1_hypothetical_protein_LOTGIDRAFT_177025_[Lottia_gigantea]|0.81|0.85	GO:0003677|GO:0030527|GO:0046982
PRED|XP_009046372.1_hypothetical_protein_LOTGIDRAFT_68084_partial_[Lottia_gigantea]|0.63|0.86	GO:0000122|GO:0000978|GO:0001227|GO:0003700|GO:0005634|GO:0010564|GO:0017053|GO:0030182
PRED|XP_009046511.1_hypothetical_protein_LOTGIDRAFT_110654_partial_[Lottia_gigantea]|0.87|0.73	GO:0004867|GO:0005615
PRED|XP_009046512.1_hypothetical_protein_LOTGIDRAFT_110579_partial_[Lottia_gigantea]|0.92|0.87	GO:0004867|GO:0005615
PRED|XP_009046619.1_hypothetical_protein_LOTGIDRAFT_137978_partial_[Lottia_gigantea]|0.54|0.9	GO:0000978|GO:0000981|GO:0006357|GO:0032922|GO:1990513
PRED|XP_009046765.1_hypothetical_protein_LOTGIDRAFT_80064_partial_[Lottia_gigantea]|0.85|0.92	GO:0016409
PRED|XP_009046778.1_hypothetical_protein_LOTGIDRAFT_138244_[Lottia_gigantea]|0.68|0.94	GO:0000122|GO:0000978|GO:0003700|GO:0004879|GO:0006355|GO:0008270|GO:0009755|GO:0030154|GO:0043565|GO:0045944
PRED|XP_009046993.1_hypothetical_protein_LOTGIDRAFT_60548_partial_[Lottia_gigantea]|1.0|0.89	GO:0004867|GO:0005615
PRED|XP_009047049.1_hypothetical_protein_LOTGIDRAFT_148809_partial_[Lottia_gigantea]|0.83|0.81	GO:0003677|GO:0030527|GO:0046982
PRED|XP_009047427.1_hypothetical_protein_LOTGIDRAFT_148824_[Lottia_gigantea]|0.95|0.84	GO:0003677|GO:0030527|GO:0046982
PRED|XP_009047503.1_hypothetical_protein_LOTGIDRAFT_200055_[Lottia_gigantea]|0.55|0.78	GO:0000118|GO:0003712|GO:0006355
PRED|XP_009047510.1_hypothetical_protein_LOTGIDRAFT_139040_partial_[Lottia_gigantea]|1.0|0.79	GO:0000978|GO:0000981|GO:0005634|GO:0006357|GO:0009913
PRED|XP_009047519.1_hypothetical_protein_LOTGIDRAFT_176431_[Lottia_gigantea]|0.99|0.87	GO:0000786|GO:0003677|GO:0030527|GO:0046982
PRED|XP_009047566.1_hypothetical_protein_LOTGIDRAFT_148840_[Lottia_gigantea]|0.95|0.83	GO:0003677|GO:0030527|GO:0046982
PRED|XP_009047937.1_hypothetical_protein_LOTGIDRAFT_111739_partial_[Lottia_gigantea]|0.88|0.8	GO:0008270
PRED|XP_009048211.1_hypothetical_protein_LOTGIDRAFT_146923_[Lottia_gigantea]|0.95|0.84	GO:0003677|GO:0030527|GO:0046982
PRED|XP_009048394.1_hypothetical_protein_LOTGIDRAFT_61177_partial_[Lottia_gigantea]|0.92|0.9	GO:0000786|GO:0003677|GO:0030527|GO:0046982
PRED|XP_009048426.1_hypothetical_protein_LOTGIDRAFT_151505_[Lottia_gigantea]|0.86|0.82	GO:0000463|GO:0003729|GO:0003735|GO:0022625
PRED|XP_009048530.1_hypothetical_protein_LOTGIDRAFT_71126_partial_[Lottia_gigantea]|0.99|0.76	GO:0000786|GO:0003677|GO:0030527|GO:0046982
PRED|XP_009048654.1_hypothetical_protein_LOTGIDRAFT_80706_partial_[Lottia_gigantea]|0.93|0.91	GO:0000978|GO:0000981|GO:0005634|GO:0006355|GO:0006357|GO:0007548
PRED|XP_009048655.1_hypothetical_protein_LOTGIDRAFT_60671_partial_[Lottia_gigantea]|0.88|0.86	GO:0000978|GO:0000981|GO:0005634|GO:0006355|GO:0006357|GO:0007548
PRED|XP_009048926.1_hypothetical_protein_LOTGIDRAFT_88126_partial_[Lottia_gigantea]|0.96|0.76	GO:0007165|GO:0017046|GO:0038023
PRED|XP_009049011.1_hypothetical_protein_LOTGIDRAFT_61181_partial_[Lottia_gigantea]|0.92|0.9	GO:0000786|GO:0003677|GO:0030527|GO:0046982
PRED|XP_009049055.1_hypothetical_protein_LOTGIDRAFT_59870_partial_[Lottia_gigantea]|0.78|0.94	GO:0005044
PRED|XP_009049388.1_hypothetical_protein_LOTGIDRAFT_112712_partial_[Lottia_gigantea]|0.98|0.82	GO:0005112|GO:0007219
PRED|XP_009049651.1_hypothetical_protein_LOTGIDRAFT_141771_partial_[Lottia_gigantea]|0.62|0.74	GO:0000122|GO:0000978|GO:0003700|GO:0004879|GO:0006355|GO:0008270|GO:0009755|GO:0030154|GO:0043565|GO:0045944
PRED|XP_009049715.1_hypothetical_protein_LOTGIDRAFT_61148_partial_[Lottia_gigantea]|0.99|0.85	GO:0000786|GO:0003677|GO:0030527|GO:0046982
PRED|XP_009050013.1_hypothetical_protein_LOTGIDRAFT_231116_[Lottia_gigantea]|1.0|0.93	GO:0003796
PRED|XP_009050022.1_hypothetical_protein_LOTGIDRAFT_113606_partial_[Lottia_gigantea]|0.67|0.75	GO:0004222|GO:0005886|GO:0006508|GO:0016485
PRED|XP_009050273.1_hypothetical_protein_LOTGIDRAFT_149076_partial_[Lottia_gigantea]|0.58|0.85	GO:0000786|GO:0003677|GO:0003690|GO:0005634|GO:0006334|GO:0030261|GO:0030527|GO:0031492|GO:0045910
PRED|XP_009050661.1_hypothetical_protein_LOTGIDRAFT_142498_partial_[Lottia_gigantea]|0.64|0.95	GO:0005198|GO:0045095
PRED|XP_009050670.1_hypothetical_protein_LOTGIDRAFT_90048_partial_[Lottia_gigantea]|0.98|0.84	GO:0006623|GO:0032266|GO:0033565|GO:0043130|GO:0043328|GO:0046872
PRED|XP_009050887.1_hypothetical_protein_LOTGIDRAFT_114633_[Lottia_gigantea]|0.76|0.8	GO:0042834|GO:0045087
PRED|XP_009050931.1_hypothetical_protein_LOTGIDRAFT_231339_[Lottia_gigantea]|0.85|0.75	GO:0003796|GO:0009253
PRED|XP_009051266.1_hypothetical_protein_LOTGIDRAFT_88987_partial_[Lottia_gigantea]|0.79|0.77	GO:0004930|GO:0005886|GO:0007186|GO:0016020
PRED|XP_009051320.1_hypothetical_protein_LOTGIDRAFT_143329_partial_[Lottia_gigantea]|0.87|0.87	GO:0004867|GO:0005615
PRED|XP_009051321.1_hypothetical_protein_LOTGIDRAFT_100237_partial_[Lottia_gigantea]|0.98|0.93	GO:0004867|GO:0005615
PRED|XP_009051334.1_hypothetical_protein_LOTGIDRAFT_60346_partial_[Lottia_gigantea]|0.92|0.7	GO:0000266|GO:0005739
PRED|XP_009051412.1_hypothetical_protein_LOTGIDRAFT_228210_[Lottia_gigantea]|0.67|0.81	GO:0005125|GO:0005576
PRED|XP_009051413.1_hypothetical_protein_LOTGIDRAFT_152641_[Lottia_gigantea]|0.84|0.8	GO:0005125|GO:0005576
PRED|XP_009051447.1_hypothetical_protein_LOTGIDRAFT_152676_[Lottia_gigantea]|0.93|0.75	GO:0005576|GO:0007275|GO:0030154
PRED|XP_009051829.1_hypothetical_protein_LOTGIDRAFT_60004_partial_[Lottia_gigantea]|0.65|0.9	GO:0005515
PRED|XP_009052120.1_hypothetical_protein_LOTGIDRAFT_176527_[Lottia_gigantea]|0.95|0.84	GO:0003677|GO:0030527|GO:0046982
PRED|XP_009052549.1_hypothetical_protein_LOTGIDRAFT_202861_[Lottia_gigantea]|0.95|0.84	GO:0003677|GO:0030527|GO:0046982
PRED|XP_009052737.1_hypothetical_protein_LOTGIDRAFT_147261_[Lottia_gigantea]|0.95|0.84	GO:0003677|GO:0030527|GO:0046982
PRED|XP_009052752.1_hypothetical_protein_LOTGIDRAFT_88176_partial_[Lottia_gigantea]|0.63|0.84	GO:0005615|GO:0009887|GO:0036122|GO:0038098|GO:0048018
PRED|XP_009052985.1_hypothetical_protein_LOTGIDRAFT_100969_partial_[Lottia_gigantea]|0.9|0.92	GO:0004867|GO:0005615
PRED|XP_009053070.1_hypothetical_protein_LOTGIDRAFT_147329_[Lottia_gigantea]|0.95|0.84	GO:0003677|GO:0030527|GO:0046982
PRED|XP_009053071.1_hypothetical_protein_LOTGIDRAFT_60380_partial_[Lottia_gigantea]|0.64|0.82	GO:0003690|GO:0005634|GO:0030261|GO:0031492|GO:0045910
PRED|XP_009053072.1_hypothetical_protein_LOTGIDRAFT_147338_[Lottia_gigantea]|0.99|0.87	GO:0000786|GO:0003677|GO:0030527|GO:0046982
PRED|XP_009053300.1_hypothetical_protein_LOTGIDRAFT_231871_[Lottia_gigantea]|0.61|0.85	GO:0008270
PRED|XP_009053399.1_hypothetical_protein_LOTGIDRAFT_147373_partial_[Lottia_gigantea]|1.0|0.87	GO:0000786|GO:0003677|GO:0030527|GO:0046982
PRED|XP_009053523.1_hypothetical_protein_LOTGIDRAFT_116733_partial_[Lottia_gigantea]|0.93|0.89	GO:0005634|GO:0010468
PRED|XP_009053772.1_hypothetical_protein_LOTGIDRAFT_175168_[Lottia_gigantea]|0.51|0.71	GO:0016020
PRED|XP_009053793.1_hypothetical_protein_LOTGIDRAFT_89276_partial_[Lottia_gigantea]|0.7|0.87	GO:0000086|GO:0003677|GO:0003700
PRED|XP_009053812.1_hypothetical_protein_LOTGIDRAFT_117276_[Lottia_gigantea]|0.6|0.73	GO:0005634|GO:0008380
PRED|XP_009054427.1_hypothetical_protein_LOTGIDRAFT_175322_[Lottia_gigantea]|0.96|0.93	GO:0005044
PRED|XP_009054545.1_hypothetical_protein_LOTGIDRAFT_117918_[Lottia_gigantea]|0.55|0.85	GO:0005743|GO:0006850
PRED|XP_009054642.1_hypothetical_protein_LOTGIDRAFT_60979_partial_[Lottia_gigantea]|0.7|0.89	GO:0000786|GO:0003677|GO:0030527|GO:0046982
PRED|XP_009054643.1_hypothetical_protein_LOTGIDRAFT_147488_[Lottia_gigantea]|0.95|0.84	GO:0003677|GO:0030527|GO:0046982
PRED|XP_009054830.1_hypothetical_protein_LOTGIDRAFT_161256_[Lottia_gigantea]|0.93|0.92	GO:0005576|GO:0030513
PRED|XP_009054945.1_hypothetical_protein_LOTGIDRAFT_175477_[Lottia_gigantea]|0.68|0.91	GO:0005044
PRED|XP_009055010.1_hypothetical_protein_LOTGIDRAFT_232426_[Lottia_gigantea]|0.99|0.96	GO:0004857
PRED|XP_009055191.1_hypothetical_protein_LOTGIDRAFT_118680_partial_[Lottia_gigantea]|0.6|0.92	GO:0001568|GO:0005102|GO:0005576|GO:0007368|GO:0007507|GO:0009952|GO:0009986|GO:0038092|GO:0038100|GO:0048856|GO:0070697
PRED|XP_009055704.1_hypothetical_protein_LOTGIDRAFT_161605_[Lottia_gigantea]|0.68|0.8	GO:0005615|GO:0007166|GO:0051427
PRED|XP_009055751.1_hypothetical_protein_LOTGIDRAFT_161657_[Lottia_gigantea]|0.9|0.7	GO:0005509
PRED|XP_009055774.1_hypothetical_protein_LOTGIDRAFT_215959_[Lottia_gigantea]|0.94|0.87	GO:0003735|GO:0005840|GO:0006412|GO:0022627
PRED|XP_009055781.1_hypothetical_protein_LOTGIDRAFT_215964_[Lottia_gigantea]|0.95|0.91	GO:0005744|GO:0030150|GO:0045039
PRED|XP_009055859.1_hypothetical_protein_LOTGIDRAFT_239761_partial_[Lottia_gigantea]|0.95|0.88	GO:0004857
PRED|XP_009056013.1_hypothetical_protein_LOTGIDRAFT_119308_partial_[Lottia_gigantea]|0.84|0.89	GO:0005886
PRED|XP_009056164.1_hypothetical_protein_LOTGIDRAFT_79724_partial_[Lottia_gigantea]|0.67|0.88	GO:0005634|GO:0005694|GO:0007088|GO:0051983
PRED|XP_009056361.1_hypothetical_protein_LOTGIDRAFT_175622_[Lottia_gigantea]|0.99|0.84	GO:0005615|GO:0016042|GO:0016298
PRED|XP_009056364.1_hypothetical_protein_LOTGIDRAFT_145417_partial_[Lottia_gigantea]|0.75|0.93	GO:0005044
PRED|XP_009056374.1_hypothetical_protein_LOTGIDRAFT_145439_[Lottia_gigantea]|0.95|0.83	GO:0003677|GO:0030527|GO:0046982
PRED|XP_009056640.1_hypothetical_protein_LOTGIDRAFT_79168_partial_[Lottia_gigantea]|0.96|0.83	GO:0000978|GO:0000981|GO:0005634|GO:0006355|GO:0006357|GO:0007548
PRED|XP_009056841.1_hypothetical_protein_LOTGIDRAFT_86674_partial_[Lottia_gigantea]|0.95|0.93	GO:0005044
PRED|XP_009057167.1_hypothetical_protein_LOTGIDRAFT_233239_[Lottia_gigantea]|1.0|0.84	GO:0000786|GO:0003677|GO:0030527|GO:0046982
PRED|XP_009057440.1_hypothetical_protein_LOTGIDRAFT_121836_partial_[Lottia_gigantea]|0.81|0.91	GO:0000981|GO:0003700|GO:0005634|GO:0006357|GO:0030154
PRED|XP_009057441.1_hypothetical_protein_LOTGIDRAFT_121767_partial_[Lottia_gigantea]|0.9|0.7	GO:0000981|GO:0003700|GO:0005634|GO:0006357|GO:0030154
PRED|XP_009057776.1_hypothetical_protein_LOTGIDRAFT_60954_partial_[Lottia_gigantea]|0.85|0.82	GO:0003677|GO:0030527|GO:0046982
PRED|XP_009058539.1_hypothetical_protein_LOTGIDRAFT_122730_partial_[Lottia_gigantea]|0.99|0.8	GO:0035064
PRED|XP_009058601.1_hypothetical_protein_LOTGIDRAFT_123062_partial_[Lottia_gigantea]|0.53|0.85	GO:0004867|GO:0005615
PRED|XP_009058900.1_hypothetical_protein_LOTGIDRAFT_176816_[Lottia_gigantea]|1.0|0.8	GO:0000786|GO:0003677|GO:0030527|GO:0046982
PRED|XP_009058901.1_hypothetical_protein_LOTGIDRAFT_147781_[Lottia_gigantea]|0.95|0.84	GO:0003677|GO:0030527|GO:0046982
PRED|XP_009058906.1_hypothetical_protein_LOTGIDRAFT_53893_partial_[Lottia_gigantea]|0.91|0.87	GO:0005184|GO:0005185|GO:0005576|GO:0005615|GO:0030141
PRED|XP_009059103.1_hypothetical_protein_LOTGIDRAFT_60578_partial_[Lottia_gigantea]|0.89|0.93	GO:0004867|GO:0005615
PRED|XP_009059113.1_hypothetical_protein_LOTGIDRAFT_80492_partial_[Lottia_gigantea]|0.81|0.78	GO:0003677|GO:0043565
PRED|XP_009059265.1_hypothetical_protein_LOTGIDRAFT_123937_partial_[Lottia_gigantea]|0.65|0.93	GO:0004867|GO:0005615
PRED|XP_009059278.1_hypothetical_protein_LOTGIDRAFT_90921_partial_[Lottia_gigantea]|0.99|0.8	GO:0003677|GO:0030527|GO:0046982
PRED|XP_009059290.1_hypothetical_protein_LOTGIDRAFT_145821_partial_[Lottia_gigantea]|0.81|0.75	GO:0004642|GO:0005737|GO:0006164
PRED|XP_009059630.1_hypothetical_protein_LOTGIDRAFT_80595_partial_[Lottia_gigantea]|0.91|0.8	GO:0004867|GO:0005615
PRED|XP_009059635.1_hypothetical_protein_LOTGIDRAFT_124792_partial_[Lottia_gigantea]|0.98|0.87	GO:0004867|GO:0005615
PRED|XP_009059638.1_hypothetical_protein_LOTGIDRAFT_124784_partial_[Lottia_gigantea]|0.96|0.71	GO:0004867|GO:0005615
PRED|XP_009060120.1_hypothetical_protein_LOTGIDRAFT_106360_partial_[Lottia_gigantea]|0.87|0.71	GO:0005125|GO:0005576|GO:0005615|GO:0008083
PRED|XP_009060212.1_hypothetical_protein_LOTGIDRAFT_89174_partial_[Lottia_gigantea]|0.95|0.95	GO:0005044
PRED|XP_009060313.1_hypothetical_protein_LOTGIDRAFT_106327_partial_[Lottia_gigantea]|0.79|0.8	GO:0005319|GO:0006689|GO:0006869|GO:0008047|GO:0009898
PRED|XP_009060347.1_hypothetical_protein_LOTGIDRAFT_229181_[Lottia_gigantea]|0.93|0.91	GO:0005576|GO:0007275|GO:0030154
PRED|XP_009060420.1_hypothetical_protein_LOTGIDRAFT_75648_partial_[Lottia_gigantea]|0.95|0.9	GO:0005515|GO:0005886|GO:0043235
PRED|XP_009060524.1_hypothetical_protein_LOTGIDRAFT_125556_partial_[Lottia_gigantea]|0.66|0.89	GO:0005515|GO:0005886|GO:0043235
PRED|XP_009060569.1_hypothetical_protein_LOTGIDRAFT_145838_partial_[Lottia_gigantea]|0.83|0.71	GO:0005829
PRED|XP_009060802.1_hypothetical_protein_LOTGIDRAFT_78912_partial_[Lottia_gigantea]|0.64|0.87	GO:0046872
PRED|XP_009060871.1_hypothetical_protein_LOTGIDRAFT_219188_[Lottia_gigantea]|0.75|0.73	GO:0000786|GO:0003677|GO:0030527|GO:0046982
PRED|XP_009060921.1_hypothetical_protein_LOTGIDRAFT_147986_partial_[Lottia_gigantea]|0.77|0.73	GO:0005737|GO:0006473|GO:0008080|GO:1905502
PRED|XP_009060923.1_hypothetical_protein_LOTGIDRAFT_147989_partial_[Lottia_gigantea]|0.96|0.93	GO:0005112|GO:0007219
PRED|XP_009060945.1_hypothetical_protein_LOTGIDRAFT_80701_partial_[Lottia_gigantea]|0.93|0.84	GO:0000978|GO:0000981|GO:0005634|GO:0006355|GO:0006357|GO:0007548
PRED|XP_009061102.1_hypothetical_protein_LOTGIDRAFT_145905_partial_[Lottia_gigantea]|0.67|0.92	GO:0005044
PRED|XP_009061175.1_hypothetical_protein_LOTGIDRAFT_126524_partial_[Lottia_gigantea]|0.54|0.74	GO:0005515|GO:0005634|GO:0006974|GO:0035861|GO:1990166|GO:2000781
PRED|XP_009061370.1_hypothetical_protein_LOTGIDRAFT_148042_[Lottia_gigantea]|0.95|0.84	GO:0003677|GO:0030527|GO:0046982
PRED|XP_009061741.1_hypothetical_protein_LOTGIDRAFT_127599_partial_[Lottia_gigantea]|0.91|0.95	GO:0005044|GO:0007157
PRED|XP_009061746.1_hypothetical_protein_LOTGIDRAFT_127661_partial_[Lottia_gigantea]|0.85|0.95	GO:0005044
PRED|XP_009062202.1_hypothetical_protein_LOTGIDRAFT_229366_[Lottia_gigantea]|0.77|0.85	GO:0005739|GO:0033617
PRED|XP_009062334.1_hypothetical_protein_LOTGIDRAFT_128109_partial_[Lottia_gigantea]|0.71|0.76	GO:0005515
PRED|XP_009062423.1_hypothetical_protein_LOTGIDRAFT_146023_partial_[Lottia_gigantea]|0.59|0.85	GO:0004016|GO:0005886|GO:0007189|GO:0009190|GO:0035556
PRED|XP_009062425.1_hypothetical_protein_LOTGIDRAFT_148105_partial_[Lottia_gigantea]|0.6|0.87	GO:0005044
PRED|XP_009062427.1_hypothetical_protein_LOTGIDRAFT_148108_[Lottia_gigantea]|0.95|0.84	GO:0003677|GO:0030527|GO:0046982
PRED|XP_009062435.1_hypothetical_protein_LOTGIDRAFT_148116_[Lottia_gigantea]|0.97|0.89	GO:0003677|GO:0030527|GO:0046982
PRED|XP_009062574.1_hypothetical_protein_LOTGIDRAFT_176903_[Lottia_gigantea]|1.0|0.8	GO:0000786|GO:0003677|GO:0030527|GO:0046982
PRED|XP_009062584.1_hypothetical_protein_LOTGIDRAFT_175997_[Lottia_gigantea]|0.99|0.83	GO:0000786|GO:0003677|GO:0030527|GO:0046982
PRED|XP_009062585.1_hypothetical_protein_LOTGIDRAFT_59701_partial_[Lottia_gigantea]|0.64|0.82	GO:0003690|GO:0005634|GO:0030261|GO:0031492|GO:0045910
PRED|XP_009062586.1_hypothetical_protein_LOTGIDRAFT_146028_[Lottia_gigantea]|0.95|0.83	GO:0003677|GO:0030527|GO:0046982
PRED|XP_009062588.1_hypothetical_protein_LOTGIDRAFT_146029_[Lottia_gigantea]|0.95|0.84	GO:0003677|GO:0030527|GO:0046982
PRED|XP_009062845.1_hypothetical_protein_LOTGIDRAFT_148145_[Lottia_gigantea]|0.99|0.87	GO:0000786|GO:0003677|GO:0030527|GO:0046982
PRED|XP_009062995.1_hypothetical_protein_LOTGIDRAFT_60972_partial_[Lottia_gigantea]|0.92|0.9	GO:0000786|GO:0003677|GO:0030527|GO:0046982
PRED|XP_009062996.1_hypothetical_protein_LOTGIDRAFT_60507_partial_[Lottia_gigantea]|0.99|0.87	GO:0000786|GO:0003677|GO:0030527|GO:0046982
PRED|XP_009062997.1_hypothetical_protein_LOTGIDRAFT_148156_[Lottia_gigantea]|0.99|0.8	GO:0000786|GO:0003677|GO:0030527|GO:0046982
PRED|XP_009063008.1_hypothetical_protein_LOTGIDRAFT_75026_partial_[Lottia_gigantea]|0.99|0.94	GO:0005886|GO:0007219|GO:0007411|GO:0009986|GO:0043235
PRED|XP_009063283.1_hypothetical_protein_LOTGIDRAFT_129892_partial_[Lottia_gigantea]|0.57|0.88	GO:0000981|GO:0005634|GO:0006357|GO:0043565
PRED|XP_009064060.1_hypothetical_protein_LOTGIDRAFT_176928_[Lottia_gigantea]|0.94|0.86	GO:0003677|GO:0030527|GO:0046982
PRED|XP_009064476.1_hypothetical_protein_LOTGIDRAFT_168344_[Lottia_gigantea]|0.53|0.78	GO:0001405|GO:0001671|GO:0030150
PRED|XP_009064576.1_hypothetical_protein_LOTGIDRAFT_150994_[Lottia_gigantea]|0.5|0.74	GO:0000786|GO:0003677|GO:0030527|GO:0046982
PRED|XP_009064880.1_hypothetical_protein_LOTGIDRAFT_148339_[Lottia_gigantea]|0.99|0.87	GO:0000786|GO:0003677|GO:0030527|GO:0046982
PRED|XP_009065107.1_hypothetical_protein_LOTGIDRAFT_98069_partial_[Lottia_gigantea]|0.58|0.72	GO:0000447|GO:0000472|GO:0000480|GO:0003723|GO:0005730|GO:0034462
PRED|XP_009065328.1_hypothetical_protein_LOTGIDRAFT_100531_partial_[Lottia_gigantea]|0.55|0.9	GO:0000122|GO:0000978|GO:0003700|GO:0004879|GO:0006355|GO:0008270|GO:0030154|GO:0043565|GO:0045944
PRED|XP_009065539.1_hypothetical_protein_LOTGIDRAFT_132911_partial_[Lottia_gigantea]|0.97|0.92	GO:0004867|GO:0005615
PRED|XP_009065731.1_hypothetical_protein_LOTGIDRAFT_180756_[Lottia_gigantea]|1.0|0.8	GO:0000786|GO:0003677|GO:0030527|GO:0046982
PRED|XP_009065732.1_hypothetical_protein_LOTGIDRAFT_176226_[Lottia_gigantea]|0.95|0.84	GO:0003677|GO:0030527|GO:0046982
PRED|XP_009065889.1_hypothetical_protein_LOTGIDRAFT_169325_[Lottia_gigantea]|0.84|0.81	GO:0005179|GO:0005576
PRED|XP_009065967.1_hypothetical_protein_LOTGIDRAFT_133562_[Lottia_gigantea]|0.71|0.8	GO:0005634|GO:0005737
PRED|XP_009066077.1_hypothetical_protein_LOTGIDRAFT_133944_partial_[Lottia_gigantea]|0.69|0.83	GO:0005198|GO:0045095
PRED|XP_009066202.1_hypothetical_protein_LOTGIDRAFT_57923_partial_[Lottia_gigantea]|0.64|0.84	GO:0000978|GO:0000981|GO:0006355
PRED|XP_009066306.1_hypothetical_protein_LOTGIDRAFT_134244_partial_[Lottia_gigantea]|0.8|0.93	GO:0003677
PRED|XP_009066307.1_hypothetical_protein_LOTGIDRAFT_197749_partial_[Lottia_gigantea]|0.8|0.93	GO:0003677
PRED|XP_009066439.1_hypothetical_protein_LOTGIDRAFT_108920_partial_[Lottia_gigantea]|0.72|0.84	GO:0046982
PRED|XP_009066954.1_hypothetical_protein_LOTGIDRAFT_60118_partial_[Lottia_gigantea]|0.97|0.93	GO:0003676|GO:0008270
PRED|XP_009067138.1_hypothetical_protein_LOTGIDRAFT_61151_partial_[Lottia_gigantea]|1.0|0.83	GO:0000786|GO:0003677|GO:0030527|GO:0046982
PRED|XP_009067421.1_hypothetical_protein_LOTGIDRAFT_61072_partial_[Lottia_gigantea]|0.98|0.81	GO:0000786|GO:0003677|GO:0030527|GO:0046982
PRED|XP_009296490.2_histone_H2A_[Danio_rerio]|1.0|0.74	GO:0000786|GO:0003677|GO:0030527|GO:0046982
PRED|XP_009297891.2_LOW_QUALITY_PROTEIN:_insulin_[Danio_rerio]|0.97|0.72	GO:0005179|GO:0005576
PRED|XP_009301164.1_histone_H4_[Danio_rerio]|0.95|0.84	GO:0003677|GO:0030527|GO:0046982
PRED|XP_009301181.3_histone_H4_[Danio_rerio]|0.95|0.8	GO:0003677|GO:0030527|GO:0046982
PRED|XP_009301182.1_histone_H2B_1/2_[Danio_rerio]|1.0|0.89	GO:0000786|GO:0003677|GO:0030527|GO:0046982
PRED|XP_009305130.1_interleukin-8_isoform_X2_[Danio_rerio]|0.99|0.75	GO:0005576|GO:0006955|GO:0008009
PRED|XP_009858155.1_lysozyme_g_[Ciona_intestinalis]|0.98|0.73	GO:0003796|GO:0009253
PRED|XP_009859868.1_ubiquitin-like_protein_FUBI_[Ciona_intestinalis]|0.67|0.84	GO:0003735|GO:0005840|GO:0006412|GO:0022627
PRED|XP_009860849.1_uncharacterized_protein_LOC104266414_[Ciona_intestinalis]|0.76|0.93	GO:0005125|GO:0005576
PRED|XP_009861241.1_histone_H3.3_[Ciona_intestinalis]|0.5|0.73	GO:0000786|GO:0003677|GO:0030527|GO:0046982
PRED|XP_009861488.2_dickkopf_protein_isoform_X1_[Ciona_intestinalis]|0.66|0.82	GO:0005615|GO:0039706|GO:0048019|GO:0090090
PRED|XP_010227230.1_antimicrobial_peptide_1_[Brachypodium_distachyon]|0.58|0.84	GO:0006952|GO:0045926
PRED|XP_010227440.1_probable_non-specific_lipid-transfer_protein_2_[Brachypodium_distachyon]|0.99|0.93	GO:0006869
PRED|XP_010227949.1_non-specific_lipid-transfer_protein_3_[Brachypodium_distachyon]|0.7|0.89	GO:0006869|GO:0008289
PRED|XP_010228311.1_histone_H2B.1_[Brachypodium_distachyon]|0.92|0.82	GO:0000786|GO:0003677|GO:0030527|GO:0046982
PRED|XP_010228361.1_defensin_Tk-AMP-D1.1_[Brachypodium_distachyon]|1.0|0.94	GO:0006952
PRED|XP_010229185.1_expansin-A12_[Brachypodium_distachyon]|0.78|0.73	GO:0005576|GO:0009664
PRED|XP_010230038.1_histone_H2B.1_[Brachypodium_distachyon]|0.88|0.82	GO:0000786|GO:0003677|GO:0030527|GO:0046982
PRED|XP_010230326.1_histone_H2B.3_[Brachypodium_distachyon]|0.92|0.82	GO:0000786|GO:0003677|GO:0030527|GO:0046982
PRED|XP_010230590.1_rapid_alkalinization_factor_[Brachypodium_distachyon]|0.82|0.88	GO:0009506|GO:0019722
PRED|XP_010230851.1_ubiquitin_[Brachypodium_distachyon]|0.98|0.76	GO:0006412
PRED|XP_010231275.1_histone_H4_[Brachypodium_distachyon]|0.96|0.86	GO:0003677|GO:0030527|GO:0046982
PRED|XP_010231299.1_histone_H2B.11_[Brachypodium_distachyon]|0.74|0.81	GO:0000786|GO:0003677|GO:0030527|GO:0046982
PRED|XP_010232168.1_non-specific_lipid-transfer_protein_2_[Brachypodium_distachyon]|0.97|0.94	GO:0006869
PRED|XP_010232731.1_uncharacterized_protein_LOC100835926_[Brachypodium_distachyon]|0.99|0.82	GO:2000123
PRED|XP_010233081.2_ubiquitin_[Brachypodium_distachyon]|0.93|0.83	GO:0006412
PRED|XP_010235334.1_uncharacterized_protein_LOC100840751_[Brachypodium_distachyon]|0.79|0.72	GO:0006979
PRED|XP_010236372.1_stress-associated_endoplasmic_reticulum_protein_2_[Brachypodium_distachyon]|0.9|0.83	GO:0005783|GO:0030968
PRED|XP_010237388.1_root-specific_lectin-like_[Brachypodium_distachyon]|0.94|0.93	GO:0008061
PRED|XP_010237389.1_agglutinin_isolectin_3_[Brachypodium_distachyon]|0.9|0.89	GO:0008061
PRED|XP_010237390.1_agglutinin_isolectin_3_[Brachypodium_distachyon]|0.9|0.92	GO:0008061
PRED|XP_010237391.1_agglutinin_isolectin_3_[Brachypodium_distachyon]|0.99|0.89	GO:0008061
PRED|XP_010237613.1_antimicrobial_peptides_[Brachypodium_distachyon]|1.0|0.77	GO:0050832
PRED|XP_010238891.1_puroindoline-B_[Brachypodium_distachyon]|0.91|0.83	GO:0004867|GO:0045735
PRED|XP_010238989.1_root-specific_lectin_[Brachypodium_distachyon]|0.99|0.92	GO:0008061
PRED|XP_010238990.1_agglutinin_isolectin_1_[Brachypodium_distachyon]|0.99|0.87	GO:0008061
PRED|XP_010240067.1_chitinase_4_[Brachypodium_distachyon]|0.95|0.93	GO:0008061
PRED|XP_010644182.1_protein_RALF-like_19_[Vitis_vinifera]|0.99|0.83	GO:0009506|GO:0019722
PRED|XP_010646191.1_putative_lipid-transfer_protein_DIR1_[Vitis_vinifera]|1.0|0.91	GO:0005504|GO:0009627
PRED|XP_010650431.1_uncharacterized_protein_LOC104879403_isoform_X1_[Vitis_vinifera]|0.83|0.85	GO:2000123
PRED|XP_010652763.1_PAMP-induced_secreted_peptide_2_[Vitis_vinifera]|0.89|0.85	GO:0045087|GO:0050793
PRED|XP_010653029.1_defensin-like_protein_1_isoform_X2_[Vitis_vinifera]|1.0|0.89	GO:0006952
PRED|XP_010653778.3_uncharacterized_protein_LOC104880104_[Vitis_vinifera]|0.59|0.84	GO:0003676|GO:0008270
PRED|XP_010654111.1_ubiquitin-ribosomal_protein_eL40_fusion_protein_isoform_X2_[Vitis_vinifera]|0.87|0.86	GO:0006412
PRED|XP_010654116.1_vacuolar_protein_sorting-associated_protein_55_homolog_[Vitis_vinifera]|0.79|0.77	GO:0005768|GO:0032511
PRED|XP_010655785.1_non-specific_lipid-transfer_protein_C_cotyledon-specific_isoform_[Vitis_vinifera]|0.94|0.91	GO:0006869|GO:0008289
PRED|XP_010659956.1_uncharacterized_protein_LOC104881421_[Vitis_vinifera]|0.93|0.71	GO:0003676|GO:0008270
PRED|XP_011237637.1_midkine_isoform_X1_[Mus_musculus]|0.88|0.93	GO:0008083
PRED|XP_011239769.1_retinoic_acid_receptor_responder_protein_2_isoform_X1_[Mus_musculus]|0.5|0.76	GO:0005102|GO:0005615|GO:0006954|GO:0031012|GO:0045087|GO:0050921|GO:0050994
PRED|XP_011242986.1_C-C_motif_chemokine_28_isoform_X2_[Mus_musculus]|0.85|0.87	GO:0005576|GO:0006955|GO:0008009
PRED|XP_011244487.1_vesicle_transport_protein_SFT2A_isoform_X1_[Mus_musculus]|0.96|0.83	GO:0016020|GO:0016192
PRED|XP_011386623.1_mitochondrial_37S_ribosomal_protein_mS37_[Mycosarcoma_maydis]|0.92|0.88	GO:0003735|GO:0005763|GO:0006412|GO:0032543
PRED|XP_011387545.1_putative_histone_H2B_[Mycosarcoma_maydis]|0.74|0.71	GO:0000786|GO:0003677|GO:0030527|GO:0046982
PRED|XP_011388728.1_ubiquitin-ribosomal_60S_subunit_protein_L40_fusion_protein_[Mycosarcoma_maydis]|0.95|0.89	GO:0006412
PRED|XP_011388848.1_uncharacterized_protein_UMAG_10168_[Mycosarcoma_maydis]|0.86|0.91	GO:0005739|GO:0032981
PRED|XP_011389810.1_uncharacterized_protein_UMAG_10823_[Mycosarcoma_maydis]|0.94|0.79	GO:0036503
PRED|XP_011390346.1_uncharacterized_protein_UMAG_11106_[Mycosarcoma_maydis]|0.52|0.88	GO:0005743|GO:0045271
PRED|XP_011390821.1_putative_60S_ribosomal_protein_L41_[Mycosarcoma_maydis]|0.95|0.81	GO:0003735|GO:0005840|GO:0006412
PRED|XP_011391376.1_hydrophobin_2_[Mycosarcoma_maydis]|0.98|0.8	GO:0005199|GO:0009277
PRED|XP_011392492.1_putative_ubiquinol--cytochrome-c_reductase_subunit_9_[Mycosarcoma_maydis]|0.82|0.84	GO:0006122|GO:0045275
PRED|XP_011395232.1_uncharacterized_protein_NCU06076_[Neurospora_crassa_OR74A]|0.93|0.81	GO:0005737
PRED|XP_011395234.1_uncharacterized_protein_NCU06076_[Neurospora_crassa_OR74A]|0.54|0.87	GO:0005737
PRED|XP_011395235.1_uncharacterized_protein_NCU06076_[Neurospora_crassa_OR74A]|0.84|0.88	GO:0005737
PRED|XP_011415471.1_large_ribosomal_subunit_protein_eL43_[Magallana_gigas]|0.57|0.78	GO:0003735|GO:0005840|GO:0006412
PRED|XP_011415506.3_metalloproteinase_inhibitor_3_[Magallana_gigas]|0.95|0.94	GO:0002020|GO:0005615|GO:0008191|GO:0010033|GO:0010951|GO:0031012|GO:0051045
PRED|XP_011416642.2_histone_H2B_[Magallana_gigas]|0.72|0.83	GO:0000786|GO:0003677|GO:0030527|GO:0046982
PRED|XP_011416655.2_histone_H2B-like_[Magallana_gigas]|0.98|0.86	GO:0000786|GO:0003677|GO:0030527|GO:0046982
PRED|XP_011417344.1_therostasin_[Magallana_gigas]|0.99|0.9	GO:0004857
PRED|XP_011417363.3_insulin-like_growth_factor-binding_protein_1_isoform_X1_[Magallana_gigas]|0.54|0.92	GO:0001558|GO:0005520|GO:0005576|GO:0009966
PRED|XP_011418950.2_uncharacterized_protein_[Magallana_gigas]|0.53|0.72	GO:0005615
PRED|XP_011420805.1_histone_H3.3A_[Magallana_gigas]|0.5|0.74	GO:0000786|GO:0003677|GO:0030527|GO:0046982
PRED|XP_011421049.3_metalloproteinase_inhibitor_3-like_isoform_X1_[Magallana_gigas]|0.53|0.81	GO:0002020|GO:0005615|GO:0008191|GO:0010033|GO:0010951|GO:0031012|GO:0051045
PRED|XP_011428331.3_short-chain_collagen_C4_[Magallana_gigas]|0.94|0.82	GO:0005615|GO:0031012
PRED|XP_011430778.2_probable_pterin-4-alpha-carbinolamine_dehydratase_[Magallana_gigas]|0.52|0.7	GO:0006729|GO:0008124
PRED|XP_011431006.3_sarcoplasmic_reticulum_histidine-rich_calcium-binding_protein_[Magallana_gigas]|0.5|0.74	GO:0005509
PRED|XP_011432942.2_U-actitoxin-Avd3l_[Magallana_gigas]|0.77|0.94	GO:0004867|GO:0005615
PRED|XP_011435291.1_mitochondrial_import_inner_membrane_translocase_subunit_TIM14_[Magallana_gigas]|0.58|0.71	GO:0001405|GO:0001671|GO:0030150
PRED|XP_011438258.3_ubiquitin-ribosomal_protein_eL40_fusion_protein_[Magallana_gigas]|0.81|0.9	GO:0006412
PRED|XP_011443948.3_kappaPI-actitoxin-Avd3e_[Magallana_gigas]|0.95|0.92	GO:0005615|GO:0010466
PRED|XP_011445174.3_thrombin_inhibitor_rhodniin_[Magallana_gigas]|0.55|0.78	GO:0005576
PRED|XP_011445355.1_turripeptide_OL11-like_[Magallana_gigas]|0.97|0.81	GO:0004867|GO:0005576|GO:0007275|GO:0030154
PRED|XP_011448178.3_pro-neuropeptide_Y_isoform_X1_[Magallana_gigas]|0.65|0.74	GO:0005179|GO:0005576
PRED|XP_011453771.3_eppin-like_isoform_X2_[Magallana_gigas]|0.67|0.84	GO:0005615|GO:0010466
PRED|XP_011453772.3_eppin-like_isoform_X3_[Magallana_gigas]|0.62|0.84	GO:0005615|GO:0010466
PRED|XP_011453773.3_eppin-like_[Magallana_gigas]|1.0|0.94	GO:0005615|GO:0010466
PRED|XP_011454177.1_tomoregulin-2_[Magallana_gigas]|0.92|0.78	GO:0005576|GO:0007275|GO:0030154
PRED|XP_011456223.3_low-density_lipoprotein_receptor_[Magallana_gigas]|0.54|0.75	GO:0005515|GO:0005886|GO:0043235
PRED|XP_011509547.1_C-type_natriuretic_peptide_isoform_X1_[Homo_sapiens]|0.96|0.85	GO:0005179|GO:0005576|GO:0006182|GO:0007168
PRED|XP_011514762.1_C-C_motif_chemokine_24_isoform_X1_[Homo_sapiens]|0.99|0.87	GO:0005576|GO:0005615|GO:0006954|GO:0006955|GO:0008009|GO:0030335|GO:0043547|GO:0048020|GO:0048245|GO:0060326|GO:0061844|GO:0070098
PRED|XP_011521558.1_C-C_motif_chemokine_17_isoform_X2_[Homo_sapiens]|0.96|0.89	GO:0005576|GO:0006955|GO:0008009
PRED|XP_011524180.1_E3_ubiquitin-protein_ligase_RNF152_isoform_X1_[Homo_sapiens]|0.5|0.8	GO:0061630
PRED|XP_011524982.1_fms-related_tyrosine_kinase_3_ligand_isoform_X10_[Homo_sapiens]|0.53|0.71	GO:0005125|GO:0005615|GO:0008284|GO:0009986|GO:0016020|GO:0030971
PRED|XP_011527122.1_agouti-signaling_protein_isoform_X1_[Homo_sapiens]|0.91|0.82	GO:0005184|GO:0005576|GO:0005615|GO:0009755|GO:0031779|GO:0032438
PRED|XP_011527123.1_agouti-signaling_protein_isoform_X1_[Homo_sapiens]|0.91|0.82	GO:0005184|GO:0005576|GO:0005615|GO:0009755|GO:0031779|GO:0032438
PRED|XP_011531657.1_lysozyme-like_protein_4_isoform_X1_[Homo_sapiens]|0.98|0.75	GO:0001669|GO:0007342|GO:0036126
PRED|XP_011533042.1_neutrophil_defensin_1_isoform_X1_[Homo_sapiens]|1.0|0.89	GO:0005576|GO:0006952
PRED|XP_011533043.1_neutrophil_defensin_3_isoform_X1_[Homo_sapiens]|1.0|0.88	GO:0005576|GO:0006952
PRED|XP_011539748.1_low-density_lipoprotein_receptor_class_A_domain-containing_protein_1_isoform_X1_[Homo_sapiens]|0.63|0.81	GO:0005515
PRED|XP_011539888.1_phospholipase_A2_group_V_isoform_X1_[Homo_sapiens]|0.63|0.86	GO:0004623|GO:0005509|GO:0005543|GO:0006644|GO:0016042|GO:0042130|GO:0047498|GO:0050482
PRED|XP_011539889.1_phospholipase_A2_group_V_isoform_X2_[Homo_sapiens]|0.93|0.88	GO:0004623|GO:0005509|GO:0005543|GO:0006644|GO:0016042|GO:0042130|GO:0047498|GO:0050482
PRED|XP_011539890.1_phospholipase_A2_group_V_isoform_X2_[Homo_sapiens]|0.95|0.88	GO:0004623|GO:0005509|GO:0005543|GO:0006644|GO:0016042|GO:0042130|GO:0047498|GO:0050482
PRED|XP_011539891.1_phospholipase_A2_group_V_isoform_X2_[Homo_sapiens]|0.95|0.88	GO:0004623|GO:0005509|GO:0005543|GO:0006644|GO:0016042|GO:0042130|GO:0047498|GO:0050482
PRED|XP_011539892.1_phospholipase_A2_group_V_isoform_X2_[Homo_sapiens]|0.95|0.88	GO:0004623|GO:0005509|GO:0005543|GO:0006644|GO:0016042|GO:0042130|GO:0047498|GO:0050482
PRED|XP_011539893.1_phospholipase_A2_group_V_isoform_X2_[Homo_sapiens]|0.95|0.88	GO:0004623|GO:0005509|GO:0005543|GO:0006644|GO:0016042|GO:0042130|GO:0047498|GO:0050482
PRED|XP_011539894.1_phospholipase_A2_group_V_isoform_X2_[Homo_sapiens]|0.95|0.88	GO:0004623|GO:0005509|GO:0005543|GO:0006644|GO:0016042|GO:0042130|GO:0047498|GO:0050482
PRED|XP_011542000.1_thymic_stromal_lymphopoietin_isoform_X3_[Homo_sapiens]|0.98|0.71	GO:0001961|GO:0005125|GO:0005139|GO:0005576|GO:0032722|GO:0032733|GO:0032736|GO:0032754|GO:0032755|GO:0042531|GO:0050729|GO:0061844
PRED|XP_011543078.1_glycoprotein_hormone_alpha-2_isoform_X1_[Homo_sapiens]|0.61|0.84	GO:0005615|GO:0007166|GO:0031531|GO:0051427
PRED|XP_011600687.1_chymotrypsin-like_elastase_family_member_2A_[Takifugu_rubripes]|0.68|0.73	GO:0004252|GO:0005615|GO:0006508
PRED|XP_011601287.1_ubiquitin-ribosomal_protein_eS31_fusion_protein_[Takifugu_rubripes]|0.73|0.77	GO:0003735|GO:0005840|GO:0006412
PRED|XP_011601516.1_cystatin-F_[Takifugu_rubripes]|0.98|0.76	GO:0004869|GO:0005615|GO:0005764|GO:0005770|GO:0005783|GO:0005794|GO:0006955|GO:0031643|GO:0097340|GO:1903979
PRED|XP_011601689.2_chemokine_(C-X-C_motif)_ligand_12a_(stromal_cell-derived_factor_1)_[Takifugu_rubripes]|0.69|0.9	GO:0005576|GO:0006955|GO:0008009
PRED|XP_011601835.1_epithelial_membrane_protein_2_[Takifugu_rubripes]|0.83|0.81	GO:0005886|GO:0016020
PRED|XP_011603261.1_liver-expressed_antimicrobial_peptide_2_[Takifugu_rubripes]|1.0|0.89	GO:0042742|GO:0061844
PRED|XP_011604919.1_liver-expressed_antimicrobial_peptide_2_[Takifugu_rubripes]|1.0|0.91	GO:0042742|GO:0061844
PRED|XP_011605509.1_midkine_b_[Takifugu_rubripes]|1.0|0.91	GO:0008083
PRED|XP_011605510.1_midkine_b_[Takifugu_rubripes]|1.0|0.91	GO:0008083
PRED|XP_011606035.1_histone_H4_[Takifugu_rubripes]|0.95|0.78	GO:0003677|GO:0030527|GO:0046982
PRED|XP_011606390.1_otospiralin_[Takifugu_rubripes]|0.83|0.76	GO:0007605
PRED|XP_011608222.1_gonadotropin_subunit_beta-1_[Takifugu_rubripes]|0.81|0.9	GO:0005179|GO:0005576|GO:0005615|GO:0005737|GO:0007186|GO:0030728
PRED|XP_011608677.1_serine_protease_inhibitor_Kazal-type_1-like_[Takifugu_rubripes]|0.99|0.82	GO:0004867
PRED|XP_011608992.2_platelet_basic_protein-like_[Takifugu_rubripes]|1.0|0.79	GO:0005576|GO:0006955|GO:0008009
PRED|XP_011609241.2_C-X-C_motif_chemokine_14_[Takifugu_rubripes]|0.99|0.9	GO:0005576|GO:0006955|GO:0008009
PRED|XP_011609242.2_C-X-C_motif_chemokine_14_[Takifugu_rubripes]|0.99|0.9	GO:0005576|GO:0006955|GO:0008009
PRED|XP_011609509.1_histone_H3-like_[Takifugu_rubripes]|0.63|0.7	GO:0000786|GO:0003677|GO:0030527|GO:0046982
PRED|XP_011609510.1_histone_H2B_type_1-A-like_[Takifugu_rubripes]|1.0|0.83	GO:0000786|GO:0003677|GO:0030527|GO:0046982
PRED|XP_011610078.1_endothelin-1_[Takifugu_rubripes]|0.74|0.81	GO:0003100|GO:0005179|GO:0005576|GO:0005615|GO:0006874|GO:0014826|GO:0019229|GO:0031708|GO:0060585
PRED|XP_011610079.1_endothelin-1_[Takifugu_rubripes]|0.74|0.81	GO:0003100|GO:0005179|GO:0005576|GO:0005615|GO:0006874|GO:0014826|GO:0019229|GO:0031708|GO:0060585
PRED|XP_011611269.1_apelin_receptor_early_endogenous_ligand_[Takifugu_rubripes]|1.0|0.93	GO:0007507|GO:0031704|GO:0060183
PRED|XP_011611357.1_histone_H4_[Takifugu_rubripes]|0.95|0.84	GO:0003677|GO:0030527|GO:0046982
PRED|XP_011611358.1_histone_H4_[Takifugu_rubripes]|0.95|0.84	GO:0003677|GO:0030527|GO:0046982
PRED|XP_011613350.1_ubiquitin-ribosomal_protein_eL40_fusion_protein_[Takifugu_rubripes]|0.91|0.89	GO:0006412
PRED|XP_011614532.2_C-C_motif_chemokine_21_[Takifugu_rubripes]|0.74|0.9	GO:0005576|GO:0006955|GO:0008009
PRED|XP_011614809.1_C-C_motif_chemokine_ligand_20_isoform_X2_[Takifugu_rubripes]|0.96|0.88	GO:0005576|GO:0006955|GO:0008009
PRED|XP_011614897.2_agouti-signaling_protein_2b_isoform_X1_[Takifugu_rubripes]|0.67|0.91	GO:0005184|GO:0005576|GO:0005615|GO:0007218|GO:0008343|GO:0009755|GO:0031779|GO:0070996|GO:2000253
PRED|XP_011619489.1_histone_H4_[Takifugu_rubripes]|0.95|0.84	GO:0003677|GO:0030527|GO:0046982
PRED|XP_011619811.1_histone_H4_[Takifugu_rubripes]|0.95|0.84	GO:0003677|GO:0030527|GO:0046982
PRED|XP_011648973.1_non-specific_lipid-transfer_protein_2_[Cucumis_sativus]|0.9|0.92	GO:0006869
PRED|XP_011650863.1_protein_RALF-like_24_[Cucumis_sativus]|0.7|0.79	GO:0009506|GO:0019722
PRED|XP_011650864.1_protein_RALF-like_24_[Cucumis_sativus]|0.7|0.76	GO:0009506|GO:0019722
PRED|XP_011651835.1_non-specific_lipid-transfer_protein_1_[Cucumis_sativus]|0.9|0.92	GO:0006869|GO:0008289
PRED|XP_011653323.1_ubiquitin-60S_ribosomal_protein_L40_[Cucumis_sativus]|0.87|0.86	GO:0006412
PRED|XP_011653471.1_histone_H4_[Cucumis_sativus]|0.96|0.87	GO:0003677|GO:0030527|GO:0046982
PRED|XP_011654070.2_histone_H2B_[Cucumis_sativus]|0.75|0.8	GO:0000786|GO:0003677|GO:0030527|GO:0046982
PRED|XP_011654263.1_NADH_dehydrogenase_[ubiquinone]_1_beta_subcomplex_subunit_2_[Cucumis_sativus]|0.55|0.86	GO:0005743|GO:0045271
PRED|XP_011654535.1_defensin_J1-2_[Cucumis_sativus]|1.0|0.95	GO:0005739|GO:0006952|GO:0009505
PRED|XP_011657596.1_putative_axial_regulator_YABBY_2_[Cucumis_sativus]|0.7|0.76	GO:0005634|GO:0007275|GO:0010158|GO:0045165
PRED|XP_011658404.1_metallothionein-like_protein_4A_[Cucumis_sativus]|0.82|0.94	GO:0008270
PRED|XP_011659152.1_histone_H3-1_isoform_X1_[Cucumis_sativus]|0.76|0.7	GO:0000786|GO:0003677|GO:0030527|GO:0046982
PRED|XP_011661260.1_bursicon_subunit_beta-related_polypeptide_isoform_X1_[Strongylocentrotus_purpuratus]|0.82|0.71	GO:0001664|GO:0005184|GO:0005576|GO:0007186|GO:0031395
PRED|XP_011661261.1_bursicon_subunit_beta-related_polypeptide_isoform_X2_[Strongylocentrotus_purpuratus]|0.92|0.7	GO:0001664|GO:0005184|GO:0005576|GO:0007186|GO:0031395
PRED|XP_011661348.2_phospholipase_A2-like_[Strongylocentrotus_purpuratus]|0.64|0.82	GO:0004623|GO:0005509|GO:0005543|GO:0006644|GO:0016042|GO:0047498
PRED|XP_011662709.1_histone_H2B.2_embryonic-like_[Strongylocentrotus_purpuratus]|0.65|0.73	GO:0000786|GO:0003677|GO:0030527|GO:0046982
PRED|XP_011663808.1_histone_H4_[Strongylocentrotus_purpuratus]|0.96|0.88	GO:0003677|GO:0030527|GO:0046982
PRED|XP_011664272.1_boophilin-G2_[Strongylocentrotus_purpuratus]|0.72|0.88	GO:0004857
PRED|XP_011664585.2_histone_H4-like_[Strongylocentrotus_purpuratus]|0.98|0.86	GO:0003677|GO:0030527|GO:0046982
PRED|XP_011666637.2_acidic_phospholipase_A2_homolog_[Strongylocentrotus_purpuratus]|0.67|0.89	GO:0004623|GO:0005509|GO:0005543|GO:0006644|GO:0016042|GO:0047498
PRED|XP_011667593.1_late_histone_H2B.L4-like_[Strongylocentrotus_purpuratus]|0.91|0.86	GO:0000786|GO:0003677|GO:0030527|GO:0046982
PRED|XP_011669701.1_late_histone_H2B.L1_isoform_X1_[Strongylocentrotus_purpuratus]|0.97|0.8	GO:0000786|GO:0003677|GO:0030527|GO:0046982
PRED|XP_011670730.1_LOW_QUALITY_PROTEIN:_late_histone_H2B.2.1-like_[Strongylocentrotus_purpuratus]|0.98|0.86	GO:0000786|GO:0003677|GO:0030527|GO:0046982
PRED|XP_011670829.1_glycoprotein_hormone_alpha-2_isoform_X1_[Strongylocentrotus_purpuratus]|0.91|0.91	GO:0005615|GO:0007166|GO:0051427
PRED|XP_011670839.1_glycoprotein_hormone_beta-5_[Strongylocentrotus_purpuratus]|0.52|0.87	GO:0005179|GO:0005576|GO:0005615|GO:0005737|GO:0007186
PRED|XP_011671581.2_histone_H4-like_[Strongylocentrotus_purpuratus]|0.97|0.86	GO:0003677|GO:0030527|GO:0046982
PRED|XP_011675576.1_anaphase-promoting_complex_subunit_11_isoform_X1_[Strongylocentrotus_purpuratus]|0.64|0.92	GO:0005680|GO:0008270|GO:0031145|GO:0061630|GO:0097602
PRED|XP_011679526.1_histone_H4_[Strongylocentrotus_purpuratus]|0.96|0.88	GO:0003677|GO:0030527|GO:0046982
PRED|XP_011681115.1_histone_H4_[Strongylocentrotus_purpuratus]|0.87|0.87	GO:0003677|GO:0030527|GO:0046982
PRED|XP_011683150.1_late_histone_H2B.2.2-like_[Strongylocentrotus_purpuratus]|0.96|0.87	GO:0000786|GO:0003677|GO:0030527|GO:0046982
PRED|XP_012046679.1_polyubiquitin_[Cryptococcus_neoformans_var._grubii_H99]|0.98|0.88	GO:0006412
PRED|XP_012047175.1_hypothetical_protein_CNAG_03679_[Cryptococcus_neoformans_var._grubii_H99]|0.99|0.74	GO:0003998
PRED|XP_012047383.1_hypothetical_protein_variant_[Cryptococcus_neoformans_var._grubii_H99]|0.89|0.7	GO:0003998
PRED|XP_012047473.1_RING-box_protein_1_[Cryptococcus_neoformans_var._grubii_H99]|0.73|0.89	GO:0008270
PRED|XP_012047684.1_hypothetical_protein_CNAG_06712_[Cryptococcus_neoformans_var._grubii_H99]|0.68|0.85	GO:0016020
PRED|XP_012047706.1_histone_H2B_[Cryptococcus_neoformans_var._grubii_H99]|0.68|0.73	GO:0000786|GO:0003677|GO:0030527|GO:0046982
PRED|XP_012048871.1_histone_H4_[Cryptococcus_neoformans_var._grubii_H99]|0.81|0.81	GO:0003677|GO:0030527|GO:0046982
PRED|XP_012051950.1_V-type_ATPase_C_subunit_[Cryptococcus_neoformans_var._grubii_H99]|0.79|0.75	GO:0033179|GO:0046961|GO:1902600
PRED|XP_012052665.1_histone_H4_[Cryptococcus_neoformans_var._grubii_H99]|0.81|0.81	GO:0003677|GO:0030527|GO:0046982
PRED|XP_012543940.1_lysozyme_2_[Bombyx_mori]|0.99|0.85	GO:0003796
PRED|XP_012544845.1_chorion_class_CA_protein_ERA.1_[Bombyx_mori]|0.96|0.89	GO:0005213|GO:0007275|GO:0007304|GO:0042600
PRED|XP_012546644.1_putative_defense_protein_isoform_X1_[Bombyx_mori]|0.97|0.74	GO:0016020
PRED|XP_012548299.1_immune-related_protein_2_isoform_X1_[Bombyx_mori]|0.59|0.73	GO:0016020
PRED|XP_012548928.1_tissue_factor_pathway_inhibitor_[Bombyx_mori]|0.53|0.83	GO:0004867
PRED|XP_012549341.1_uncharacterized_protein_LOC101742027_[Bombyx_mori]|0.77|0.74	GO:0005739|GO:0045271
PRED|XP_012550695.2_cuticular_protein_RR-2_motif_113_isoform_X1_[Bombyx_mori]|0.68|0.73	GO:0005615|GO:0031012
PRED|XP_012551883.1_histone_H4_[Bombyx_mori]|0.95|0.77	GO:0003677|GO:0030527|GO:0046982
PRED|XP_012552141.1_lysozyme-like_[Bombyx_mori]|0.85|0.8	GO:0003796
PRED|XP_012553269.1_eclosion_hormone_isoform_X1_[Bombyx_mori]|0.95|0.92	GO:0007218|GO:0008255|GO:0018990
PRED|XP_012651656.1_inner_membrane_protein_putative_[Tetrahymena_thermophila_SB210]|0.54|0.8	GO:0016020
PRED|XP_012652266.1_ion_channel_inhibitory_toxin_protein_[Tetrahymena_thermophila_SB210]|0.92|0.87	GO:0005576|GO:0008200
PRED|XP_012653177.1_ion_channel_inhibitory_toxin_protein_[Tetrahymena_thermophila_SB210]|0.99|0.92	GO:0005576|GO:0008200
PRED|XP_012653349.1_conotoxin_protein_[Tetrahymena_thermophila_SB210]|0.99|0.88	GO:0005576
PRED|XP_012809063.1_phospholipase_A2_minor_isoenzyme-like_[Xenopus_tropicalis]|0.64|0.83	GO:0004623|GO:0005509|GO:0005543|GO:0006644|GO:0016042|GO:0047498
PRED|XP_012810073.2_trypsin_[Xenopus_tropicalis]|0.95|0.75	GO:0004252|GO:0005615|GO:0006508
PRED|XP_012811093.1_apelin_receptor_early_endogenous_ligand_[Xenopus_tropicalis]|0.99|0.9	GO:0007507|GO:0031704|GO:0060183
PRED|XP_012813759.1_C-C_motif_chemokine_4_homolog_[Xenopus_tropicalis]|1.0|0.92	GO:0005576|GO:0006955|GO:0008009
PRED|XP_012813881.1_chemokine-like_protein_TAFA-5_isoform_X1_[Xenopus_tropicalis]|0.52|0.83	GO:0001664|GO:0005615|GO:0007186|GO:0048018
PRED|XP_012816723.1_COX_assembly_mitochondrial_protein_2_homolog_isoform_X2_[Xenopus_tropicalis]|0.89|0.78	GO:0005739
PRED|XP_012817503.2_histone_H2B_1.1_[Xenopus_tropicalis]|1.0|0.87	GO:0000786|GO:0003677|GO:0030527|GO:0046982
PRED|XP_012817505.1_histone_H4_[Xenopus_tropicalis]|0.95|0.83	GO:0003677|GO:0030527|GO:0046982
PRED|XP_012819998.1_ubiquitin-60S_ribosomal_protein_L40_isoform_X1_[Xenopus_tropicalis]|0.92|0.89	GO:0006412
PRED|XP_012820323.1_protachykinin-1_isoform_X2_[Xenopus_tropicalis]|0.91|0.75	GO:0007217
PRED|XP_012823786.1_peptidoglycan_recognition_protein_1_isoform_X1_[Xenopus_tropicalis]|0.86|0.89	GO:0042834|GO:0045087
PRED|XP_012823787.1_peptidoglycan_recognition_protein_1_isoform_X2_[Xenopus_tropicalis]|0.97|0.9	GO:0042834|GO:0045087
PRED|XP_012824378.2_histone_H2B_1.1_[Xenopus_tropicalis]|1.0|0.84	GO:0000786|GO:0003677|GO:0030527|GO:0046982
PRED|XP_012825902.1_ATP_synthase_subunit_f_mitochondrial_isoform_X1_[Xenopus_tropicalis]|0.71|0.9	GO:0005753|GO:0042776|GO:0046933
PRED|XP_012934950.1_15-hydroxyprostaglandin_dehydrogenase_[NAD(+)]_partial_[Aplysia_californica]|0.6|0.84	GO:0005737|GO:0008667|GO:0016616|GO:0019290
PRED|XP_012935657.1_insulin-like_growth_factor-binding_protein_2_isoform_X2_[Aplysia_californica]|0.74|0.87	GO:0001558|GO:0005520|GO:0005576|GO:0009966
PRED|XP_012935849.1_carboxypeptidase_inhibitor_SmCI_[Aplysia_californica]|0.77|0.92	GO:0004867
PRED|XP_012937070.2_sodium-dependent_dopamine_transporter_[Aplysia_californica]|0.53|0.8	GO:0005283|GO:0005886|GO:0006865|GO:0016020|GO:0035725|GO:0071705|GO:0089718
PRED|XP_012942467.1_turripeptide_Pal9.2-like_[Aplysia_californica]|0.91|0.89	GO:0005576
PRED|XP_012944475.2_multiple_epidermal_growth_factor-like_domains_protein_10_[Aplysia_californica]|0.9|0.7	GO:0005044
PRED|XP_012944514.1_therostasin_[Aplysia_californica]|0.92|0.95	GO:0004857
PRED|XP_012944836.1_lysozyme_g_[Aplysia_californica]|0.85|0.76	GO:0003796|GO:0009253
PRED|XP_012946370.1_dermatopontin-like_[Aplysia_californica]|0.87|0.77	GO:0005615|GO:0030199|GO:0031012
PRED|XP_012946483.1_reactive_oxygen_species_modulator_1_[Aplysia_californica]|0.67|0.75	GO:0005744|GO:0030150|GO:0045039
PRED|XP_012946608.1_neurogenic_locus_Notch_protein_partial_[Aplysia_californica]|0.84|0.91	GO:0005886|GO:0007157|GO:0032991|GO:0045197
PRED|XP_013444125.1_defensin-like_protein_19_isoform_X2_[Medicago_truncatula]|1.0|0.93	GO:0006952
PRED|XP_013444126.1_uncharacterized_protein_[Medicago_truncatula]|1.0|0.85	GO:0006952
PRED|XP_013446213.1_non-specific_lipid_transfer_protein_GPI-anchored_15_[Medicago_truncatula]|0.88|0.92	GO:0005504|GO:0009627
PRED|XP_013446497.1_60S_ribosomal_protein_L38_[Medicago_truncatula]|0.63|0.7	GO:0003735|GO:0005840|GO:0006412|GO:0022618|GO:0022625
PRED|XP_013448040.1_histone_H4_[Medicago_truncatula]|0.96|0.87	GO:0003677|GO:0030527|GO:0046982
PRED|XP_013450118.1_ubiquitin-60S_ribosomal_protein_L40_[Medicago_truncatula]|0.93|0.86	GO:0006412
PRED|XP_013450528.1_wound-induced_protein_[Medicago_truncatula]|0.95|0.74	GO:0004540|GO:0006952|GO:0008061
PRED|XP_013451275.1_albumin-1_[Medicago_truncatula]|0.65|0.71	GO:0045735
PRED|XP_013451278.1_albumin-1_[Medicago_truncatula]|0.85|0.71	GO:0045735
PRED|XP_013453984.1_selenoprotein_K_isoform_X1_[Medicago_truncatula]|1.0|0.81	GO:0005789|GO:0005794|GO:0006816|GO:0032469
PRED|XP_013455191.2_non-specific_lipid-transfer_protein_[Medicago_truncatula]|1.0|0.93	GO:0006869|GO:0008289
PRED|XP_013455201.1_repetitive_proline-rich_cell_wall_protein_1_[Medicago_truncatula]|0.96|0.87	GO:0005199|GO:0005576
PRED|XP_013456081.2_probable_histone_H2B.1_[Medicago_truncatula]|0.9|0.82	GO:0000786|GO:0003677|GO:0030527|GO:0046982
PRED|XP_013456139.1_probable_histone_H2B.1_[Medicago_truncatula]|0.7|0.82	GO:0000786|GO:0003677|GO:0030527|GO:0046982
PRED|XP_013456142.1_probable_histone_H2B.1_[Medicago_truncatula]|0.7|0.82	GO:0000786|GO:0003677|GO:0030527|GO:0046982
PRED|XP_013456377.1_putative_lipid-transfer_protein_DIR1_[Medicago_truncatula]|0.81|0.91	GO:0005504|GO:0009627
PRED|XP_013456410.1_probable_histone_H2B.2_[Medicago_truncatula]|0.87|0.81	GO:0000786|GO:0003677|GO:0030527|GO:0046982
PRED|XP_013456910.1_probable_histone_H2B.1_[Medicago_truncatula]|0.84|0.8	GO:0000786|GO:0003677|GO:0030527|GO:0046982
PRED|XP_013457017.1_protein_RALF-like_4_[Medicago_truncatula]|0.94|0.88	GO:0009506|GO:0019722
PRED|XP_013459280.1_expansin-A15_[Medicago_truncatula]|0.66|0.73	GO:0005576|GO:0009664
PRED|XP_013459315.1_albumin-1_[Medicago_truncatula]|0.95|0.7	GO:0045735
PRED|XP_013459905.1_histone_H4_[Medicago_truncatula]|0.96|0.87	GO:0003677|GO:0030527|GO:0046982
PRED|XP_013460134.1_histone_H4_[Medicago_truncatula]|0.96|0.87	GO:0003677|GO:0030527|GO:0046982
PRED|XP_013460151.1_histone_H4_[Medicago_truncatula]|0.96|0.87	GO:0003677|GO:0030527|GO:0046982
PRED|XP_013460446.1_non-specific_lipid-transfer_protein_1_[Medicago_truncatula]|0.88|0.9	GO:0006869|GO:0008289
PRED|XP_013461366.1_basic_blue_protein_[Medicago_truncatula]|0.87|0.81	GO:0005886|GO:0009055
PRED|XP_013461516.1_expansin-A8_[Medicago_truncatula]|0.55|0.7	GO:0005576|GO:0009664
PRED|XP_013461623.2_defensin-like_protein_1_[Medicago_truncatula]|0.99|0.85	GO:0006952
PRED|XP_013461626.1_defensin-like_protein_1_[Medicago_truncatula]|1.0|0.88	GO:0006952
PRED|XP_013465412.1_expansin-A6_[Medicago_truncatula]|0.54|0.7	GO:0005576|GO:0009664
PRED|XP_013466944.1_non-specific_lipid-transfer_protein_[Medicago_truncatula]|0.7|0.85	GO:0006869|GO:0008289
PRED|XP_013467965.1_ubiquitin-60S_ribosomal_protein_L40_[Medicago_truncatula]|0.93|0.86	GO:0006412
PRED|XP_013468973.1_pathogenesis-related_protein_PR-4_[Medicago_truncatula]|0.86|0.8	GO:0004540|GO:0006952
PRED|XP_013468974.1_pathogenesis-related_protein_PR-4_[Medicago_truncatula]|0.99|0.73	GO:0004540|GO:0006952
PRED|XP_013468975.1_pathogenesis-related_protein_PR-4_[Medicago_truncatula]|0.98|0.83	GO:0004540|GO:0006952
PRED|XP_013468976.1_pathogenesis-related_protein_PR-4_[Medicago_truncatula]|1.0|0.8	GO:0004540|GO:0006952
PRED|XP_013469298.1_probable_histone_H2B.3_[Medicago_truncatula]|0.79|0.8	GO:0000786|GO:0003677|GO:0030527|GO:0046982
PRED|XP_013469395.1_probable_histone_H2B.3_[Medicago_truncatula]|0.7|0.79	GO:0000786|GO:0003677|GO:0030527|GO:0046982
PRED|XP_013470057.1_precursor_of_CEP16_[Medicago_truncatula]|0.88|0.87	GO:0045087|GO:0050793
PRED|XP_013470058.1_PAMP-induced_secreted_peptide_2_[Medicago_truncatula]|0.68|0.73	GO:0045087|GO:0050793
PRED|XP_014341039.1_lutropin_subunit_beta_[Latimeria_chalumnae]|0.84|0.78	GO:0005179|GO:0005576|GO:0005615|GO:0005737|GO:0007186
PRED|XP_014341585.1_apelin_[Latimeria_chalumnae]|0.97|0.77	GO:0005179|GO:0005615|GO:0007165|GO:0031704
PRED|XP_014342903.1_C-C_motif_chemokine_3-like_[Latimeria_chalumnae]|0.76|0.93	GO:0005576|GO:0005615|GO:0006954|GO:0006955|GO:0008009|GO:0030335|GO:0043547|GO:0048020|GO:0048245|GO:0060326|GO:0061844|GO:0070098
PRED|XP_014343848.1_C-X-C_motif_chemokine_10-like_[Latimeria_chalumnae]|0.79|0.82	GO:0005576|GO:0006955|GO:0008009
PRED|XP_014345137.1_phospholipase_A2_minor_isoenzyme_[Latimeria_chalumnae]|0.98|0.91	GO:0004623|GO:0005509|GO:0005543|GO:0006644|GO:0016042|GO:0047498
PRED|XP_014345512.1_insulin-like_5a_[Latimeria_chalumnae]|0.77|0.75	GO:0001664|GO:2000253
PRED|XP_014348613.1_C-X-C_motif_chemokine_11-like_[Latimeria_chalumnae]|1.0|0.84	GO:0005576|GO:0006955|GO:0008009
PRED|XP_014348778.1_histone_H3.3A_isoform_X2_[Latimeria_chalumnae]|0.5|0.74	GO:0000786|GO:0003677|GO:0030527|GO:0046982
PRED|XP_014350656.1_endothelial_cell-specific_molecule_1_[Latimeria_chalumnae]|0.53|0.77	GO:0005576
PRED|XP_014351755.1_histone_H2B_7_[Latimeria_chalumnae]|0.99|0.73	GO:0000786|GO:0003677|GO:0030527|GO:0046982
PRED|XP_014351756.1_histone_H4_[Latimeria_chalumnae]|0.95|0.84	GO:0003677|GO:0030527|GO:0046982
PRED|XP_014352198.1_chemokine_(C-X-C_motif)_ligand_12a_(stromal_cell-derived_factor_1)_isoform_X2_[Latimeria_chalumnae]|1.0|0.93	GO:0005576|GO:0006955|GO:0008009
PRED|XP_014352760.1_apelin_receptor_early_endogenous_ligand_[Latimeria_chalumnae]|1.0|0.89	GO:0007507|GO:0031704|GO:0060183
PRED|XP_014619187.2_uncharacterized_protein_partial_[Glycine_max]|0.92|0.71	GO:0006952
PRED|XP_014619881.1_uncharacterized_protein_[Glycine_max]|0.93|0.88	GO:0008285
PRED|XP_014624656.1_histone_H4_[Glycine_max]|0.96|0.86	GO:0003677|GO:0030527|GO:0046982
PRED|XP_014625184.1_nuclear_transcription_factor_Y_subunit_B-5_[Glycine_max]|0.72|0.71	GO:0000978|GO:0000981|GO:0001228|GO:0006355|GO:0006357|GO:0016602|GO:0046982
PRED|XP_014626673.1_V-type_proton_ATPase_subunit_e1_[Glycine_max]|0.94|0.71	GO:0033179|GO:0046961|GO:0055085|GO:1902600
PRED|XP_014626719.1_uncharacterized_protein_[Glycine_max]|0.87|0.8	GO:0005739|GO:0034551
PRED|XP_014630427.1_non-specific_lipid-transfer_protein_1_isoform_X1_[Glycine_max]|1.0|0.92	GO:0006869|GO:0008289
PRED|XP_014630805.1_glcNAc-PI_de-N-acetylase_domain-containing_protein_isoform_X3_[Glycine_max]|0.82|0.77	GO:0000225|GO:0005783|GO:0016811
PRED|XP_014632762.1_uncharacterized_protein_At4g33100_[Glycine_max]|0.51|0.83	GO:0005634|GO:0005758|GO:0005829|GO:0045332|GO:1990050
PRED|XP_014752128.1_Bowman-Birk_type_trypsin_inhibitor_TI1_isoform_X2_[Brachypodium_distachyon]|0.73|0.86	GO:0004867|GO:0005576
PRED|XP_014754343.1_Bowman-Birk_type_wound-induced_proteinase_inhibitor_WIP1_isoform_X2_[Brachypodium_distachyon]|0.86|0.87	GO:0004867|GO:0005576
PRED|XP_014754609.1_avenin-3_[Brachypodium_distachyon]|0.56|0.76	GO:0045735
PRED|XP_014755701.1_histone_H4_[Brachypodium_distachyon]|0.96|0.87	GO:0003677|GO:0030527|GO:0046982
PRED|XP_014755771.1_non-specific_lipid-transfer_protein_2_[Brachypodium_distachyon]|0.96|0.96	GO:0006869
PRED|XP_014756231.1_non-specific_lipid-transfer_protein_2P_[Brachypodium_distachyon]|0.89|0.89	GO:0006869
PRED|XP_014756311.1_rust_resistance_kinase_Lr10-like_[Brachypodium_distachyon]|0.72|0.86	GO:0004672
PRED|XP_014758281.1_histone_H4_[Brachypodium_distachyon]|0.96|0.87	GO:0003677|GO:0030527|GO:0046982
PRED|XP_014758791.1_ubiquitin_isoform_X1_[Brachypodium_distachyon]|0.74|0.82	GO:0006412
PRED|XP_014768018.2_acidic_phospholipase_A2_PLA-1_[Octopus_bimaculoides]|0.51|0.84	GO:0004623|GO:0005509|GO:0016042
PRED|XP_014768200.1_uncharacterized_protein_LOC106867751_[Octopus_bimaculoides]|0.84|0.85	GO:0005576|GO:0008200
PRED|XP_014768845.1_histone_H2B_gonadal_[Octopus_bimaculoides]|0.96|0.76	GO:0000786|GO:0003677|GO:0030527|GO:0046982
PRED|XP_014769053.1_actinia_tenebrosa_protease_inhibitors_[Octopus_bimaculoides]|0.86|0.79	GO:0004867
PRED|XP_014770392.1_histone_H2B_gonadal_[Octopus_bimaculoides]|0.98|0.78	GO:0000786|GO:0003677|GO:0030527|GO:0046982
PRED|XP_014770799.1_dickkopf-related_protein_3_[Octopus_bimaculoides]|0.97|0.8	GO:0005576|GO:0005615|GO:0007275|GO:0030178|GO:0039706|GO:0048019|GO:0090090
PRED|XP_014770953.1_histone_H2B_gonadal_[Octopus_bimaculoides]|0.96|0.75	GO:0000786|GO:0003677|GO:0030527|GO:0046982
PRED|XP_014771402.1_terepressin/terephysin_isoform_X4_[Octopus_bimaculoides]|0.66|0.84	GO:0005184|GO:0005185|GO:0005576|GO:0005615|GO:0030141
PRED|XP_014772802.1_histone_H3.3A_[Octopus_bimaculoides]|0.5|0.74	GO:0000786|GO:0003677|GO:0030527|GO:0046982
PRED|XP_014772940.2_protein_shifted-like_[Octopus_bimaculoides]|0.6|0.9	GO:0005102|GO:0005576|GO:0009986|GO:0048856
PRED|XP_014775495.1_melanotransferrin_isoform_X1_[Octopus_bimaculoides]|0.83|0.8	GO:0005615|GO:0005769|GO:0005886|GO:0006826|GO:0055037
PRED|XP_014775497.1_melanotransferrin_isoform_X2_[Octopus_bimaculoides]|0.84|0.8	GO:0005615|GO:0005769|GO:0005886|GO:0006826|GO:0055037
PRED|XP_014775968.1_histone_H2A_[Octopus_bimaculoides]|0.98|0.75	GO:0046982
PRED|XP_014775988.1_immediate_early_response_3-interacting_protein_1_[Octopus_bimaculoides]|0.67|0.73	GO:0000139|GO:0005789|GO:0006888|GO:0030134
PRED|XP_014775990.1_histone_H4_[Octopus_bimaculoides]|0.92|0.85	GO:0003677|GO:0030527|GO:0046982
PRED|XP_014775991.1_histone_H2B_gonadal_[Octopus_bimaculoides]|0.95|0.8	GO:0000786|GO:0003677|GO:0030527|GO:0046982
PRED|XP_014778336.1_histone-lysine_N-methyltransferase_SETMAR-like_[Octopus_bimaculoides]|0.7|0.77	GO:0000014|GO:0000729|GO:0000793|GO:0003690|GO:0003697|GO:0005634|GO:0006303|GO:0015074|GO:0031297|GO:0035861|GO:0042800|GO:0044547|GO:0044774|GO:0046975
PRED|XP_014778570.1_histone_H2B_gonadal_[Octopus_bimaculoides]|0.98|0.78	GO:0000786|GO:0003677|GO:0030527|GO:0046982
PRED|XP_014778571.1_histone_H2B_gonadal_[Octopus_bimaculoides]|0.98|0.78	GO:0000786|GO:0003677|GO:0030527|GO:0046982
PRED|XP_014780059.2_acylphosphatase-1_[Octopus_bimaculoides]|0.52|0.83	GO:0003998
PRED|XP_014780833.1_acidic_phospholipase_A2_Cc1-PLA2_[Octopus_bimaculoides]|0.94|0.91	GO:0004623|GO:0005509|GO:0005543|GO:0006644|GO:0016042|GO:0047498
PRED|XP_014780847.1_basic_phospholipase_A2_Ts-G6D49_isoform_X1_[Octopus_bimaculoides]|0.83|0.84	GO:0004623|GO:0005509|GO:0016042
PRED|XP_014780862.1_basic_phospholipase_A2_Ts-G6D49_isoform_X1_[Octopus_bimaculoides]|0.83|0.84	GO:0004623|GO:0005509|GO:0016042
PRED|XP_014780871.1_basic_phospholipase_A2_Ts-G6D49_isoform_X1_[Octopus_bimaculoides]|0.83|0.84	GO:0004623|GO:0005509|GO:0016042
PRED|XP_014780878.1_basic_phospholipase_A2_Ts-G6D49_isoform_X3_[Octopus_bimaculoides]|0.78|0.84	GO:0004623|GO:0005509|GO:0016042
PRED|XP_014782086.1_histone_H4_[Octopus_bimaculoides]|0.95|0.84	GO:0003677|GO:0030527|GO:0046982
PRED|XP_014782712.1_partner_of_bursicon-like_[Octopus_bimaculoides]|0.52|0.86	GO:0001664|GO:0005184|GO:0005576|GO:0007186|GO:0031395
PRED|XP_014785882.1_COX_assembly_mitochondrial_protein_2_homolog_[Octopus_bimaculoides]|0.92|0.87	GO:0005739
PRED|XP_014787085.1_transmembrane_protease_serine_2_[Octopus_bimaculoides]|0.51|0.76	GO:0004252|GO:0005615|GO:0006508
PRED|XP_014787191.1_60S_ribosomal_protein_L37a_[Octopus_bimaculoides]|0.95|0.9	GO:0003735|GO:0005840|GO:0006412
PRED|XP_014787786.1_histone_H3.3A_[Octopus_bimaculoides]|0.5|0.74	GO:0000786|GO:0003677|GO:0030527|GO:0046982
PRED|XP_014788391.1_histone_H2B_gonadal_[Octopus_bimaculoides]|0.98|0.79	GO:0000786|GO:0003677|GO:0030527|GO:0046982
PRED|XP_014790250.1_histone_H4_[Octopus_bimaculoides]|0.95|0.84	GO:0003677|GO:0030527|GO:0046982
PRED|XP_015158593.1_proteinase_inhibitor_type-2-like_[Solanum_tuberosum]|0.93|0.87	GO:0004867
PRED|XP_015158892.1_histone_H4_[Solanum_tuberosum]|0.91|0.86	GO:0003677|GO:0030527|GO:0046982
PRED|XP_015159145.1_pectin_acetylesterase_8-like_[Solanum_tuberosum]|0.56|0.76	GO:0009505|GO:0016787|GO:0052793|GO:0071555
PRED|XP_015159236.1_putative_late_blight_resistance_protein_homolog_R1A-3_[Solanum_tuberosum]|0.61|0.8	GO:0043531
PRED|XP_015159382.1_metallothionein-like_protein_4B_[Solanum_tuberosum]|0.57|0.94	GO:0008270
PRED|XP_015159488.1_chitin-binding_lectin_1-like_isoform_X1_[Solanum_tuberosum]|0.89|0.74	GO:0008061
PRED|XP_015159489.1_chitin-binding_lectin_1-like_isoform_X2_[Solanum_tuberosum]|0.96|0.74	GO:0008061
PRED|XP_015159883.1_non-specific_lipid-transfer_protein_2-like_[Solanum_tuberosum]|0.98|0.9	GO:0006869|GO:0008289
PRED|XP_015160567.1_defensin-like_protein_19_[Solanum_tuberosum]|1.0|0.92	GO:0006952
PRED|XP_015160725.1_defensin_J1-2-like_[Solanum_tuberosum]|1.0|0.93	GO:0006952
PRED|XP_015160885.1_non-specific_lipid-transfer_protein_2-like_[Solanum_tuberosum]|0.99|0.9	GO:0006869|GO:0008289
PRED|XP_015160886.1_non-specific_lipid-transfer_protein_2-like_[Solanum_tuberosum]|0.6|0.94	GO:0006869|GO:0008289
PRED|XP_015161119.1_endochitinase_3-like_[Solanum_tuberosum]|0.99|0.74	GO:0008061
PRED|XP_015161134.1_chitin-binding_lectin_1_partial_[Solanum_tuberosum]|1.0|0.86	GO:0008061
PRED|XP_015161842.1_glycosyltransferase-like_At3g57200_[Solanum_tuberosum]|0.68|0.82	GO:0009737|GO:0030244
PRED|XP_015162460.1_expansin-A10_[Solanum_tuberosum]|0.55|0.72	GO:0005576|GO:0009664
PRED|XP_015163616.1_uncharacterized_protein_[Solanum_tuberosum]|0.85|0.87	GO:0008285
PRED|XP_015164197.1_histone_H2B.1_[Solanum_tuberosum]|0.71|0.8	GO:0000786|GO:0003677|GO:0030527|GO:0046982
PRED|XP_015164198.1_histone_H2B.1_[Solanum_tuberosum]|0.63|0.81	GO:0000786|GO:0003677|GO:0030527|GO:0046982
PRED|XP_015164605.1_collagen_alpha-1(I)_chain-like_[Solanum_tuberosum]|0.97|0.75	GO:0006970|GO:0006995
PRED|XP_015165113.1_60S_ribosomal_protein_L37a-like_[Solanum_tuberosum]|0.75|0.92	GO:0003735|GO:0005840|GO:0006412
PRED|XP_015165644.1_EPIDERMAL_PATTERNING_FACTOR-like_protein_4_isoform_X1_[Solanum_tuberosum]|0.9|0.84	GO:0010052|GO:0010374
PRED|XP_015165645.1_EPIDERMAL_PATTERNING_FACTOR-like_protein_4_isoform_X2_[Solanum_tuberosum]|0.89|0.85	GO:0010052|GO:0010374
PRED|XP_015165741.1_protein_IDA-LIKE_2-like_[Solanum_tuberosum]|0.87|0.9	GO:0010227
PRED|XP_015166013.1_proteinase_inhibitor_type-2-like_[Solanum_tuberosum]|0.81|0.83	GO:0004867
PRED|XP_015167251.1_putative_oxygen-evolving_enhancer_protein_2-2_partial_[Solanum_tuberosum]|0.75|0.77	GO:0005509|GO:0009523|GO:0009654|GO:0015979|GO:0019898
PRED|XP_015168152.1_non-specific_lipid-transfer_protein-like_[Solanum_tuberosum]|0.98|0.92	GO:0006869|GO:0008289
PRED|XP_015168394.1_40S_ribosomal_protein_S26-3-like_[Solanum_tuberosum]|0.54|0.74	GO:0003729|GO:0003735|GO:0005840|GO:0006412|GO:0022627
PRED|XP_015169425.1_anaphase-promoting_complex_subunit_11_partial_[Solanum_tuberosum]|0.51|0.85	GO:0005680|GO:0008270|GO:0031145|GO:0061630|GO:0097602
PRED|XP_015169507.1_non-specific_lipid-transfer_protein_C_cotyledon-specific_isoform-like_[Solanum_tuberosum]|0.95|0.92	GO:0006869|GO:0008289
PRED|XP_015169509.1_non-specific_lipid-transfer_protein_3-like_[Solanum_tuberosum]|0.74|0.91	GO:0006869|GO:0008289
PRED|XP_015169558.1_non-specific_lipid-transfer_protein_1-like_[Solanum_tuberosum]|0.94|0.92	GO:0006869|GO:0008289
PRED|XP_015169764.1_non-specific_lipid-transfer_protein_B-like_[Solanum_tuberosum]|0.5|0.86	GO:0006869|GO:0008289
PRED|XP_015170336.1_histone_H2B-like_[Solanum_tuberosum]|0.94|0.83	GO:0000786|GO:0003677|GO:0030527|GO:0046982
PRED|XP_015170354.1_type_II_inositol_polyphosphate_5-phosphatase_15-like_isoform_X2_[Solanum_tuberosum]|0.62|0.75	GO:0016791|GO:0046856
PRED|XP_015170357.1_histone_H2B.3_[Solanum_tuberosum]|0.74|0.82	GO:0000786|GO:0003677|GO:0030527|GO:0046982
PRED|XP_015170894.1_uncharacterized_protein_[Solanum_tuberosum]|0.52|0.71	GO:0003676|GO:0008270
PRED|XP_015170932.1_defensin-like_protein_[Solanum_tuberosum]|1.0|0.87	GO:0006952
PRED|XP_015610672.1_histone_H4_[Oryza_sativa_Japonica_Group]|0.96|0.87	GO:0003677|GO:0030527|GO:0046982
PRED|XP_015610798.1_uncharacterized_protein_[Oryza_sativa_Japonica_Group]|0.55|0.86	GO:0005739|GO:0033617
PRED|XP_015610799.1_uncharacterized_protein_[Oryza_sativa_Japonica_Group]|0.55|0.86	GO:0005739|GO:0033617
PRED|XP_015612663.1_uncharacterized_protein_[Oryza_sativa_Japonica_Group]|0.97|0.85	GO:0006412
PRED|XP_015612705.1_histone_H4_[Oryza_sativa_Japonica_Group]|0.96|0.87	GO:0003677|GO:0030527|GO:0046982
PRED|XP_015612809.1_large_ribosomal_subunit_protein_eL27x_[Oryza_sativa_Japonica_Group]|0.61|0.8	GO:0003735|GO:0005840|GO:0006412
PRED|XP_015612982.1_histone_H4_[Oryza_sativa_Japonica_Group]|0.96|0.87	GO:0003677|GO:0030527|GO:0046982
PRED|XP_015613717.1_non-specific_lipid-transfer_protein_2P_[Oryza_sativa_Japonica_Group]|0.92|0.92	GO:0006869
PRED|XP_015613851.1_uncharacterized_protein_[Oryza_sativa_Japonica_Group]|0.54|0.78	GO:0009506|GO:0019722
PRED|XP_015613949.1_non-specific_lipid-transfer_protein_2P_[Oryza_sativa_Japonica_Group]|0.87|0.91	GO:0006869
PRED|XP_015613952.1_non-specific_lipid-transfer_protein_2P_[Oryza_sativa_Japonica_Group]|0.87|0.92	GO:0006869
PRED|XP_015614006.1_probable_non-specific_lipid-transfer_protein_2_[Oryza_sativa_Japonica_Group]|0.92|0.92	GO:0006869
PRED|XP_015614455.1_histone_H4_[Oryza_sativa_Japonica_Group]|0.96|0.87	GO:0003677|GO:0030527|GO:0046982
PRED|XP_015615102.1_non-specific_lipid-transfer_protein_1_[Oryza_sativa_Japonica_Group]|1.0|0.94	GO:0006869|GO:0008289
PRED|XP_015615205.1_non-specific_lipid-transfer_protein_1_[Oryza_sativa_Japonica_Group]|0.99|0.93	GO:0006869|GO:0008289
PRED|XP_015615476.1_barwin_[Oryza_sativa_Japonica_Group]|0.94|0.88	GO:0004540|GO:0006952
PRED|XP_015615550.1_barwin_[Oryza_sativa_Japonica_Group]|0.98|0.91	GO:0004540|GO:0006952
PRED|XP_015616046.1_rapid_alkalinization_factor_23_[Oryza_sativa_Japonica_Group]|0.97|0.78	GO:0009506|GO:0019722
PRED|XP_015617341.1_non-specific_lipid-transfer_protein_1_[Oryza_sativa_Japonica_Group]|0.99|0.92	GO:0006869|GO:0008289
PRED|XP_015617472.1_non-specific_lipid-transfer_protein_1_[Oryza_sativa_Japonica_Group]|1.0|0.93	GO:0006869|GO:0008289
PRED|XP_015618578.1_probable_non-specific_lipid-transfer_protein_3_[Oryza_sativa_Japonica_Group]|0.99|0.93	GO:0006869|GO:0008289
PRED|XP_015618724.1_non-specific_lipid-transfer_protein_1_[Oryza_sativa_Japonica_Group]|0.97|0.92	GO:0006869|GO:0008289
PRED|XP_015618727.1_rapid_alkalinization_factor_[Oryza_sativa_Japonica_Group]|0.93|0.79	GO:0009506|GO:0019722
PRED|XP_015619589.1_TPD1_protein_homolog_1_[Oryza_sativa_Japonica_Group]|0.82|0.74	GO:0001709
PRED|XP_015619597.1_uncharacterized_protein_[Oryza_sativa_Japonica_Group]|0.65|0.89	GO:0001709
PRED|XP_015619640.1_TPD1_protein_homolog_1_[Oryza_sativa_Japonica_Group]|0.88|0.84	GO:0001709
PRED|XP_015622386.1_non-specific_lipid-transfer_protein_3_[Oryza_sativa_Japonica_Group]|0.99|0.89	GO:0005504|GO:0009627
PRED|XP_015622812.1_Bowman-Birk_type_wound-induced_proteinase_inhibitor_WIP1_[Oryza_sativa_Japonica_Group]|0.82|0.87	GO:0004867|GO:0005576
PRED|XP_015623731.1_small_ribosomal_subunit_protein_eS30z/eS30y/eS30x_[Oryza_sativa_Japonica_Group]|0.95|0.89	GO:0003735|GO:0005840|GO:0006412|GO:0022627
PRED|XP_015624063.1_defensin-like_protein_CAL1_[Oryza_sativa_Japonica_Group]|1.0|0.93	GO:0006952
PRED|XP_015625378.1_Bowman-Birk_type_wound-induced_proteinase_inhibitor_WIP1_[Oryza_sativa_Japonica_Group]|0.85|0.9	GO:0004867|GO:0005576
PRED|XP_015627026.1_rapid_alkalinization_factor_23_[Oryza_sativa_Japonica_Group]|0.62|0.89	GO:0009506|GO:0019722
PRED|XP_015627403.1_histone_H4_[Oryza_sativa_Japonica_Group]|0.96|0.87	GO:0003677|GO:0030527|GO:0046982
PRED|XP_015628561.1_histone_H4_[Oryza_sativa_Japonica_Group]|0.96|0.85	GO:0003677|GO:0030527|GO:0046982
PRED|XP_015628768.1_chemocyanin_[Oryza_sativa_Japonica_Group]|0.93|0.9	GO:0005886|GO:0009055
PRED|XP_015629722.1_non-specific_lipid-transfer_protein_1_[Oryza_sativa_Japonica_Group]|0.98|0.92	GO:0006869|GO:0008289
PRED|XP_015630162.1_basic_blue_protein_[Oryza_sativa_Japonica_Group]|0.93|0.8	GO:0005886|GO:0009055
PRED|XP_015630915.1_ubiquitin-ribosomal_protein_eL40A_fusion_protein_[Oryza_sativa_Japonica_Group]|0.96|0.87	GO:0006412
PRED|XP_015631047.1_putative_lipid-transfer_protein_DIR1_[Oryza_sativa_Japonica_Group]|0.99|0.9	GO:0005504|GO:0009627
PRED|XP_015632318.1_proteinase_inhibitor_type-2_CEVI57_[Oryza_sativa_Japonica_Group]|0.96|0.91	GO:0004867
PRED|XP_015632395.1_Bowman-Birk_type_trypsin_inhibitor_[Oryza_sativa_Japonica_Group]|1.0|0.84	GO:0004867|GO:0005576
PRED|XP_015633048.1_rapid_alkalinization_factor_[Oryza_sativa_Japonica_Group]|0.76|0.82	GO:0009506|GO:0019722
PRED|XP_015634573.1_Bowman-Birk_type_bran_trypsin_inhibitor-like_[Oryza_sativa_Japonica_Group]|0.82|0.86	GO:0004867|GO:0005576
PRED|XP_015635109.1_defensin_Tk-AMP-D1.1-like_[Oryza_sativa_Japonica_Group]|1.0|0.91	GO:0006952
PRED|XP_015635224.1_defensin_J1-2_[Oryza_sativa_Japonica_Group]|1.0|0.85	GO:0006952
PRED|XP_015635254.1_non-specific_lipid-transfer_protein_4.1_[Oryza_sativa_Japonica_Group]|0.97|0.9	GO:0005504|GO:0009627
PRED|XP_015635307.1_nuclear_poly(A)_polymerase_4_[Oryza_sativa_Japonica_Group]|0.88|0.86	GO:0005634|GO:0006378|GO:1990817
PRED|XP_015636374.1_defensin-like_protein_CAL1_[Oryza_sativa_Japonica_Group]|1.0|0.95	GO:0006952
PRED|XP_015637804.1_non-specific_lipid-transfer_protein_2_[Oryza_sativa_Japonica_Group]|0.98|0.93	GO:0006869
PRED|XP_015637842.1_non-specific_lipid-transfer_protein_1_[Oryza_sativa_Japonica_Group]|0.95|0.89	GO:0006869|GO:0008289
PRED|XP_015637997.1_histone_H4_[Oryza_sativa_Japonica_Group]|0.96|0.87	GO:0003677|GO:0030527|GO:0046982
PRED|XP_015639093.1_non-specific_lipid-transfer_protein_2_[Oryza_sativa_Japonica_Group]|1.0|0.88	GO:0006869
PRED|XP_015639309.1_histone_H4_[Oryza_sativa_Japonica_Group]|0.96|0.87	GO:0003677|GO:0030527|GO:0046982
PRED|XP_015639818.1_NADH_dehydrogenase_[ubiquinone]_1_beta_subcomplex_subunit_2_[Oryza_sativa_Japonica_Group]|0.77|0.84	GO:0005743|GO:0045271
PRED|XP_015641447.1_non-specific_lipid-transfer_protein_2P_[Oryza_sativa_Japonica_Group]|0.94|0.93	GO:0006869
PRED|XP_015641763.1_rapid_alkalinization_factor_[Oryza_sativa_Japonica_Group]|0.87|0.82	GO:0009506|GO:0019722
PRED|XP_015641773.1_protein_RALF-like_33_[Oryza_sativa_Japonica_Group]|0.73|0.89	GO:0009506|GO:0019722
PRED|XP_015642025.1_basic_blue_protein_[Oryza_sativa_Japonica_Group]|0.83|0.85	GO:0005886|GO:0009055
PRED|XP_015642606.1_CLAVATA3/ESR_(CLE)-related_protein_2_[Oryza_sativa_Japonica_Group]|0.74|0.76	GO:0033612
PRED|XP_015642623.1_DELTA-urthionin-Uf1a_[Oryza_sativa_Japonica_Group]|0.99|0.83	GO:0006952
PRED|XP_015644441.1_small_ribosomal_subunit_protein_eS30z/eS30y/eS30x_[Oryza_sativa_Japonica_Group]|0.95|0.89	GO:0003735|GO:0005840|GO:0006412|GO:0022627
PRED|XP_015645242.1_histone_H4_[Oryza_sativa_Japonica_Group]|0.96|0.86	GO:0003677|GO:0030527|GO:0046982
PRED|XP_015645347.1_putative_lipid-transfer_protein_DIR1_[Oryza_sativa_Japonica_Group]|0.53|0.85	GO:0005504|GO:0009627
PRED|XP_015645401.1_putative_lipid-transfer_protein_DIR1_[Oryza_sativa_Japonica_Group]|1.0|0.92	GO:0005504|GO:0009627
PRED|XP_015646041.3_mitochondrial_fission_1_protein_A_[Oryza_sativa_Japonica_Group]|0.58|0.75	GO:0000266|GO:0000422|GO:0005741|GO:0005778|GO:0016559
PRED|XP_015646154.1_ubiquitin-ribosomal_protein_eL40_fusion_protein_[Oryza_sativa_Japonica_Group]|0.93|0.9	GO:0006412
PRED|XP_015648434.1_protein_RALF-like_33_[Oryza_sativa_Japonica_Group]|0.95|0.9	GO:0009506|GO:0019722
PRED|XP_015648703.2_non-specific_lipid-transfer_protein_2_[Oryza_sativa_Japonica_Group]|0.92|0.92	GO:0006869
PRED|XP_015837941.1_lysozyme_[Tribolium_castaneum]|0.69|0.85	GO:0003796
PRED|XP_015838085.1_eclosion_hormone_[Tribolium_castaneum]|0.98|0.9	GO:0007218|GO:0008255|GO:0018990
PRED|XP_016768510.1_uncharacterized_protein_LOC551031_[Apis_mellifera]|0.99|0.75	GO:0005576|GO:0008201|GO:0048332
PRED|XP_016773376.1_histone_H4_[Apis_mellifera]|0.96|0.83	GO:0003677|GO:0030527|GO:0046982
PRED|XP_016846268.2_ubiquitin-like_protein_5_[Anolis_carolinensis]|0.58|0.77	GO:0036211
PRED|XP_016846573.1_spexin_prohormone_1_[Anolis_carolinensis]|0.97|0.73	GO:0005184
PRED|XP_016846738.1_NADH_dehydrogenase_[ubiquinone]_1_alpha_subcomplex_assembly_factor_8_[Anolis_carolinensis]|0.53|0.9	GO:0005739|GO:0032981
PRED|XP_016846768.1_resistin_[Anolis_carolinensis]|1.0|0.89	GO:0005179|GO:0005576|GO:0005615
PRED|XP_016847556.1_transmembrane_4_L6_family_member_1_[Anolis_carolinensis]|0.58|0.76	GO:0016020
PRED|XP_016848899.1_agouti-signaling_protein_isoform_X1_[Anolis_carolinensis]|0.98|0.83	GO:0005184|GO:0005576|GO:0005615|GO:0009755|GO:0031779|GO:0032438
PRED|XP_016848901.1_agouti-signaling_protein_isoform_X2_[Anolis_carolinensis]|0.98|0.83	GO:0005184|GO:0005576|GO:0005615|GO:0009755|GO:0031779|GO:0032438
PRED|XP_016848902.1_agouti-signaling_protein_isoform_X2_[Anolis_carolinensis]|0.98|0.83	GO:0005184|GO:0005576|GO:0005615|GO:0009755|GO:0031779|GO:0032438
PRED|XP_016850577.1_ovomucoid_isoform_X4_[Anolis_carolinensis]|1.0|0.88	GO:0004867
PRED|XP_016850856.1_ribonuclease-like_[Anolis_carolinensis]|0.97|0.77	GO:0003676|GO:0004540|GO:0050830
PRED|XP_016850894.1_ribonuclease_[Anolis_carolinensis]|0.99|0.86	GO:0003676|GO:0004540|GO:0050830
PRED|XP_016850915.2_lymphocyte_antigen_6E_[Anolis_carolinensis]|0.99|0.89	GO:0005886|GO:0030550
PRED|XP_016851264.1_sperm_acrosome_membrane-associated_protein_3_[Anolis_carolinensis]|0.66|0.84	GO:0001669|GO:0003796|GO:0007342|GO:0036126
PRED|XP_016852186.1_galanin_peptides_isoform_X3_[Anolis_carolinensis]|0.8|0.73	GO:0005179|GO:0005184|GO:0005576|GO:0005615|GO:0007218|GO:0030141|GO:0031763
PRED|XP_016852298.1_keratin-associated_protein_6-3-like_[Anolis_carolinensis]|0.87|0.92	GO:0005200|GO:0005882
PRED|XP_016854000.2_angiogenin-like_[Anolis_carolinensis]|0.79|0.71	GO:0003676|GO:0004540|GO:0050830
PRED|XP_016854001.2_angiogenin-like_[Anolis_carolinensis]|0.99|0.76	GO:0003676|GO:0004540|GO:0050830
PRED|XP_016854317.2_glycoprotein_hormone_alpha-2_[Anolis_carolinensis]|0.75|0.87	GO:0005615|GO:0007166|GO:0051427
PRED|XP_016856001.2_endothelin-2_isoform_X1_[Homo_sapiens]|0.6|0.7	GO:0003100|GO:0005179|GO:0005576|GO:0005615|GO:0006874|GO:0014826|GO:0019229|GO:0031708|GO:0060585
PRED|XP_016863112.1_apelin_receptor_early_endogenous_ligand_isoform_X1_[Homo_sapiens]|0.98|0.85	GO:0007507|GO:0031704|GO:0060183
PRED|XP_016869233.1_sperm-associated_antigen_11A_isoform_X2_[Homo_sapiens]|1.0|0.85	GO:0005576|GO:0061844
PRED|XP_016877055.1_ribonuclease_K6_isoform_X1_[Homo_sapiens]|1.0|0.89	GO:0003676|GO:0004540|GO:0005615|GO:0019731|GO:0045087|GO:0050829|GO:0050830|GO:0061844
PRED|XP_016879019.1_C-C_motif_chemokine_17_isoform_X1_[Homo_sapiens]|0.95|0.89	GO:0005576|GO:0006955|GO:0008009
PRED|XP_016881101.1_E3_ubiquitin-protein_ligase_RNF152_isoform_X1_[Homo_sapiens]|0.5|0.77	GO:0061630
PRED|XP_016882687.2_ubiquitin-ribosomal_protein_eL40_fusion_protein_isoform_X1_[Homo_sapiens]|0.71|0.89	GO:0006412
PRED|XP_016883167.1_reactive_oxygen_species_modulator_1_isoform_X1_[Homo_sapiens]|1.0|0.89	GO:0005744|GO:0030150|GO:0045039
PRED|XP_017172476.1_group_10_secretory_phospholipase_A2_isoform_X1_[Mus_musculus]|0.79|0.9	GO:0004623|GO:0005509|GO:0005543|GO:0006644|GO:0016042|GO:0043433|GO:0047498
PRED|XP_017175533.1_phospholipase_A2_group_V_isoform_X1_[Mus_musculus]|0.7|0.85	GO:0004623|GO:0005509|GO:0005543|GO:0006644|GO:0016042|GO:0042130|GO:0047498|GO:0050482
PRED|XP_017177561.1_kunitz-type_protease_inhibitor_2_isoform_X1_[Mus_musculus]|0.56|0.76	GO:0004867
PRED|XP_017180232.2_defensin_Ec-AMP-D2-like_[Malus_domestica]|1.0|0.94	GO:0006952
PRED|XP_017207213.2_granulysin_[Danio_rerio]|0.99|0.86	GO:0042742
PRED|XP_017208341.2_syncollin-like_[Danio_rerio]|0.89|0.79	GO:0006887|GO:0030667
PRED|XP_017209642.1_histone_H4_[Danio_rerio]|0.95|0.83	GO:0003677|GO:0030527|GO:0046982
PRED|XP_017209712.2_histone_H2B-like_[Danio_rerio]|1.0|0.89	GO:0000786|GO:0003677|GO:0030527|GO:0046982
PRED|XP_017212446.2_histone_H4_[Danio_rerio]|0.95|0.84	GO:0003677|GO:0030527|GO:0046982
PRED|XP_017212658.1_histone_H1-like_[Danio_rerio]|0.75|0.83	GO:0000786|GO:0003677|GO:0006334|GO:0030527
PRED|XP_017447964.1_pleiotrophin_isoform_X2_[Rattus_norvegicus]|1.0|0.88	GO:0005576|GO:0008083
PRED|XP_017448472.2_anionic_trypsin-2_[Rattus_norvegicus]|0.82|0.76	GO:0004252|GO:0005615|GO:0006508
PRED|XP_017450549.1_chemokine-like_protein_TAFA-5_isoform_X2_[Rattus_norvegicus]|1.0|0.86	GO:0001664|GO:0005615|GO:0007186|GO:0048018
PRED|XP_017454870.1_H2A.Z_variant_histone_2_isoform_X3_[Rattus_norvegicus]|0.54|0.82	GO:0046982
PRED|XP_017945758.1_uncharacterized_protein_LOC496623_isoform_X2_[Xenopus_tropicalis]|0.89|0.78	GO:0004252|GO:0005615|GO:0006508
PRED|XP_017945762.1_trypsin_isoform_X1_[Xenopus_tropicalis]|0.76|0.73	GO:0004252|GO:0005615|GO:0006508
PRED|XP_017947893.1_ubiquitin-60S_ribosomal_protein_L40_isoform_X1_[Xenopus_tropicalis]|0.92|0.89	GO:0006412
PRED|XP_017948267.1_histone_H4_[Xenopus_tropicalis]|0.95|0.84	GO:0003677|GO:0030527|GO:0046982
PRED|XP_017948268.1_histone_H4_[Xenopus_tropicalis]|0.95|0.8	GO:0003677|GO:0030527|GO:0046982
PRED|XP_017948269.1_histone_H4_[Xenopus_tropicalis]|0.95|0.83	GO:0003677|GO:0030527|GO:0046982
PRED|XP_017949015.1_histone_H4_[Xenopus_tropicalis]|0.92|0.84	GO:0003677|GO:0030527|GO:0046982
PRED|XP_017950604.1_histone_H2B_1.1_[Xenopus_tropicalis]|1.0|0.85	GO:0000786|GO:0003677|GO:0030527|GO:0046982
PRED|XP_017950605.1_histone_H2B_1.1-like_[Xenopus_tropicalis]|1.0|0.86	GO:0000786|GO:0003677|GO:0030527|GO:0046982
PRED|XP_017952909.1_histone_H2B_1.1-like_[Xenopus_tropicalis]|0.98|0.87	GO:0000786|GO:0003677|GO:0030527|GO:0046982
PRED|XP_017952910.2_histone_H2B_1.1-like_[Xenopus_tropicalis]|1.0|0.86	GO:0000786|GO:0003677|GO:0030527|GO:0046982
PRED|XP_017952911.1_histone_H2B_1.1-like_[Xenopus_tropicalis]|0.98|0.87	GO:0000786|GO:0003677|GO:0030527|GO:0046982
PRED|XP_017952912.1_histone_H2B_1.1-like_[Xenopus_tropicalis]|0.98|0.87	GO:0000786|GO:0003677|GO:0030527|GO:0046982
PRED|XP_017952913.1_histone_H2B_1.1-like_[Xenopus_tropicalis]|1.0|0.86	GO:0000786|GO:0003677|GO:0030527|GO:0046982
PRED|XP_017953153.1_reactive_oxygen_species_modulator_1_isoform_X1_[Xenopus_tropicalis]|1.0|0.8	GO:0005744|GO:0030150|GO:0045039
PRED|XP_017970603.1_PREDICTED:_non-specific_lipid-transfer_protein_2_[Theobroma_cacao]|0.99|0.89	GO:0006869
PRED|XP_017970721.1_PREDICTED:_defensin-like_protein_19_[Theobroma_cacao]|1.0|0.93	GO:0006952
PRED|XP_017972353.1_PREDICTED:_non-specific_lipid-transfer_protein_2_[Theobroma_cacao]|0.99|0.91	GO:0006869
PRED|XP_017973265.1_PREDICTED:_ubiquitin-60S_ribosomal_protein_L40_[Theobroma_cacao]|0.87|0.86	GO:0006412
PRED|XP_017974307.1_PREDICTED:_putative_lipid-transfer_protein_DIR1_[Theobroma_cacao]|1.0|0.91	GO:0005504|GO:0009627
PRED|XP_017974716.1_PREDICTED:_defensin-like_protein_1_[Theobroma_cacao]|1.0|0.93	GO:0006952
PRED|XP_017974819.1_PREDICTED:_uncharacterized_protein_LOC18602095_[Theobroma_cacao]|0.76|0.9	GO:0008285
PRED|XP_017974829.1_PREDICTED:_non-specific_lipid-transfer_protein_1-like_[Theobroma_cacao]|0.96|0.79	GO:0006869|GO:0008289
PRED|XP_017977476.1_PREDICTED:_putative_lipid-transfer_protein_DIR1_[Theobroma_cacao]|0.94|0.83	GO:0005504|GO:0009627
PRED|XP_017977708.1_PREDICTED:_vacuolar_protein_sorting-associated_protein_55_homolog_[Theobroma_cacao]|0.62|0.78	GO:0005768|GO:0032511
PRED|XP_017977709.1_PREDICTED:_vacuolar_protein_sorting-associated_protein_55_homolog_[Theobroma_cacao]|0.62|0.79	GO:0005768|GO:0032511
PRED|XP_017977940.1_PREDICTED:_ubiquitin-60S_ribosomal_protein_L40_[Theobroma_cacao]|0.87|0.86	GO:0006412
PRED|XP_017979861.1_PREDICTED:_histone_H2AX-like_[Theobroma_cacao]|0.94|0.71	GO:0000786|GO:0003677|GO:0030527|GO:0046982
PRED|XP_017980432.1_PREDICTED:_V-type_proton_ATPase_subunit_e1_[Theobroma_cacao]|0.94|0.73	GO:0033179|GO:0046961|GO:0055085|GO:1902600
PRED|XP_017980433.1_PREDICTED:_V-type_proton_ATPase_subunit_e1_[Theobroma_cacao]|0.94|0.73	GO:0033179|GO:0046961|GO:0055085|GO:1902600
PRED|XP_017981024.1_PREDICTED:_uncharacterized_protein_LOC108663041_[Theobroma_cacao]|0.98|0.81	GO:0004867
PRED|XP_017981591.1_PREDICTED:_basic_blue_protein_[Theobroma_cacao]|0.81|0.85	GO:0005886|GO:0009055
PRED|XP_017982697.1_PREDICTED:_histone_H2B_[Theobroma_cacao]|0.7|0.82	GO:0000786|GO:0003677|GO:0030527|GO:0046982
PRED|XP_017984339.1_PREDICTED:_50S_ribosomal_protein_L28_chloroplastic_partial_[Theobroma_cacao]|0.9|0.92	GO:0003735|GO:0005840|GO:0006412
PRED|XP_017985006.1_PREDICTED:_histone_H4_[Theobroma_cacao]|0.96|0.87	GO:0003677|GO:0030527|GO:0046982
PRED|XP_017985163.1_PREDICTED:_uncharacterized_protein_LOC18585985_[Theobroma_cacao]|0.86|0.9	GO:0005504|GO:0009627
PRED|XP_017985389.1_PREDICTED:_uncharacterized_protein_LOC108663972_[Theobroma_cacao]|0.78|0.89	GO:0003676|GO:0008270
PRED|XP_018635404.1_zinc_finger_(CCCH_type)_motif-containing_protein_[Toxoplasma_gondii_ME49]|0.98|0.78	GO:0046872
PRED|XP_018636127.1_histone_H2Ba_[Toxoplasma_gondii_ME49]|0.98|0.82	GO:0000786|GO:0003677|GO:0030527|GO:0046982
PRED|XP_018637672.1_histone_H4_[Toxoplasma_gondii_ME49]|0.61|0.89	GO:0003677|GO:0030527|GO:0046982
PRED|XP_018668354.1_latent-transforming_growth_factor_beta-binding_protein_1-like_isoform_X3_[Ciona_intestinalis]|0.81|0.9	GO:0005615|GO:0008201
PRED|XP_018669723.1_barrier-to-autointegration_factor_[Ciona_intestinalis]|0.75|0.74	GO:0000793|GO:0003677|GO:0005634|GO:0051276
PRED|XP_019076063.1_probable_histone_H2B.1_[Vitis_vinifera]|0.83|0.81	GO:0000786|GO:0003677|GO:0030527|GO:0046982
PRED|XP_019080189.1_histone_H4_[Vitis_vinifera]|0.96|0.87	GO:0003677|GO:0030527|GO:0046982
PRED|XP_019330682.1_uncharacterized_protein_CAALFM_C108930CA_[Candida_albicans_SC5314]|0.83|0.8	GO:0005739|GO:0005747|GO:0022900|GO:0032981
PRED|XP_019330909.1_Dpm3p_[Candida_albicans_SC5314]|0.55|0.83	GO:0005789|GO:0006486|GO:0006506|GO:0033185
PRED|XP_019330961.1_uncharacterized_protein_CAALFM_C501900CA_[Candida_albicans_SC5314]|0.5|0.85	GO:0009306
PRED|XP_019331048.1_uncharacterized_protein_CAALFM_CR00430CA_[Candida_albicans_SC5314]|0.57|0.81	GO:0005634|GO:0005829|GO:0006879|GO:0051536|GO:0051537|GO:0051604
PRED|XP_019928537.2_RING-box_protein_2_[Magallana_gigas]|0.92|0.87	GO:0008270
PRED|XP_020395077.1_40S_ribosomal_protein_S30_[Zea_mays]|0.95|0.89	GO:0003735|GO:0005840|GO:0006412|GO:0022627
PRED|XP_020398849.1_peptidyl-prolyl_cis-trans_isomerase_CYP20-3_chloroplastic_[Zea_mays]|0.65|0.84	GO:0000413|GO:0003755|GO:0005737|GO:0006457|GO:0016018
PRED|XP_020399933.2_aspartic_proteinase_oryzasin-1_[Zea_mays]|0.66|0.72	GO:0004190|GO:0006508
PRED|XP_020400520.1_uncharacterized_protein_[Zea_mays]|0.52|0.92	GO:0005744|GO:0030150|GO:0045039
PRED|XP_020400651.1_mitochondrial_inner_membrane_protease_subunit_2_[Zea_mays]|0.67|0.7	GO:0004175|GO:0004252|GO:0006465|GO:0006508|GO:0006627|GO:0008236|GO:0016020|GO:0042720
PRED|XP_020402360.1_expansin-A15_[Zea_mays]|0.58|0.75	GO:0005576|GO:0009664
PRED|XP_020404823.2_histone_H4_variant_TH091_isoform_X3_[Zea_mays]|0.85|0.71	GO:0003677|GO:0030527|GO:0046982
PRED|XP_020407205.1_uncharacterized_protein_[Zea_mays]|0.62|0.86	GO:0005739|GO:0034551
PRED|XP_020407383.1_Bowman-Birk_type_trypsin_inhibitor_[Zea_mays]|0.89|0.87	GO:0004867|GO:0005576
PRED|XP_021202381.1_CHH-like_protein_isoform_X1_[Bombyx_mori]|0.98|0.72	GO:0005184|GO:0005576|GO:0007623
PRED|XP_021204491.1_chorion_class_A_protein_L12_[Bombyx_mori]|0.82|0.94	GO:0005213|GO:0007275|GO:0007304|GO:0042600
PRED|XP_021204494.2_chorion_class_A_protein_L12-like_[Bombyx_mori]|0.88|0.94	GO:0005213|GO:0007275|GO:0007304|GO:0042600
PRED|XP_021204499.2_chorion_class_A_protein_L12-like_[Bombyx_mori]|0.83|0.93	GO:0005213|GO:0007275|GO:0007304|GO:0042600
PRED|XP_021204926.1_general_odorant-binding_protein_83a_[Bombyx_mori]|0.78|0.83	GO:0005549|GO:0005576|GO:0007608|GO:0035275|GO:0042048
PRED|XP_021208385.1_chymotrypsin_inhibitor_SCI-III-like_[Bombyx_mori]|0.91|0.91	GO:0004867|GO:0005615
PRED|XP_021301979.1_non-specific_lipid-transfer_protein_1_isoform_X2_[Sorghum_bicolor]|0.98|0.87	GO:0006869|GO:0008289
PRED|XP_021303103.1_NADH_dehydrogenase_[ubiquinone]_1_beta_subcomplex_subunit_2_[Sorghum_bicolor]|0.67|0.84	GO:0005743|GO:0045271
PRED|XP_021309433.1_ubiquitin_isoform_X1_[Sorghum_bicolor]|0.79|0.82	GO:0006412
PRED|XP_021310057.1_alpha-amylase/trypsin_inhibitor-like_[Sorghum_bicolor]|0.9|0.76	GO:0004867
PRED|XP_021310296.1_putative_lipid-transfer_protein_DIR1_[Sorghum_bicolor]|0.77|0.83	GO:0005504|GO:0009627
PRED|XP_021310452.1_ubiquitin-like_[Sorghum_bicolor]|0.91|0.87	GO:0006412
PRED|XP_021310670.1_defensin-like_protein_5_[Sorghum_bicolor]|1.0|0.9	GO:0006952
PRED|XP_021311383.1_uncharacterized_protein_LOC110433484_[Sorghum_bicolor]|0.52|0.91	GO:0008285
PRED|XP_021312065.1_Bowman-Birk_type_trypsin_inhibitor_isoform_X2_[Sorghum_bicolor]|0.99|0.9	GO:0004867|GO:0005576
PRED|XP_021312576.1_histone_H2B.1_isoform_X2_[Sorghum_bicolor]|0.92|0.78	GO:0000786|GO:0003677|GO:0030527|GO:0046982
PRED|XP_021312891.1_uncharacterized_protein_LOC110433959_[Sorghum_bicolor]|0.83|0.87	GO:0003676|GO:0008270
PRED|XP_021313162.1_Bowman-Birk_type_wound-induced_proteinase_inhibitor_WIP1_[Sorghum_bicolor]|0.97|0.89	GO:0004867|GO:0005576
PRED|XP_021313397.1_uncharacterized_protein_LOC8072395_[Sorghum_bicolor]|0.72|0.8	GO:0004867
PRED|XP_021313612.1_non-specific_lipid-transfer_protein_2_[Sorghum_bicolor]|0.97|0.9	GO:0006869
PRED|XP_021313716.1_expansin-A11_[Sorghum_bicolor]|0.8|0.73	GO:0005576|GO:0009664
PRED|XP_021313717.1_expansin-A11_[Sorghum_bicolor]|0.79|0.73	GO:0005576|GO:0009664
PRED|XP_021313718.1_expansin-A11_[Sorghum_bicolor]|0.79|0.72	GO:0005576|GO:0009664
PRED|XP_021313719.1_expansin-A11_[Sorghum_bicolor]|0.8|0.72	GO:0005576|GO:0009664
PRED|XP_021313720.1_expansin-A11_[Sorghum_bicolor]|0.8|0.73	GO:0005576|GO:0009664
PRED|XP_021313721.1_expansin-A11_[Sorghum_bicolor]|0.8|0.74	GO:0005576|GO:0009664
PRED|XP_021313722.1_expansin-A11_[Sorghum_bicolor]|0.8|0.72	GO:0005576|GO:0009664
PRED|XP_021313724.1_expansin-A11_[Sorghum_bicolor]|0.8|0.73	GO:0005576|GO:0009664
PRED|XP_021313725.1_expansin-A11_[Sorghum_bicolor]|0.81|0.73	GO:0005576|GO:0009664
PRED|XP_021315757.1_protein_IDA-LIKE_2_[Sorghum_bicolor]|0.6|0.83	GO:0010227
PRED|XP_021316555.1_Bowman-Birk_type_trypsin_inhibitor-like_[Sorghum_bicolor]|0.8|0.93	GO:0004867|GO:0005576
PRED|XP_021317480.1_defensin_Ec-AMP-D2_isoform_X1_[Sorghum_bicolor]|1.0|0.91	GO:0006952
PRED|XP_021318990.1_uncharacterized_protein_LOC8085864_[Sorghum_bicolor]|0.56|0.8	GO:0003735|GO:0005739
PRED|XP_021319737.1_protein_IDA-LIKE_2-like_[Sorghum_bicolor]|0.63|0.76	GO:0010227
PRED|XP_021319993.1_uncharacterized_protein_LOC110436808_[Sorghum_bicolor]|0.91|0.83	GO:2000123
PRED|XP_021321510.1_defensin-like_protein_1_[Sorghum_bicolor]|1.0|0.86	GO:0006952
PRED|XP_021321511.1_defensin-like_protein_21_[Sorghum_bicolor]|1.0|0.94	GO:0006952
PRED|XP_021324758.1_syncollin_[Danio_rerio]|0.9|0.76	GO:0006887|GO:0030667
PRED|XP_021326968.1_monocyte_chemotactic_protein_1B_[Danio_rerio]|1.0|0.8	GO:0005576|GO:0006955|GO:0008009
PRED|XP_021332027.2_uncharacterized_protein_isoform_X1_[Danio_rerio]|0.96|0.82	GO:0005576|GO:0006955|GO:0008009
PRED|XP_021335429.2_uncharacterized_protein_[Danio_rerio]|0.78|0.7	GO:0005179|GO:0005576
PRED|XP_021335528.1_guanylin_isoform_X2_[Danio_rerio]|0.86|0.8	GO:0005576|GO:0030250
PRED|XP_023156804.1_uncharacterized_protein_[Zea_mays]|1.0|0.91	GO:0006952
PRED|XP_023157491.1_histone_H4_variant_TH091_isoform_X1_[Zea_mays]|0.84|0.77	GO:0003677|GO:0030527|GO:0046982
PRED|XP_023158031.1_uncharacterized_protein_[Zea_mays]|0.55|0.78	GO:2000123
PRED|XP_024303074.1_phospholipid_phosphatase_5_isoform_X7_[Homo_sapiens]|0.58|0.8	GO:0006644|GO:0008195|GO:0016020|GO:0046839
PRED|XP_024307476.2_histone_H4_isoform_X1_[Homo_sapiens]|0.95|0.84	GO:0003677|GO:0030527|GO:0046982
PRED|XP_024310761.1_uncharacterized_protein_LOC112268823_[Brachypodium_distachyon]|0.96|0.86	GO:0003676|GO:0008270
PRED|XP_024313040.1_thionin_BTH7-like_[Brachypodium_distachyon]|0.99|0.79	GO:0006952
PRED|XP_024313048.1_thionin_BTH7-like_[Brachypodium_distachyon]|0.97|0.84	GO:0006952
PRED|XP_024313050.1_thionin_BTH7-like_[Brachypodium_distachyon]|0.97|0.84	GO:0006952
PRED|XP_024313055.1_thionin_BTH7-like_[Brachypodium_distachyon]|0.97|0.84	GO:0006952
PRED|XP_024313304.1_LOW_QUALITY_PROTEIN:_defensin_Tk-AMP-D5-like_[Brachypodium_distachyon]|1.0|0.93	GO:0006952
PRED|XP_024313546.1_putative_cysteine_proteinase_inhibitor_7_[Brachypodium_distachyon]|0.58|0.73	GO:0004869
PRED|XP_024314605.1_avenin-like_b10_[Brachypodium_distachyon]|0.63|0.75	GO:0045735
PRED|XP_024315469.1_proteinase_inhibitor_PSI-1.2_[Brachypodium_distachyon]|0.87|0.78	GO:0004867
PRED|XP_024315926.1_uncharacterized_protein_LOC112271129_[Brachypodium_distachyon]|0.73|0.77	GO:0008061
PRED|XP_024315966.1_uncharacterized_protein_LOC100835926_[Brachypodium_distachyon]|0.99|0.79	GO:2000123
PRED|XP_024315988.1_dynein_light_chain_LC6_flagellar_outer_arm-like_[Brachypodium_distachyon]|0.57|0.84	GO:0005868|GO:0007017|GO:0030286|GO:0045505
PRED|XP_024317961.1_uncharacterized_protein_LOC112271931_partial_[Brachypodium_distachyon]|0.7|0.8	GO:0003676|GO:0008270
PRED|XP_024357352.1_uncharacterized_protein_[Physcomitrium_patens]|0.74|0.72	GO:0000786|GO:0003677|GO:0030527|GO:0046982
PRED|XP_024357839.1_ubiquitin-ribosomal_protein_eL40_fusion_protein_[Physcomitrium_patens]|0.88|0.84	GO:0006412
PRED|XP_024358867.1_NADH_dehydrogenase_[ubiquinone]_1_beta_subcomplex_subunit_2_[Physcomitrium_patens]|0.6|0.88	GO:0005743|GO:0045271
PRED|XP_024359031.1_uncharacterized_protein_[Physcomitrium_patens]|0.99|0.91	GO:0005504|GO:0009627
PRED|XP_024359036.1_expansin-A10_[Physcomitrium_patens]|0.7|0.77	GO:0005576|GO:0009664
PRED|XP_024359910.1_histone_H4_[Physcomitrium_patens]|0.95|0.8	GO:0003677|GO:0030527|GO:0046982
PRED|XP_024360246.1_expansin-A15_isoform_X2_[Physcomitrium_patens]|0.77|0.73	GO:0005576|GO:0009664
PRED|XP_024360306.1_uncharacterized_protein_[Physcomitrium_patens]|0.59|0.7	GO:0000786|GO:0003677|GO:0030527|GO:0046982
PRED|XP_024360726.1_histone_H4_[Physcomitrium_patens]|0.96|0.87	GO:0003677|GO:0030527|GO:0046982
PRED|XP_024362241.1_uncharacterized_protein_[Physcomitrium_patens]|0.59|0.7	GO:0000786|GO:0003677|GO:0030527|GO:0046982
PRED|XP_024363472.1_uncharacterized_protein_[Physcomitrium_patens]|0.76|0.83	GO:0010374
PRED|XP_024363633.1_uncharacterized_protein_[Physcomitrium_patens]|0.59|0.7	GO:0000786|GO:0003677|GO:0030527|GO:0046982
PRED|XP_024363663.1_uncharacterized_protein_[Physcomitrium_patens]|0.59|0.7	GO:0000786|GO:0003677|GO:0030527|GO:0046982
PRED|XP_024365710.1_uncharacterized_protein_[Physcomitrium_patens]|0.54|0.81	GO:0005747
PRED|XP_024366268.1_histone_H2B.4_[Physcomitrium_patens]|0.96|0.82	GO:0000786|GO:0003677|GO:0030527|GO:0046982
PRED|XP_024371792.1_ubiquitin-ribosomal_protein_eL40_fusion_protein_[Physcomitrium_patens]|0.88|0.85	GO:0006412
PRED|XP_024372655.1_NADH_dehydrogenase_[ubiquinone]_1_alpha_subcomplex_subunit_8-A_[Physcomitrium_patens]|0.74|0.86	GO:0005747|GO:0006120
PRED|XP_024373036.1_histone_H4_[Physcomitrium_patens]|0.96|0.87	GO:0003677|GO:0030527|GO:0046982
PRED|XP_024374273.1_ubiquitin-ribosomal_protein_eL40_fusion_protein_[Physcomitrium_patens]|0.88|0.85	GO:0006412
PRED|XP_024374911.1_mavicyanin_[Physcomitrium_patens]|0.93|0.75	GO:0005886|GO:0009055
PRED|XP_024376344.1_histone_H4_[Physcomitrium_patens]|0.96|0.87	GO:0003677|GO:0030527|GO:0046982
PRED|XP_024376793.1_uncharacterized_protein_[Physcomitrium_patens]|0.59|0.7	GO:0000786|GO:0003677|GO:0030527|GO:0046982
PRED|XP_024378170.1_histone_H2B.11_[Physcomitrium_patens]|0.74|0.83	GO:0000786|GO:0003677|GO:0030527|GO:0046982
PRED|XP_024378171.1_histone_H4_[Physcomitrium_patens]|0.96|0.86	GO:0003677|GO:0030527|GO:0046982
PRED|XP_024378172.1_histone_H4_[Physcomitrium_patens]|0.96|0.87	GO:0003677|GO:0030527|GO:0046982
PRED|XP_024378173.1_histone_H4_[Physcomitrium_patens]|0.96|0.84	GO:0003677|GO:0030527|GO:0046982
PRED|XP_024378174.1_histone_H4_[Physcomitrium_patens]|0.96|0.8	GO:0003677|GO:0030527|GO:0046982
PRED|XP_024378175.1_histone_H4_[Physcomitrium_patens]|0.96|0.87	GO:0003677|GO:0030527|GO:0046982
PRED|XP_024378176.1_histone_H4_[Physcomitrium_patens]|0.96|0.87	GO:0003677|GO:0030527|GO:0046982
PRED|XP_024378177.1_histone_H4_[Physcomitrium_patens]|0.96|0.87	GO:0003677|GO:0030527|GO:0046982
PRED|XP_024378178.1_histone_H4_[Physcomitrium_patens]|0.96|0.87	GO:0003677|GO:0030527|GO:0046982
PRED|XP_024378180.1_histone_H4_[Physcomitrium_patens]|0.96|0.87	GO:0003677|GO:0030527|GO:0046982
PRED|XP_024378181.1_histone_H4_[Physcomitrium_patens]|0.96|0.87	GO:0003677|GO:0030527|GO:0046982
PRED|XP_024378182.1_histone_H4_[Physcomitrium_patens]|0.96|0.87	GO:0003677|GO:0030527|GO:0046982
PRED|XP_024378183.1_histone_H4_[Physcomitrium_patens]|0.96|0.87	GO:0003677|GO:0030527|GO:0046982
PRED|XP_024378184.1_histone_H4_[Physcomitrium_patens]|0.96|0.86	GO:0003677|GO:0030527|GO:0046982
PRED|XP_024378185.1_histone_H4_[Physcomitrium_patens]|0.96|0.87	GO:0003677|GO:0030527|GO:0046982
PRED|XP_024378187.1_histone_H4_[Physcomitrium_patens]|0.96|0.87	GO:0003677|GO:0030527|GO:0046982
PRED|XP_024378862.1_uncharacterized_protein_[Physcomitrium_patens]|0.55|0.75	GO:0016020
PRED|XP_024379715.1_uncharacterized_protein_[Physcomitrium_patens]|0.54|0.93	GO:0005504|GO:0009627
PRED|XP_024379949.1_cytochrome_b-c1_complex_subunit_9_mitochondrial_[Physcomitrium_patens]|0.52|0.81	GO:0005750|GO:0006122|GO:0045275
PRED|XP_024380011.1_histone_H4_[Physcomitrium_patens]|0.96|0.87	GO:0003677|GO:0030527|GO:0046982
PRED|XP_024380581.1_expansin-A11_[Physcomitrium_patens]|0.65|0.78	GO:0005576|GO:0009664
PRED|XP_024381487.1_small_ribosomal_subunit_protein_eS30z/eS30y/eS30x_[Physcomitrium_patens]|0.98|0.89	GO:0003735|GO:0005840|GO:0006412|GO:0022627
PRED|XP_024381488.1_small_ribosomal_subunit_protein_eS30z/eS30y/eS30x_[Physcomitrium_patens]|0.98|0.89	GO:0003735|GO:0005840|GO:0006412|GO:0022627
PRED|XP_024381972.1_expansin-A11_[Physcomitrium_patens]|0.99|0.77	GO:0005576|GO:0009664
PRED|XP_024382001.1_uncharacterized_protein_[Physcomitrium_patens]|0.59|0.7	GO:0000786|GO:0003677|GO:0030527|GO:0046982
PRED|XP_024382017.1_endochitinase_4_[Physcomitrium_patens]|0.59|0.85	GO:0004568|GO:0006032|GO:0016998
PRED|XP_024383473.1_V-type_proton_ATPase_subunit_e1_[Physcomitrium_patens]|0.77|0.85	GO:0033179|GO:0046961|GO:0055085|GO:1902600
PRED|XP_024386822.1_ubiquitin-ribosomal_protein_eL40_fusion_protein_[Physcomitrium_patens]|0.89|0.85	GO:0006412
PRED|XP_024388287.1_expansin-A14_[Physcomitrium_patens]|0.73|0.79	GO:0005576|GO:0009664
PRED|XP_024388405.1_uncharacterized_protein_[Physcomitrium_patens]|0.57|0.77	GO:0005504|GO:0009627
PRED|XP_024389071.1_V-type_proton_ATPase_subunit_e1_[Physcomitrium_patens]|0.92|0.88	GO:0033179|GO:0046961|GO:0055085|GO:1902600
PRED|XP_024390624.1_histone_H2B.11_[Physcomitrium_patens]|0.94|0.84	GO:0000786|GO:0003677|GO:0030527|GO:0046982
PRED|XP_024392533.1_histone_H4_[Physcomitrium_patens]|0.96|0.87	GO:0003677|GO:0030527|GO:0046982
PRED|XP_024392741.1_histone_H2B.11_[Physcomitrium_patens]|0.94|0.84	GO:0000786|GO:0003677|GO:0030527|GO:0046982
PRED|XP_024393257.1_wound-induced_protein_WIN2_[Physcomitrium_patens]|0.51|0.8	GO:0008061
PRED|XP_024393822.1_expansin-A4_[Physcomitrium_patens]|0.51|0.8	GO:0005576|GO:0009664
PRED|XP_024393926.1_expansin-A4_[Physcomitrium_patens]|0.53|0.79	GO:0005576|GO:0009664
PRED|XP_024394594.1_histone_H2B.11_[Physcomitrium_patens]|0.87|0.84	GO:0000786|GO:0003677|GO:0030527|GO:0046982
PRED|XP_024396235.1_cytochrome_c_oxidase_copper_chaperone_1_[Physcomitrium_patens]|0.79|0.91	GO:0005507|GO:0005758|GO:0016531
PRED|XP_024397466.1_histone_H4_[Physcomitrium_patens]|0.96|0.87	GO:0003677|GO:0030527|GO:0046982
PRED|XP_024399828.1_small_ribosomal_subunit_protein_eS30z/eS30y/eS30x_[Physcomitrium_patens]|0.98|0.89	GO:0003735|GO:0005840|GO:0006412|GO:0022627
PRED|XP_024400753.1_histone_H2B.11_[Physcomitrium_patens]|0.82|0.82	GO:0000786|GO:0003677|GO:0030527|GO:0046982
PRED|XP_024400754.1_histone_H2B.11_[Physcomitrium_patens]|0.9|0.84	GO:0000786|GO:0003677|GO:0030527|GO:0046982
PRED|XP_024400756.1_histone_H2B.11_[Physcomitrium_patens]|0.78|0.83	GO:0000786|GO:0003677|GO:0030527|GO:0046982
PRED|XP_024401584.1_small_ribosomal_subunit_protein_eS30z/eS30y/eS30x_[Physcomitrium_patens]|0.98|0.89	GO:0003735|GO:0005840|GO:0006412|GO:0022627
PRED|XP_024401699.1_expansin-A10_[Physcomitrium_patens]|0.61|0.77	GO:0005576|GO:0009664
PRED|XP_024403017.1_small_ribosomal_subunit_protein_eS30z/eS30y/eS30x_[Physcomitrium_patens]|0.98|0.89	GO:0003735|GO:0005840|GO:0006412|GO:0022627
PRED|XP_024439160.1_pathogenesis-related_protein_PR-4_[Populus_trichocarpa]|0.99|0.83	GO:0004540|GO:0006952|GO:0008061
PRED|XP_024440441.1_40S_ribosomal_protein_S30_[Populus_trichocarpa]|0.95|0.89	GO:0003735|GO:0005840|GO:0006412|GO:0022627
PRED|XP_024443295.1_non-specific_lipid-transfer_protein_1_[Populus_trichocarpa]|0.94|0.91	GO:0006869|GO:0008289
PRED|XP_024443326.1_non-specific_lipid-transfer_protein_1_[Populus_trichocarpa]|0.96|0.84	GO:0006869|GO:0008289
PRED|XP_024444209.1_small_polypeptide_DEVIL_3_[Populus_trichocarpa]|0.5|0.86	GO:0008285
PRED|XP_024444570.1_protein_RALF-like_31_[Populus_trichocarpa]|0.89|0.83	GO:0009506|GO:0019722
PRED|XP_024444656.2_expansin-A10_[Populus_trichocarpa]|0.67|0.73	GO:0005576|GO:0009664
PRED|XP_024446769.2_metallothionein-like_protein_type_3_[Populus_trichocarpa]|0.58|0.79	GO:0005507|GO:0006878|GO:0008270
PRED|XP_024448808.1_protein_ROOT_HAIR_DEFECTIVE_3_homolog_2_[Populus_trichocarpa]|0.84|0.75	GO:0003924|GO:0005783|GO:0016320
PRED|XP_024451413.1_putative_lipid-transfer_protein_DIR1_[Populus_trichocarpa]|0.99|0.81	GO:0005504|GO:0009627
PRED|XP_024454723.1_ubiquitin_isoform_X1_[Populus_trichocarpa]|0.57|0.84	GO:0006412
PRED|XP_024454951.1_expansin-A10_isoform_X2_[Populus_trichocarpa]|0.64|0.7	GO:0009664
PRED|XP_024458433.1_vacuolar_protein_sorting-associated_protein_55_homolog_[Populus_trichocarpa]|0.9|0.79	GO:0005768|GO:0032511
PRED|XP_024459339.1_uncharacterized_protein_At4g33100_isoform_X2_[Populus_trichocarpa]|0.69|0.82	GO:0005634|GO:0005758|GO:0005829|GO:0045332|GO:1990050
PRED|XP_024462368.1_histone_H4_[Populus_trichocarpa]|0.96|0.85	GO:0003677|GO:0030527|GO:0046982
PRED|XP_024462369.1_histone_H4_[Populus_trichocarpa]|0.96|0.86	GO:0003677|GO:0030527|GO:0046982
PRED|XP_024462546.1_succinate-semialdehyde_dehydrogenase_mitochondrial_isoform_X1_[Populus_trichocarpa]|0.75|0.83	GO:0004777|GO:0006807|GO:0009450|GO:0016491|GO:0016620
PRED|XP_024462547.1_succinate-semialdehyde_dehydrogenase_mitochondrial_isoform_X1_[Populus_trichocarpa]|0.75|0.84	GO:0004777|GO:0006807|GO:0009450|GO:0016491|GO:0016620
PRED|XP_024462548.1_uncharacterized_protein_LOC7462143_isoform_X2_[Populus_trichocarpa]|0.76|0.83	GO:0004777|GO:0006807|GO:0009450|GO:0016491
PRED|XP_024465355.2_probable_histone_H2B.3_[Populus_trichocarpa]|0.88|0.84	GO:0000786|GO:0003677|GO:0030527|GO:0046982
PRED|XP_024518745.1_mitochondrial_protein_pet191_homolog_[Selaginella_moellendorffii]|0.57|0.81	GO:0005739|GO:0033617
PRED|XP_024520341.1_protein_RALF-like_22_[Selaginella_moellendorffii]|0.78|0.78	GO:0009506|GO:0019722
PRED|XP_024523452.1_chitinase_4_[Selaginella_moellendorffii]|0.61|0.8	GO:0004568|GO:0006032|GO:0016998
PRED|XP_024523801.1_expansin-A11_[Selaginella_moellendorffii]|0.93|0.72	GO:0005576|GO:0009664
PRED|XP_024525908.1_mitochondrial_protein_pet191_homolog_[Selaginella_moellendorffii]|0.57|0.82	GO:0005739|GO:0033617
PRED|XP_024526995.1_uncharacterized_protein_LOC112345125_[Selaginella_moellendorffii]|0.66|0.78	GO:0003676|GO:0008270
PRED|XP_024527251.1_dolichol-phosphate_mannose_synthase_subunit_3-like_[Selaginella_moellendorffii]|0.65|0.72	GO:0005789|GO:0006486|GO:0006506|GO:0033185
PRED|XP_024529372.1_expansin-A2_isoform_X1_[Selaginella_moellendorffii]|0.69|0.73	GO:0005576|GO:0009664
PRED|XP_024534407.1_trans-cinnamate_4-monooxygenase-like_[Selaginella_moellendorffii]|0.5|0.88	GO:0004497|GO:0005506|GO:0016705|GO:0020037
PRED|XP_024534956.1_protein_RALF-like_22_[Selaginella_moellendorffii]|0.82|0.78	GO:0009506|GO:0019722
PRED|XP_024535415.1_oryzain_beta_chain_[Selaginella_moellendorffii]|0.73|0.78	GO:0006508|GO:0008234
PRED|XP_024539568.1_non-specific_lipid-transfer_protein_2-like_[Selaginella_moellendorffii]|0.92|0.86	GO:0005504|GO:0009627
PRED|XP_024541985.1_uncharacterized_protein_LOC9657661_[Selaginella_moellendorffii]|0.83|0.91	GO:0004867|GO:0005576
PRED|XP_024541989.1_uncharacterized_protein_LOC112350286_[Selaginella_moellendorffii]|0.75|0.91	GO:0004867|GO:0005576
PRED|XP_024543069.1_uncharacterized_protein_LOC112350686_[Selaginella_moellendorffii]|0.99|0.9	GO:0004867|GO:0005576
PRED|XP_024543159.1_uncharacterized_protein_LOC112350706_[Selaginella_moellendorffii]|0.67|0.78	GO:0003676|GO:0008270
PRED|XP_024543542.1_uncharacterized_protein_LOC112350835_[Selaginella_moellendorffii]|0.68|0.91	GO:0004867|GO:0005576
PRED|XP_024543838.1_EPIDERMAL_PATTERNING_FACTOR-like_protein_9_isoform_X2_[Selaginella_moellendorffii]|1.0|0.77	GO:2000123
PRED|XP_024544312.1_rapid_alkalinization_factor_23-like_[Selaginella_moellendorffii]|0.86|0.84	GO:0009506|GO:0019722
PRED|XP_024545585.1_non-specific_lipid-transfer_protein_2-like_[Selaginella_moellendorffii]|0.82|0.88	GO:0005504|GO:0009627
PRED|XP_024545960.1_hypothetical_protein_BCIN_01g00890_[Botrytis_cinerea_B05.10]|0.56|0.81	GO:0005680|GO:0008270|GO:0031145|GO:0061630|GO:0097602
PRED|XP_024547321.1_Bhp1_[Botrytis_cinerea_B05.10]|0.54|0.8	GO:0005199|GO:0009277
PRED|XP_024547941.1_hypothetical_protein_BCIN_03g07700_[Botrytis_cinerea_B05.10]|0.81|0.7	GO:0016192|GO:0043231
PRED|XP_024549620.1_hypothetical_protein_BCIN_07g01150_[Botrytis_cinerea_B05.10]|0.88|0.86	GO:0006412
PRED|XP_024628822.2_non-specific_lipid_transfer_protein_GPI-anchored_15_[Medicago_truncatula]|0.95|0.89	GO:0005504|GO:0009627
PRED|XP_024631555.1_protein_CLAVATA_3_[Medicago_truncatula]|0.51|0.79	GO:0033612
PRED|XP_024633629.1_V-type_proton_ATPase_subunit_e1_[Medicago_truncatula]|0.84|0.73	GO:0033179|GO:0046961|GO:0055085|GO:1902600
PRED|XP_024634648.2_non-specific_lipid-transfer_protein_[Medicago_truncatula]|0.74|0.84	GO:0006869|GO:0008289
PRED|XP_024636700.1_probable_histone_H2B.1_[Medicago_truncatula]|0.9|0.81	GO:0000786|GO:0003677|GO:0030527|GO:0046982
PRED|XP_024636723.1_histone_H4_[Medicago_truncatula]|0.96|0.87	GO:0003677|GO:0030527|GO:0046982
PRED|XP_024637050.1_NADH_dehydrogenase_[ubiquinone]_1_beta_subcomplex_subunit_2_[Medicago_truncatula]|0.87|0.85	GO:0005743|GO:0045271
PRED|XP_024637315.2_non-specific_lipid-transfer_protein_isoform_X2_[Medicago_truncatula]|1.0|0.93	GO:0006869|GO:0008289
PRED|XP_024637435.2_non-specific_lipid-transfer_protein_[Medicago_truncatula]|1.0|0.9	GO:0006869|GO:0008289
PRED|XP_024638792.1_non-specific_lipid-transfer_protein_1_[Medicago_truncatula]|0.7|0.91	GO:0006869|GO:0008289
PRED|XP_024638848.1_expansin-A10_[Medicago_truncatula]|0.74|0.71	GO:0005576|GO:0009664
PRED|XP_025883056.1_uncharacterized_protein_[Oryza_sativa_Japonica_Group]|0.61|0.83	GO:0005783|GO:0030968
PRED|XP_025883274.1_small_polypeptide_ROTUNDIFOLIA_LIKE_2-like_[Oryza_sativa_Japonica_Group]|0.75|0.82	GO:0008285
PRED|XP_025980184.1_non-cyanogenic_beta-glucosidase_isoform_X2_[Glycine_max]|0.81|0.78	GO:0004553|GO:0005975|GO:0008422
PRED|XP_025980722.1_glu_S.griseus_protease_inhibitor_[Glycine_max]|0.87|0.87	GO:0004867|GO:0009611
PRED|XP_025982182.1_histone_H4_[Glycine_max]|0.98|0.76	GO:0003677|GO:0030527|GO:0046982
PRED|XP_025983865.1_putative_expansin_isoform_X1_[Glycine_max]|0.85|0.73	GO:0005576|GO:0009664
PRED|XP_025984573.2_zinc_finger_matrin-type_protein_4_[Glycine_max]|0.76|0.75	GO:0003676|GO:0008270
PRED|XP_025984987.1_non-specific_lipid-transfer_protein_2_[Glycine_max]|1.0|0.9	GO:0006869
PRED|XP_026295903.1_eclosion_hormone_[Apis_mellifera]|1.0|0.82	GO:0007218|GO:0008255|GO:0018990
PRED|XP_026300526.1_lysozyme_[Apis_mellifera]|0.99|0.86	GO:0003796
PRED|XP_026301733.1_lactosylceramide_4-alpha-galactosyltransferase_partial_[Apis_mellifera]|0.5|0.72	GO:0006688|GO:0016758
PRED|XP_026689604.1_basic_phospholipase_A2_nigroxin_A-like_isoform_X3_[Ciona_intestinalis]|0.97|0.9	GO:0004623|GO:0005509|GO:0005543|GO:0006644|GO:0016042|GO:0047498
PRED|XP_026690155.1_ubiquitin-60S_ribosomal_protein_L40_[Ciona_intestinalis]|0.96|0.92	GO:0006412
PRED|XP_028945167.1_3-oxoacyl-[acyl-carrier-protein]_synthase_II_chloroplastic-like_[Malus_domestica]|0.9|0.86	GO:0004315|GO:0005739|GO:0006633|GO:0009570|GO:0016746
PRED|XP_028945585.1_NADH_dehydrogenase_[ubiquinone]_1_alpha_subcomplex_subunit_1_[Malus_domestica]|0.79|0.89	GO:0005747
PRED|XP_028945587.1_NADH_dehydrogenase_[ubiquinone]_1_alpha_subcomplex_subunit_1_[Malus_domestica]|0.79|0.89	GO:0005747
PRED|XP_028945977.1_endochitinase_isoform_X3_[Malus_domestica]|0.92|0.76	GO:0004568|GO:0005975|GO:0006032|GO:0016998|GO:0050832
PRED|XP_028946376.1_small_polypeptide_DEVIL_16_[Malus_domestica]|0.74|0.84	GO:0008285
PRED|XP_028946634.1_pathogenesis-related_protein_PR-4-like_[Malus_domestica]|0.82|0.73	GO:0004540|GO:0006952
PRED|XP_028947258.1_non-specific_lipid_transfer_protein_GPI-anchored_15_[Malus_domestica]|0.83|0.92	GO:0005504|GO:0009627
PRED|XP_028947369.1_defensin-like_protein_4_[Malus_domestica]|1.0|0.93	GO:0006952
PRED|XP_028947397.1_defensin_Tk-AMP-D1.1-like_[Malus_domestica]|1.0|0.87	GO:0006952
PRED|XP_028950975.1_small_ribosomal_subunit_protein_eS30z/eS30y/eS30x_[Malus_domestica]|0.87|0.84	GO:0003735|GO:0005840|GO:0006412|GO:0022627
PRED|XP_028951513.1_defensin_Ec-AMP-D2_[Malus_domestica]|1.0|0.93	GO:0006952
PRED|XP_028952301.1_defensin_Ec-AMP-D2_[Malus_domestica]|1.0|0.93	GO:0006952
PRED|XP_028954290.1_defensin-like_protein_1_[Malus_domestica]|1.0|0.91	GO:0006952
PRED|XP_028955566.1_histone_H4-like_[Malus_domestica]|0.97|0.87	GO:0003677|GO:0030527|GO:0046982
PRED|XP_028957162.2_non-specific_lipid-transfer_protein_[Malus_domestica]|1.0|0.93	GO:0006869|GO:0008289
PRED|XP_028963982.1_non-specific_lipid-transfer_protein_A-like_[Malus_domestica]|0.99|0.88	GO:0006869|GO:0008289
PRED|XP_029681403.1_LOW_QUALITY_PROTEIN:_histone_H4-like_[Takifugu_rubripes]|0.95|0.82	GO:0003677|GO:0030527|GO:0046982
PRED|XP_029681412.1_chemokine-like_protein_TAFA-5a_isoform_X1_[Takifugu_rubripes]|0.57|0.85	GO:0001664|GO:0005615|GO:0007186|GO:0048018
PRED|XP_029681413.1_chemokine-like_protein_TAFA-5a_isoform_X2_[Takifugu_rubripes]|0.76|0.81	GO:0001664|GO:0005615|GO:0007186|GO:0048018
PRED|XP_029682021.1_insulin-like_growth_factor-binding_protein_3_isoform_X3_[Takifugu_rubripes]|0.91|0.78	GO:0001968|GO:0005615|GO:0031994|GO:0031995|GO:0043567
PRED|XP_029682022.1_insulin-like_growth_factor-binding_protein_3_isoform_X3_[Takifugu_rubripes]|0.74|0.78	GO:0001968|GO:0005615|GO:0031994|GO:0031995|GO:0043567
PRED|XP_029682023.1_insulin-like_growth_factor-binding_protein_3_isoform_X3_[Takifugu_rubripes]|0.91|0.78	GO:0001968|GO:0005615|GO:0031994|GO:0031995|GO:0043567
PRED|XP_029682024.1_insulin-like_growth_factor-binding_protein_3_isoform_X3_[Takifugu_rubripes]|0.91|0.78	GO:0001968|GO:0005615|GO:0031994|GO:0031995|GO:0043567
PRED|XP_029682025.1_insulin-like_growth_factor-binding_protein_3_isoform_X4_[Takifugu_rubripes]|0.78|0.81	GO:0001968|GO:0005615|GO:0031994|GO:0031995|GO:0043567
PRED|XP_029682026.1_insulin-like_growth_factor-binding_protein_3_isoform_X5_[Takifugu_rubripes]|0.94|0.77	GO:0001968|GO:0005615|GO:0031994|GO:0031995|GO:0043567
PRED|XP_029682027.1_insulin-like_growth_factor-binding_protein_3_isoform_X6_[Takifugu_rubripes]|0.9|0.79	GO:0001968|GO:0005615|GO:0031994|GO:0031995|GO:0043567
PRED|XP_029682902.1_reactive_oxygen_species_modulator_1_[Takifugu_rubripes]|0.99|0.85	GO:0005744|GO:0030150|GO:0045039
PRED|XP_029683432.1_insulin-like_peptide_INSL5_isoform_X2_[Takifugu_rubripes]|0.88|0.72	GO:0001664
PRED|XP_029684287.1_C-C_motif_chemokine_25b_[Takifugu_rubripes]|1.0|0.86	GO:0005576|GO:0006955|GO:0008009
PRED|XP_029686230.1_agouti-signaling_protein_2b_isoform_X1_[Takifugu_rubripes]|0.67|0.91	GO:0005184|GO:0005576|GO:0005615|GO:0007218|GO:0008343|GO:0009755|GO:0031779|GO:0070996|GO:2000253
PRED|XP_029687519.1_C-C_motif_chemokine_21_[Takifugu_rubripes]|0.74|0.9	GO:0005576|GO:0006955|GO:0008009
PRED|XP_029687626.1_sperm_acrosome_membrane-associated_protein_4-like_[Takifugu_rubripes]|0.83|0.7	GO:0016020|GO:0035036
PRED|XP_029687823.1_histone_H2B_1/2_[Takifugu_rubripes]|1.0|0.86	GO:0000786|GO:0003677|GO:0030527|GO:0046982
PRED|XP_029687824.1_histone_H2B_1/2-like_[Takifugu_rubripes]|1.0|0.87	GO:0000786|GO:0003677|GO:0030527|GO:0046982
PRED|XP_029687825.1_histone_H2B_1/2-like_[Takifugu_rubripes]|1.0|0.87	GO:0000786|GO:0003677|GO:0030527|GO:0046982
PRED|XP_029687826.1_histone_H2B_1/2_[Takifugu_rubripes]|1.0|0.86	GO:0000786|GO:0003677|GO:0030527|GO:0046982
PRED|XP_029687828.1_histone_H2B_1/2-like_[Takifugu_rubripes]|1.0|0.77	GO:0000786|GO:0003677|GO:0030527|GO:0046982
PRED|XP_029687829.1_histone_H2B_1/2-like_[Takifugu_rubripes]|1.0|0.87	GO:0000786|GO:0003677|GO:0030527|GO:0046982
PRED|XP_029687830.1_histone_H4_[Takifugu_rubripes]|0.95|0.83	GO:0003677|GO:0030527|GO:0046982
PRED|XP_029687832.1_histone_H4_[Takifugu_rubripes]|0.95|0.84	GO:0003677|GO:0030527|GO:0046982
PRED|XP_029688245.1_vascular_endothelial_growth_factor_A-A-like_isoform_X1_[Takifugu_rubripes]|0.82|0.72	GO:0001666|GO:0001934|GO:0001938|GO:0002040|GO:0005172|GO:0005615|GO:0008083|GO:0038084|GO:0042056|GO:0045766|GO:0048010|GO:0050930|GO:0060754
PRED|XP_029689534.1_CCHC-type_zinc_finger_nucleic_acid_binding_protein_a_isoform_X1_[Takifugu_rubripes]|0.8|0.91	GO:0003676|GO:0008270
PRED|XP_029689535.1_CCHC-type_zinc_finger_nucleic_acid_binding_protein_a_isoform_X1_[Takifugu_rubripes]|0.8|0.82	GO:0003676|GO:0008270
PRED|XP_029690169.1_WNT1-inducible-signaling_pathway_protein_2-like_partial_[Takifugu_rubripes]|0.54|0.86	GO:0005178|GO:0005576|GO:0005615|GO:0007155|GO:0007165|GO:0008201|GO:0031012|GO:0045597
PRED|XP_029694385.1_low-density_lipoprotein_receptor_class_A_domain-containing_protein_4_[Takifugu_rubripes]|0.81|0.77	GO:0000139|GO:0010991|GO:0030512|GO:0031901|GO:0060394|GO:0070412
PRED|XP_029694388.1_uncharacterized_protein_[Takifugu_rubripes]|0.98|0.86	GO:0005576|GO:0006879
PRED|XP_029694669.1_hepcidin-like_[Takifugu_rubripes]|1.0|0.89	GO:0005576|GO:0006879
PRED|XP_029694670.1_hepcidin-like_[Takifugu_rubripes]|1.0|0.89	GO:0005576|GO:0006879
PRED|XP_029694671.1_hepcidin-like_[Takifugu_rubripes]|1.0|0.87	GO:0005576|GO:0006879
PRED|XP_029694673.1_hepcidin-like_isoform_X1_[Takifugu_rubripes]|1.0|0.85	GO:0005576|GO:0006879
PRED|XP_029694674.1_hepcidin-like_isoform_X2_[Takifugu_rubripes]|1.0|0.85	GO:0005576|GO:0006879
PRED|XP_029694675.1_hepcidin-like_isoform_X3_[Takifugu_rubripes]|1.0|0.86	GO:0005576|GO:0006879
PRED|XP_029694676.1_hepcidin-like_[Takifugu_rubripes]|1.0|0.89	GO:0005576|GO:0006879
PRED|XP_029694901.1_prostate-associated_microseminoprotein-like_[Takifugu_rubripes]|0.78|0.88	GO:0005615|GO:0005737
PRED|XP_029694902.1_prostate-associated_microseminoprotein-like_[Takifugu_rubripes]|0.8|0.88	GO:0005615|GO:0005737
PRED|XP_029694903.1_prostate-associated_microseminoprotein-like_[Takifugu_rubripes]|0.8|0.88	GO:0005615|GO:0005737
PRED|XP_029694934.1_cholecystokinin_[Takifugu_rubripes]|0.58|0.73	GO:0005179|GO:0005184|GO:0005576|GO:0005615|GO:0007586|GO:0030424
PRED|XP_029694973.1_hepcidin-like_[Takifugu_rubripes]|1.0|0.89	GO:0005576|GO:0006879
PRED|XP_029694974.1_hepcidin-like_[Takifugu_rubripes]|1.0|0.87	GO:0005576|GO:0006879
PRED|XP_029695051.1_small_ribosomal_subunit_protein_eS19_[Takifugu_rubripes]|0.75|0.72	GO:0000028|GO:0003723|GO:0003735|GO:0005840|GO:0006412|GO:0022627
PRED|XP_029695249.1_trypsin-3-like_[Takifugu_rubripes]|0.62|0.72	GO:0004252|GO:0005615|GO:0006508
PRED|XP_029695250.1_trypsin-3-like_[Takifugu_rubripes]|0.62|0.77	GO:0004252|GO:0005615|GO:0006508
PRED|XP_029695293.1_hepcidin-1_[Takifugu_rubripes]|1.0|0.87	GO:0005576|GO:0006879
PRED|XP_029696910.1_interleukin-8-like_[Takifugu_rubripes]|1.0|0.9	GO:0005576|GO:0006955|GO:0008009
PRED|XP_029696927.1_vesicle_transport_protein_SFT2A_isoform_X2_[Takifugu_rubripes]|0.59|0.92	GO:0016020|GO:0016192
PRED|XP_029698068.1_norrin_[Takifugu_rubripes]|0.89|0.75	GO:0005109|GO:0005125|GO:0005615|GO:0016055|GO:0045893|GO:0062023|GO:0110135
PRED|XP_029698073.1_norrin_[Takifugu_rubripes]|0.89|0.75	GO:0005109|GO:0005125|GO:0005615|GO:0016055|GO:0045893|GO:0062023|GO:0110135
PRED|XP_029698552.1_E3_ubiquitin-protein_ligase_rnf152_[Takifugu_rubripes]|0.58|0.81	GO:0061630
PRED|XP_029698879.1_histone_H2B_1/2_[Takifugu_rubripes]|1.0|0.86	GO:0000786|GO:0003677|GO:0030527|GO:0046982
PRED|XP_029698881.1_histone_H2B_1/2-like_[Takifugu_rubripes]|1.0|0.87	GO:0000786|GO:0003677|GO:0030527|GO:0046982
PRED|XP_029698882.1_histone_H2B_1/2-like_[Takifugu_rubripes]|1.0|0.87	GO:0000786|GO:0003677|GO:0030527|GO:0046982
PRED|XP_029698883.1_histone_H2B_1/2_[Takifugu_rubripes]|1.0|0.86	GO:0000786|GO:0003677|GO:0030527|GO:0046982
PRED|XP_029698929.1_uncharacterized_protein_[Takifugu_rubripes]|0.72|0.73	GO:0005102|GO:0006954|GO:0050994
PRED|XP_029700240.1_histone_H3.3_[Takifugu_rubripes]|0.5|0.71	GO:0000786|GO:0003677|GO:0030527|GO:0046982
PRED|XP_029700241.1_histone_H3.3_[Takifugu_rubripes]|0.5|0.74	GO:0000786|GO:0003677|GO:0030527|GO:0046982
PRED|XP_029700490.1_cocaine-_and_amphetamine-regulated_transcript_4_[Takifugu_rubripes]|0.58|0.86	GO:0005615|GO:0007186|GO:0008343|GO:0009267|GO:0032099|GO:0043410
PRED|XP_029701877.1_selenoprotein_S-like_[Takifugu_rubripes]|0.57|0.81	GO:0005789|GO:0006886|GO:0030968|GO:0030970|GO:0036502|GO:0036513
PRED|XP_029702107.1_gonadotropin_subunit_beta-1_[Takifugu_rubripes]|0.81|0.92	GO:0005179|GO:0005576|GO:0005615|GO:0005737|GO:0007186|GO:0030728
PRED|XP_029702235.1_retinal_cone_rhodopsin-sensitive_cGMP_3'5'-cyclic_phosphodiesterase_subunit_gamma-like_[Takifugu_rubripes]|0.72|0.8	GO:0004114|GO:0007601|GO:0030553|GO:0042622|GO:0045742|GO:0045745
PRED|XP_029702884.1_insulin-like_isoform_X1_[Takifugu_rubripes]|0.8|0.73	GO:0005179|GO:0005576
PRED|XP_029702885.1_insulin-like_isoform_X3_[Takifugu_rubripes]|0.87|0.73	GO:0005179|GO:0005576|GO:0005615
PRED|XP_029703061.1_apelin_isoform_X2_[Takifugu_rubripes]|1.0|0.79	GO:0005179|GO:0007165|GO:0031704
PRED|XP_029703377.1_large_ribosomal_subunit_protein_eL39_[Takifugu_rubripes]|0.65|0.91	GO:0003735|GO:0005840|GO:0006412|GO:0022625
PRED|XP_029704387.1_H3_histone_family_3C_[Takifugu_rubripes]|0.5|0.74	GO:0000786|GO:0003677|GO:0030527|GO:0046982
PRED|XP_029705651.1_ATP_synthase_F(0)_complex_subunit_j_mitochondrial_[Takifugu_rubripes]|0.64|0.92	GO:0005739
PRED|XP_029707406.1_histone_H2B_1/2-like_[Takifugu_rubripes]|0.99|0.84	GO:0000786|GO:0003677|GO:0030527|GO:0046982
PRED|XP_029707407.1_histone_H2B_1/2-like_[Takifugu_rubripes]|0.99|0.84	GO:0000786|GO:0003677|GO:0030527|GO:0046982
PRED|XP_029707410.1_histone_H2B_1/2-like_[Takifugu_rubripes]|0.99|0.87	GO:0000786|GO:0003677|GO:0030527|GO:0046982
PRED|XP_029707411.1_histone_H2B_1/2-like_[Takifugu_rubripes]|0.99|0.87	GO:0000786|GO:0003677|GO:0030527|GO:0046982
PRED|XP_030098463.1_kallikrein-8_isoform_X1_[Mus_musculus]|0.52|0.82	GO:0007613|GO:0030141|GO:0048812
PRED|XP_030099772.1_neutrophil_antibiotic_peptide_NP-2-like_[Mus_musculus]|0.8|0.85	GO:0005576|GO:0006952
PRED|XP_030099773.1_neutrophil_antibiotic_peptide_NP-2-like_[Mus_musculus]|0.8|0.85	GO:0005576|GO:0006952
PRED|XP_030101014.1_NADH_dehydrogenase_[ubiquinone]_1_alpha_subcomplex_subunit_4-like_2_isoform_X2_[Mus_musculus]|0.59|0.83	GO:0005751
PRED|XP_030103282.2_pterin-4-alpha-carbinolamine_dehydratase_2_isoform_X5_[Mus_musculus]|0.82|0.81	GO:0006729|GO:0008124
PRED|XP_030106492.1_serine_protease_inhibitor_Kazal-type_12_isoform_X1_[Mus_musculus]|0.99|0.91	GO:0004867
PRED|XP_030107081.1_coagulation_factor_IX_isoform_X1_[Mus_musculus]|0.92|0.77	GO:0005615|GO:0007596|GO:0031638
PRED|XP_030829739.1_60S_ribosomal_protein_L30_isoform_X1_[Strongylocentrotus_purpuratus]|0.51|0.72	GO:0003723
PRED|XP_030829748.1_histone_H4-like_[Strongylocentrotus_purpuratus]|0.78|0.85	GO:0003677|GO:0030527|GO:0046982
PRED|XP_030831432.1_junctophilin-2-like_partial_[Strongylocentrotus_purpuratus]|0.83|0.8	GO:0005789|GO:0005886|GO:0030314
PRED|XP_030831696.1_phospholipase_A2_AP-PLA2-II-like_[Strongylocentrotus_purpuratus]|0.55|0.76	GO:0004623|GO:0005509|GO:0005543|GO:0006644|GO:0016042|GO:0047498
PRED|XP_030832966.1_acidic_phospholipase_A2_natratoxin-like_[Strongylocentrotus_purpuratus]|0.94|0.84	GO:0004623|GO:0005509|GO:0005543|GO:0006644|GO:0016042|GO:0047498
PRED|XP_030833067.1_neutral_phospholipase_A2_3-like_[Strongylocentrotus_purpuratus]|0.9|0.78	GO:0004623|GO:0005509|GO:0005543|GO:0006644|GO:0016042|GO:0047498
PRED|XP_030833221.1_anaphase-promoting_complex_subunit_11_isoform_X2_[Strongylocentrotus_purpuratus]|0.64|0.91	GO:0005680|GO:0008270|GO:0031145|GO:0061630|GO:0097602
PRED|XP_030833517.1_histone_H2B.2_embryonic-like_[Strongylocentrotus_purpuratus]|0.91|0.85	GO:0000786|GO:0003677|GO:0030527|GO:0046982
PRED|XP_030833561.1_ubiquitin_isoform_X1_[Strongylocentrotus_purpuratus]|0.98|0.91	GO:0006412
PRED|XP_030833562.1_ubiquitin_isoform_X2_[Strongylocentrotus_purpuratus]|0.86|0.89	GO:0006412
PRED|XP_030834149.1_CDGSH_iron-sulfur_domain-containing_protein_3_mitochondrial-like_partial_[Strongylocentrotus_purpuratus]|0.61|0.89	GO:0043231|GO:0051537
PRED|XP_030834659.1_histone_H2A_[Strongylocentrotus_purpuratus]|0.98|0.74	GO:0046982
PRED|XP_030834843.1_histone_H2B.2_embryonic-like_[Strongylocentrotus_purpuratus]|0.54|0.91	GO:0000786|GO:0003677|GO:0030527|GO:0046982
PRED|XP_030836404.1_phospholipase_A2_membrane_associated_[Strongylocentrotus_purpuratus]|0.77|0.84	GO:0004623|GO:0005509|GO:0005543|GO:0006644|GO:0016042|GO:0047498
PRED|XP_030836471.1_phospholipase_A2_[Strongylocentrotus_purpuratus]|0.94|0.89	GO:0004623|GO:0005509|GO:0005543|GO:0006644|GO:0016042|GO:0047498
PRED|XP_030837035.1_serum_amyloid_A-5_protein_isoform_X1_[Strongylocentrotus_purpuratus]|0.64|0.82	GO:0005576
PRED|XP_030837036.1_serum_amyloid_A-5_protein_isoform_X2_[Strongylocentrotus_purpuratus]|0.61|0.82	GO:0005576
PRED|XP_030837037.1_serum_amyloid_A-5_protein-like_[Strongylocentrotus_purpuratus]|0.82|0.8	GO:0005576
PRED|XP_030837038.1_serum_amyloid_A-5_protein-like_[Strongylocentrotus_purpuratus]|0.82|0.8	GO:0005576
PRED|XP_030837372.1_LOW_QUALITY_PROTEIN:_histone_H2A_embryonic_[Strongylocentrotus_purpuratus]|0.91|0.72	GO:0046982
PRED|XP_030837377.1_histone_H2B.2_embryonic_[Strongylocentrotus_purpuratus]|0.92|0.87	GO:0000786|GO:0003677|GO:0030527|GO:0046982
PRED|XP_030837378.1_histone_H2B.2_embryonic_[Strongylocentrotus_purpuratus]|0.92|0.87	GO:0000786|GO:0003677|GO:0030527|GO:0046982
PRED|XP_030837379.1_histone_H2B.2_embryonic_[Strongylocentrotus_purpuratus]|0.92|0.87	GO:0000786|GO:0003677|GO:0030527|GO:0046982
PRED|XP_030837436.1_histone_H2B.2_embryonic_[Strongylocentrotus_purpuratus]|0.92|0.87	GO:0000786|GO:0003677|GO:0030527|GO:0046982
PRED|XP_030837438.1_histone_H4_[Strongylocentrotus_purpuratus]|0.96|0.87	GO:0003677|GO:0030527|GO:0046982
PRED|XP_030837439.1_histone_H4_[Strongylocentrotus_purpuratus]|0.96|0.88	GO:0003677|GO:0030527|GO:0046982
PRED|XP_030837452.1_histone_H2B.2_embryonic_[Strongylocentrotus_purpuratus]|0.91|0.84	GO:0000786|GO:0003677|GO:0030527|GO:0046982
PRED|XP_030838386.1_low-density_lipoprotein_receptor-like_[Strongylocentrotus_purpuratus]|0.68|0.7	GO:0005515
PRED|XP_030838589.1_histone_H3_embryonic-like_[Strongylocentrotus_purpuratus]|0.54|0.71	GO:0000786|GO:0003677|GO:0030527|GO:0046982
PRED|XP_030839075.1_basic_phospholipase_A2_pseudexin_A_chain-like_[Strongylocentrotus_purpuratus]|0.99|0.84	GO:0004623|GO:0005509|GO:0005543|GO:0006644|GO:0016042|GO:0047498
PRED|XP_030839079.1_basic_phospholipase_A2_pseudexin_A_chain-like_[Strongylocentrotus_purpuratus]|0.92|0.89	GO:0004623|GO:0005509|GO:0005543|GO:0006644|GO:0016042|GO:0047498
PRED|XP_030839080.1_basic_phospholipase_A2_pseudexin_A_chain-like_[Strongylocentrotus_purpuratus]|0.92|0.89	GO:0004623|GO:0005509|GO:0005543|GO:0006644|GO:0016042|GO:0047498
PRED|XP_030839108.1_lysosomal-associated_transmembrane_protein_4A_[Strongylocentrotus_purpuratus]|0.54|0.7	GO:0016020
PRED|XP_030839411.1_interleukin-17D-like_[Strongylocentrotus_purpuratus]|0.65|0.8	GO:0005125|GO:0005576
PRED|XP_030839558.1_putative_fungistatic_metabolite_[Strongylocentrotus_purpuratus]|0.57|0.77	GO:0005886
PRED|XP_030839617.1_LOW_QUALITY_PROTEIN:_nucleolar_protein_58-like_partial_[Strongylocentrotus_purpuratus]|0.8|0.9	GO:0000786|GO:0003677|GO:0006334|GO:0030527
PRED|XP_030840910.1_late_histone_H2B.L3-like_[Strongylocentrotus_purpuratus]|0.96|0.76	GO:0000786|GO:0003677|GO:0030527|GO:0046982
PRED|XP_030842468.1_histone_H2A_[Strongylocentrotus_purpuratus]|0.98|0.74	GO:0046982
PRED|XP_030842686.1_histone_H4_[Strongylocentrotus_purpuratus]|0.96|0.87	GO:0003677|GO:0030527|GO:0046982
PRED|XP_030842704.1_histone_H4_[Strongylocentrotus_purpuratus]|0.96|0.88	GO:0003677|GO:0030527|GO:0046982
PRED|XP_030843320.1_histone_H2A-like_partial_[Strongylocentrotus_purpuratus]|0.7|0.72	GO:0046982
PRED|XP_030843379.1_histone_H4_[Strongylocentrotus_purpuratus]|0.96|0.88	GO:0003677|GO:0030527|GO:0046982
PRED|XP_030843620.1_synaptotagmin-1_[Strongylocentrotus_purpuratus]|0.95|0.76	GO:0005337|GO:0005415|GO:0005886|GO:0015293|GO:0016020|GO:1901642
PRED|XP_030844050.1_interferon_alpha-inducible_protein_27-like_protein_2A_[Strongylocentrotus_purpuratus]|0.98|0.9	GO:0001836|GO:0016020|GO:0031966|GO:0097193
PRED|XP_030844259.1_interferon_alpha-inducible_protein_27-like_protein_2A_isoform_X1_[Strongylocentrotus_purpuratus]|0.99|0.85	GO:0001836|GO:0016020|GO:0031966|GO:0097193
PRED|XP_030844260.1_interferon_alpha-inducible_protein_27-like_protein_2A_isoform_X1_[Strongylocentrotus_purpuratus]|0.99|0.85	GO:0001836|GO:0016020|GO:0031966|GO:0097193
PRED|XP_030844261.1_interferon_alpha-inducible_protein_27-like_protein_2A_isoform_X2_[Strongylocentrotus_purpuratus]|0.99|0.85	GO:0001836|GO:0016020|GO:0031966|GO:0097193
PRED|XP_030844262.1_interferon_alpha-inducible_protein_27-like_protein_2A_isoform_X1_[Strongylocentrotus_purpuratus]|0.99|0.85	GO:0001836|GO:0016020|GO:0031966|GO:0097193
PRED|XP_030844282.1_interferon_alpha-inducible_protein_27-like_protein_2_[Strongylocentrotus_purpuratus]|0.83|0.93	GO:0001836|GO:0016020|GO:0031966|GO:0097193
PRED|XP_030844283.1_interferon_alpha-inducible_protein_27-like_protein_2_[Strongylocentrotus_purpuratus]|0.83|0.93	GO:0001836|GO:0016020|GO:0031966|GO:0097193
PRED|XP_030844658.1_interleukin-17D-like_[Strongylocentrotus_purpuratus]|0.75|0.76	GO:0005125|GO:0005576
PRED|XP_030846211.1_keratin_type_II_cytoskeletal_2_epidermal-like_[Strongylocentrotus_purpuratus]|0.79|0.75	GO:0016020
PRED|XP_030846557.1_late_histone_H2B.L4-like_[Strongylocentrotus_purpuratus]|0.78|0.79	GO:0000786|GO:0003677|GO:0030527|GO:0046982
PRED|XP_030846637.1_E-selectin-like_[Strongylocentrotus_purpuratus]|0.86|0.75	GO:0007155|GO:0016020
PRED|XP_030846767.1_partner_of_bursicon-like_isoform_X1_[Strongylocentrotus_purpuratus]|0.57|0.7	GO:0001664|GO:0005184|GO:0005576|GO:0007186|GO:0031395
PRED|XP_030847781.1_late_histone_H2B.L3-like_[Strongylocentrotus_purpuratus]|0.96|0.77	GO:0000786|GO:0003677|GO:0030527|GO:0046982
PRED|XP_030850246.1_fibropellin-3-like_[Strongylocentrotus_purpuratus]|0.75|0.81	GO:0005886|GO:0007157|GO:0032991|GO:0045197
PRED|XP_030850960.1_fibropellin-3-like_[Strongylocentrotus_purpuratus]|0.59|0.89	GO:0005112|GO:0007219
PRED|XP_030851370.1_ribonuclease_P_protein_subunit_p21-like_[Strongylocentrotus_purpuratus]|0.53|0.83	GO:0001682|GO:0005655|GO:0006396|GO:0008033|GO:0030677
PRED|XP_030851729.1_phospholipase_A2_membrane_associated-like_[Strongylocentrotus_purpuratus]|0.9|0.84	GO:0004623|GO:0005509|GO:0005543|GO:0006644|GO:0016042|GO:0047498
PRED|XP_030851815.1_acidic_phospholipase_A2_homolog_[Strongylocentrotus_purpuratus]|0.73|0.88	GO:0004623|GO:0005509|GO:0005543|GO:0006644|GO:0016042|GO:0047498
PRED|XP_030852711.1_phospholipase_A2_AP-PLA2-II-like_[Strongylocentrotus_purpuratus]|0.94|0.92	GO:0004623|GO:0005509|GO:0005543|GO:0006644|GO:0016042|GO:0047498
PRED|XP_030855057.1_neurogenic_locus_notch_homolog_protein_1-like_[Strongylocentrotus_purpuratus]|0.99|0.78	GO:0005102|GO:0005576|GO:0009986|GO:0048856
PRED|XP_030855108.1_barrier-to-autointegration_factor_[Strongylocentrotus_purpuratus]|0.91|0.79	GO:0003677
PRED|XP_030855277.1_fibropellin-3-like_isoform_X1_[Strongylocentrotus_purpuratus]|0.68|0.81	GO:0005112|GO:0007219
PRED|XP_030855278.1_fibropellin-3-like_isoform_X2_[Strongylocentrotus_purpuratus]|0.6|0.91	GO:0005886|GO:0007157|GO:0032991|GO:0045197
PRED|XP_030855516.1_peroxiredoxin-5_mitochondrial-like_[Strongylocentrotus_purpuratus]|0.68|0.76	GO:0005737|GO:0005739|GO:0005777|GO:0008379|GO:0016491|GO:0034599|GO:0042744|GO:0045454
PRED|XP_030855531.1_cysteine-rich_motor_neuron_1_protein-like_[Strongylocentrotus_purpuratus]|0.99|0.76	GO:0005576
PRED|XP_030855560.1_peroxiredoxin-5_mitochondrial-like_[Strongylocentrotus_purpuratus]|0.59|0.78	GO:0005737|GO:0005739|GO:0005777|GO:0008379|GO:0016491|GO:0034599|GO:0042744|GO:0045454
PRED|XP_030855760.1_fibropellin-3-like_[Strongylocentrotus_purpuratus]|0.91|0.76	GO:0005112|GO:0007219
PRED|XP_030856094.1_mesencephalic_astrocyte-derived_neurotrophic_factor_homolog_[Strongylocentrotus_purpuratus]|0.96|0.75	GO:0005615|GO:0005783|GO:0031175|GO:0071542
PRED|XP_030856113.1_histone_H2B.1_sperm_[Strongylocentrotus_purpuratus]|0.92|0.81	GO:0000786|GO:0003677|GO:0030527|GO:0046982
PRED|XP_030856142.1_mesencephalic_astrocyte-derived_neurotrophic_factor_homolog_[Strongylocentrotus_purpuratus]|0.96|0.74	GO:0005615|GO:0005783|GO:0031175|GO:0071542
PRED|XP_031737108.1_probable_phospholipase_A2_homolog_1_[Cucumis_sativus]|0.97|0.78	GO:0004623|GO:0005509|GO:0008289|GO:0009555|GO:0009846|GO:0009860|GO:0016042
PRED|XP_031738606.1_protein_RALF-like_24_[Cucumis_sativus]|0.7|0.78	GO:0009506|GO:0019722
PRED|XP_031738917.1_non-specific_lipid-transfer_protein_Cw18-like_[Cucumis_sativus]|0.85|0.86	GO:0006869|GO:0008289
PRED|XP_031740619.1_NADH_dehydrogenase_[ubiquinone]_1_alpha_subcomplex_subunit_1_[Cucumis_sativus]|0.71|0.78	GO:0005747
PRED|XP_031742370.1_uncharacterized_protein_At1g05835-like_[Cucumis_sativus]|0.71|0.73	GO:0001709
PRED|XP_031742630.1_uncharacterized_protein_LOC116404399_[Cucumis_sativus]|0.95|0.92	GO:0008285
PRED|XP_031743925.1_selenoprotein_K_isoform_X2_[Cucumis_sativus]|0.75|0.77	GO:0005789|GO:0005794|GO:0006816|GO:0032469
PRED|XP_031744853.1_V-type_proton_ATPase_subunit_e1_[Cucumis_sativus]|0.97|0.7	GO:0033179|GO:0046961|GO:0055085|GO:1902600
PRED|XP_031745959.1_NAD-dependent_malic_enzyme_2_mitochondrial-like_[Cucumis_sativus]|0.54|0.77	GO:0004470|GO:0004471|GO:0005739|GO:0006090|GO:0006108|GO:0016616|GO:0051287
PRED|XP_031746351.1_pglyrp1_protein_isoform_X1_[Xenopus_tropicalis]|0.99|0.88	GO:0042834|GO:0045087
PRED|XP_031746956.1_cocaine-_and_amphetamine-regulated_transcript_protein-like_isoform_X2_[Xenopus_tropicalis]|0.93|0.82	GO:0005615|GO:0007186|GO:0008343|GO:0009267|GO:0032099|GO:0043410
PRED|XP_031746957.1_cocaine-_and_amphetamine-regulated_transcript_protein-like_[Xenopus_tropicalis]|0.88|0.88	GO:0005615|GO:0007186|GO:0008343|GO:0009267|GO:0032099|GO:0043410
PRED|XP_031747845.1_liver-expressed_antimicrobial_peptide_2-like_[Xenopus_tropicalis]|0.91|0.82	GO:0042742|GO:0061844
PRED|XP_031748221.1_lysozyme_C-1-like_[Xenopus_tropicalis]|0.99|0.9	GO:0003796
PRED|XP_031748932.1_histone_H1B-like_isoform_X1_[Xenopus_tropicalis]|0.52|0.8	GO:0000786|GO:0003677|GO:0006334|GO:0030527
PRED|XP_031748933.1_histone_H1B-like_isoform_X2_[Xenopus_tropicalis]|0.52|0.77	GO:0000786|GO:0003677|GO:0006334|GO:0030527
PRED|XP_031748936.1_histone_H1B_[Xenopus_tropicalis]|0.61|0.81	GO:0000786|GO:0003677|GO:0006334|GO:0030527
PRED|XP_031748942.1_histone_H1B_[Xenopus_tropicalis]|0.56|0.85	GO:0000786|GO:0003677|GO:0006334|GO:0030527
PRED|XP_031748943.1_histone_H1B-like_[Xenopus_tropicalis]|0.51|0.81	GO:0000786|GO:0003677|GO:0006334|GO:0030527
PRED|XP_031748944.1_histone_H1B-like_[Xenopus_tropicalis]|0.63|0.85	GO:0000786|GO:0003677|GO:0006334|GO:0030527
PRED|XP_031748945.1_histone_H1B_[Xenopus_tropicalis]|0.51|0.84	GO:0000786|GO:0003677|GO:0006334|GO:0030527
PRED|XP_031748963.1_histone_H2B_1.1-like_[Xenopus_tropicalis]|0.98|0.87	GO:0000786|GO:0003677|GO:0030527|GO:0046982
PRED|XP_031748964.1_histone_H2B_1.1_[Xenopus_tropicalis]|1.0|0.85	GO:0000786|GO:0003677|GO:0030527|GO:0046982
PRED|XP_031748965.1_histone_H2B_1.1-like_[Xenopus_tropicalis]|0.98|0.87	GO:0000786|GO:0003677|GO:0030527|GO:0046982
PRED|XP_031748966.1_histone_H2B_1.1-like_[Xenopus_tropicalis]|0.98|0.87	GO:0000786|GO:0003677|GO:0030527|GO:0046982
PRED|XP_031748967.1_histone_H2B_1.1-like_[Xenopus_tropicalis]|0.98|0.86	GO:0000786|GO:0003677|GO:0030527|GO:0046982
PRED|XP_031748968.1_histone_H2B_1.1-like_[Xenopus_tropicalis]|0.98|0.87	GO:0000786|GO:0003677|GO:0030527|GO:0046982
PRED|XP_031748969.1_histone_H2B_1.1-like_[Xenopus_tropicalis]|0.98|0.87	GO:0000786|GO:0003677|GO:0030527|GO:0046982
PRED|XP_031748970.1_histone_H2B_1.1-like_[Xenopus_tropicalis]|0.98|0.87	GO:0000786|GO:0003677|GO:0030527|GO:0046982
PRED|XP_031748971.1_histone_H2B_1.1_[Xenopus_tropicalis]|0.98|0.87	GO:0000786|GO:0003677|GO:0030527|GO:0046982
PRED|XP_031748972.1_histone_H2B_1.1-like_[Xenopus_tropicalis]|0.98|0.85	GO:0000786|GO:0003677|GO:0030527|GO:0046982
PRED|XP_031748973.1_histone_H2B_1.1-like_[Xenopus_tropicalis]|1.0|0.86	GO:0000786|GO:0003677|GO:0030527|GO:0046982
PRED|XP_031748974.1_histone_H2B_1.1-like_[Xenopus_tropicalis]|0.98|0.87	GO:0000786|GO:0003677|GO:0030527|GO:0046982
PRED|XP_031748975.1_histone_H2B_1.1-like_[Xenopus_tropicalis]|0.98|0.87	GO:0000786|GO:0003677|GO:0030527|GO:0046982
PRED|XP_031748976.1_histone_H2B_1.1_[Xenopus_tropicalis]|1.0|0.86	GO:0000786|GO:0003677|GO:0030527|GO:0046982
PRED|XP_031748978.1_histone_H4-like_[Xenopus_tropicalis]|0.75|0.83	GO:0003677|GO:0030527|GO:0046982
PRED|XP_031748979.1_histone_H4-like_[Xenopus_tropicalis]|0.93|0.83	GO:0003677|GO:0030527|GO:0046982
PRED|XP_031748984.1_histone_H4_[Xenopus_tropicalis]|0.95|0.84	GO:0003677|GO:0030527|GO:0046982
PRED|XP_031748985.1_histone_H4_[Xenopus_tropicalis]|0.95|0.83	GO:0003677|GO:0030527|GO:0046982
PRED|XP_031750467.1_lysozyme_C-like_[Xenopus_tropicalis]|0.96|0.79	GO:0003796
PRED|XP_031750814.1_C-C_motif_chemokine_28_[Xenopus_tropicalis]|1.0|0.92	GO:0005576|GO:0006955|GO:0008009
PRED|XP_031750894.1_resistin-like_beta_[Xenopus_tropicalis]|0.97|0.83	GO:0005179|GO:0005576|GO:0005615
PRED|XP_031750952.1_C-X-C_motif_chemokine_13_[Xenopus_tropicalis]|0.82|0.89	GO:0005576|GO:0006955|GO:0008009
PRED|XP_031754409.1_pleiotrophin_[Xenopus_tropicalis]|1.0|0.84	GO:0005576|GO:0008083
PRED|XP_031755230.1_histone_H2B_1.1-like_[Xenopus_tropicalis]|1.0|0.84	GO:0000786|GO:0003677|GO:0030527|GO:0046982
PRED|XP_031755231.1_histone_H4_[Xenopus_tropicalis]|0.95|0.83	GO:0003677|GO:0030527|GO:0046982
PRED|XP_031755497.1_C-type_natriuretic_peptide-like_[Xenopus_tropicalis]|0.76|0.81	GO:0005179|GO:0005576|GO:0006182|GO:0007168
PRED|XP_031755498.1_C-type_natriuretic_peptide-like_[Xenopus_tropicalis]|0.76|0.81	GO:0005179|GO:0005576|GO:0006182|GO:0007168
PRED|XP_031756486.1_glycoprotein_hormone_alpha-2_[Xenopus_tropicalis]|0.98|0.89	GO:0005179|GO:0005576|GO:0005615|GO:0007166|GO:0051427
PRED|XP_031757233.1_trypsin_inhibitor_ClTI-1-like_[Xenopus_tropicalis]|0.97|0.88	GO:0004867
PRED|XP_031757691.1_histone_H4_[Xenopus_tropicalis]|0.95|0.84	GO:0003677|GO:0030527|GO:0046982
PRED|XP_031757692.1_histone_H4_[Xenopus_tropicalis]|0.89|0.84	GO:0003677|GO:0030527|GO:0046982
PRED|XP_031758435.1_guanylin-like_[Xenopus_tropicalis]|0.84|0.82	GO:0005576|GO:0030250
PRED|XP_031760183.1_histone_H2B_1.1_[Xenopus_tropicalis]|1.0|0.85	GO:0000786|GO:0003677|GO:0030527|GO:0046982
PRED|XP_031760184.1_histone_H2B_1.1_[Xenopus_tropicalis]|1.0|0.85	GO:0000786|GO:0003677|GO:0030527|GO:0046982
PRED|XP_031760186.1_histone_H2B_1.1-like_[Xenopus_tropicalis]|1.0|0.86	GO:0000786|GO:0003677|GO:0030527|GO:0046982
PRED|XP_031760187.1_histone_H4_[Xenopus_tropicalis]|0.95|0.79	GO:0003677|GO:0030527|GO:0046982
PRED|XP_031760188.1_histone_H4_[Xenopus_tropicalis]|0.95|0.84	GO:0003677|GO:0030527|GO:0046982
PRED|XP_031760259.1_retinoic_acid_receptor_responder_protein_2-like_isoform_X2_[Xenopus_tropicalis]|0.68|0.8	GO:0005102|GO:0005615|GO:0006954|GO:0031012|GO:0045087|GO:0050921|GO:0050994
PRED|XP_031760539.1_hepcidin_1_isoform_X1_[Xenopus_tropicalis]|0.98|0.91	GO:0005576|GO:0006879
PRED|XP_031760892.1_uncharacterized_protein_LOC496623_isoform_X1_[Xenopus_tropicalis]|0.64|0.71	GO:0004252|GO:0005615|GO:0006508
PRED|XP_031760976.1_C-C_motif_chemokine_25_[Xenopus_tropicalis]|0.64|0.85	GO:0005576|GO:0005615|GO:0006954|GO:0006955|GO:0008009|GO:0030335|GO:0043547|GO:0048020|GO:0048245|GO:0060326|GO:0061844|GO:0070098
PRED|XP_031761006.1_FXYD_domain-containing_ion_transport_regulator_3_isoform_X1_[Xenopus_tropicalis]|0.96|0.74	GO:0016020|GO:0017080|GO:0043269|GO:0099106|GO:2000649
PRED|XP_031761007.1_FXYD_domain-containing_ion_transport_regulator_3_isoform_X1_[Xenopus_tropicalis]|0.96|0.74	GO:0016020|GO:0017080|GO:0043269|GO:0099106|GO:2000649
PRED|XP_031761513.1_trypsin_[Xenopus_tropicalis]|0.76|0.7	GO:0004252|GO:0005615|GO:0006508
PRED|XP_031761514.1_trypsin_isoform_X3_[Xenopus_tropicalis]|0.74|0.73	GO:0004252|GO:0005615|GO:0006508
PRED|XP_031761515.1_trypsin_isoform_X4_[Xenopus_tropicalis]|0.7|0.7	GO:0004252|GO:0005615|GO:0006508
PRED|XP_031761516.1_trypsin-like_[Xenopus_tropicalis]|0.6|0.73	GO:0004252|GO:0005615|GO:0006508
PRED|XP_031761517.1_trypsin-like_[Xenopus_tropicalis]|0.63|0.7	GO:0004252|GO:0005615|GO:0006508
PRED|XP_031761518.1_trypsin_[Xenopus_tropicalis]|0.89|0.73	GO:0004252|GO:0005615|GO:0006508
PRED|XP_031762207.1_phospholipase_A2_homolog_otoconin-22_[Xenopus_tropicalis]|0.64|0.8	GO:0004623|GO:0005509|GO:0005543|GO:0006644|GO:0016042|GO:0047498
PRED|XP_031762319.1_basic_phospholipase_A2_homolog_Vur-S49_[Xenopus_tropicalis]|0.54|0.9	GO:0004623|GO:0005509|GO:0005543|GO:0006644|GO:0016042|GO:0047498
PRED|XP_031762443.1_trypsin-3_[Xenopus_tropicalis]|0.59|0.9	GO:0004252|GO:0005615|GO:0006508
PRED|XP_031762550.1_acrosin-binding_protein-like_[Xenopus_tropicalis]|0.63|0.75	GO:0001669|GO:0005634
PRED|XP_032219191.1_late_histone_H2B.L4_[Nematostella_vectensis]|0.99|0.88	GO:0000786|GO:0003677|GO:0030527|GO:0046982
PRED|XP_032220671.1_reactive_oxygen_species_modulator_1_[Nematostella_vectensis]|0.7|0.75	GO:0005744|GO:0030150|GO:0045039
PRED|XP_032220951.1_uncharacterized_protein_LOC116603593_[Nematostella_vectensis]|0.99|0.83	GO:0005179|GO:0005576
PRED|XP_032220952.1_uncharacterized_protein_LOC116603593_[Nematostella_vectensis]|0.99|0.83	GO:0005179|GO:0005576
PRED|XP_032223588.1_basic_phospholipase_A2_[Nematostella_vectensis]|1.0|0.9	GO:0004623|GO:0005509|GO:0005543|GO:0006644|GO:0016042|GO:0047498
PRED|XP_032224817.2_histone_H4_[Nematostella_vectensis]|0.95|0.83	GO:0003677|GO:0030527|GO:0046982
PRED|XP_032225151.2_late_histone_H2B.L4_[Nematostella_vectensis]|1.0|0.88	GO:0000786|GO:0003677|GO:0030527|GO:0046982
PRED|XP_032225152.1_histone_H4_[Nematostella_vectensis]|0.95|0.84	GO:0003677|GO:0030527|GO:0046982
PRED|XP_032227080.1_uncharacterized_protein_LOC116610351_[Nematostella_vectensis]|0.53|0.85	GO:0005743|GO:0045271
PRED|XP_032231166.1_dermatopontin_[Nematostella_vectensis]|0.73|0.88	GO:0005615|GO:0030199|GO:0031012
PRED|XP_032231167.1_dermatopontin_[Nematostella_vectensis]|0.73|0.88	GO:0005615|GO:0030199|GO:0031012
PRED|XP_032231278.1_histone_H4_[Nematostella_vectensis]|0.95|0.83	GO:0003677|GO:0030527|GO:0046982
PRED|XP_032232069.1_histone_H4_[Nematostella_vectensis]|0.95|0.84	GO:0003677|GO:0030527|GO:0046982
PRED|XP_032232852.1_late_histone_H2B.L4-like_[Nematostella_vectensis]|1.0|0.87	GO:0000786|GO:0003677|GO:0030527|GO:0046982
PRED|XP_032232854.1_histone_H4_[Nematostella_vectensis]|0.95|0.84	GO:0003677|GO:0030527|GO:0046982
PRED|XP_032233066.1_hemagglutinin/amebocyte_aggregation_factor_isoform_X2_[Nematostella_vectensis]|0.86|0.75	GO:0005615|GO:0030199|GO:0031012
PRED|XP_032233067.1_hemagglutinin/amebocyte_aggregation_factor_isoform_X2_[Nematostella_vectensis]|0.85|0.76	GO:0005615|GO:0030199|GO:0031012
PRED|XP_032237530.2_late_histone_H2B.L4-like_[Nematostella_vectensis]|1.0|0.88	GO:0000786|GO:0003677|GO:0030527|GO:0046982
PRED|XP_032237531.1_histone_H4_[Nematostella_vectensis]|0.95|0.84	GO:0003677|GO:0030527|GO:0046982
PRED|XP_032237720.2_phospholipase_A2_A2-actitoxin-Cgg2a_[Nematostella_vectensis]|0.93|0.94	GO:0004623|GO:0005509|GO:0005543|GO:0006644|GO:0016042|GO:0047498
PRED|XP_032238029.2_phospholipase_A2_A2-actitoxin-Cgg2a_[Nematostella_vectensis]|1.0|0.91	GO:0004623|GO:0005509|GO:0005543|GO:0006644|GO:0016042|GO:0047498
PRED|XP_032238242.1_late_histone_H2B.L4_[Nematostella_vectensis]|1.0|0.89	GO:0000786|GO:0003677|GO:0030527|GO:0046982
PRED|XP_032238316.2_uncharacterized_protein_LOC5512887_[Nematostella_vectensis]|0.64|0.8	GO:0005576|GO:0007586|GO:0008047|GO:0016042
PRED|XP_032238439.1_late_histone_H2B.L4-like_[Nematostella_vectensis]|1.0|0.9	GO:0000786|GO:0003677|GO:0030527|GO:0046982
PRED|XP_032238441.1_histone_H4_[Nematostella_vectensis]|0.95|0.84	GO:0003677|GO:0030527|GO:0046982
PRED|XP_032239555.2_pituitary_tumor-transforming_gene_1_protein-interacting_protein_isoform_X1_[Nematostella_vectensis]|0.86|0.78	GO:0005634|GO:0005737|GO:0006606
PRED|XP_032241030.1_late_histone_H2B.L4_[Nematostella_vectensis]|0.99|0.88	GO:0000786|GO:0003677|GO:0030527|GO:0046982
PRED|XP_032241037.2_venom_protein_302_[Nematostella_vectensis]|1.0|0.87	GO:0001558|GO:0005520|GO:0005576|GO:0009966
PRED|XP_032241038.2_venom_protein_302_[Nematostella_vectensis]|1.0|0.86	GO:0001558|GO:0005520|GO:0005576|GO:0009966
PRED|XP_032242619.1_sarcoplasmic_reticulum_histidine-rich_calcium-binding_protein_[Nematostella_vectensis]|0.98|0.8	GO:0005509
PRED|XP_032801076.1_anaphase-promoting_complex_subunit_11_[Petromyzon_marinus]|0.56|0.92	GO:0005680|GO:0008270|GO:0031145|GO:0061630|GO:0097602
PRED|XP_032801839.1_alveolar_macrophage_chemotactic_factor-like_[Petromyzon_marinus]|0.99|0.88	GO:0005576|GO:0006955|GO:0008009
PRED|XP_032801840.1_interleukin-8-like_[Petromyzon_marinus]|1.0|0.92	GO:0005576|GO:0006955|GO:0008009
PRED|XP_032803661.1_large_ribosomal_subunit_protein_mL63_[Petromyzon_marinus]|0.83|0.72	GO:0003735|GO:0005761|GO:0032543
PRED|XP_032803662.1_large_ribosomal_subunit_protein_mL63_[Petromyzon_marinus]|0.83|0.71	GO:0003735|GO:0005761|GO:0032543
PRED|XP_032803663.1_large_ribosomal_subunit_protein_mL63_[Petromyzon_marinus]|0.83|0.72	GO:0003735|GO:0005761|GO:0032543
PRED|XP_032803664.1_large_ribosomal_subunit_protein_mL63_[Petromyzon_marinus]|0.83|0.73	GO:0003735|GO:0005761|GO:0032543
PRED|XP_032803665.1_large_ribosomal_subunit_protein_mL63_[Petromyzon_marinus]|0.83|0.72	GO:0003735|GO:0005761|GO:0032543
PRED|XP_032803666.1_large_ribosomal_subunit_protein_mL63_[Petromyzon_marinus]|0.83|0.72	GO:0003735|GO:0005761|GO:0032543
PRED|XP_032803668.1_large_ribosomal_subunit_protein_mL63_[Petromyzon_marinus]|0.83|0.72	GO:0003735|GO:0005761|GO:0032543
PRED|XP_032803670.1_large_ribosomal_subunit_protein_mL63_[Petromyzon_marinus]|0.83|0.7	GO:0005761
PRED|XP_032804044.1_ubiquitin-like_FUBI-ribosomal_protein_eS30_fusion_protein_[Petromyzon_marinus]|0.65|0.9	GO:0003735|GO:0005840|GO:0006412|GO:0022627
PRED|XP_032805889.1_group_XIIB_secretory_phospholipase_A2-like_protein_isoform_X2_[Petromyzon_marinus]|0.55|0.73	GO:0004623|GO:0005509|GO:0005576|GO:0016042|GO:0042632|GO:0070328
PRED|XP_032805983.1_stromal_cell-derived_factor_1-like_[Petromyzon_marinus]|1.0|0.89	GO:0005576|GO:0006955|GO:0008009
PRED|XP_032806720.1_trypsin_inhibitor_ClTI-1-like_[Petromyzon_marinus]|0.59|0.85	GO:0004867
PRED|XP_032807301.1_pituitary_tumor-transforming_gene_1_protein-interacting_protein-like_[Petromyzon_marinus]|0.81|0.7	GO:0005634|GO:0005737|GO:0006606
PRED|XP_032808452.2_ubiquitin-like_FUBI-ribosomal_protein_eS30_fusion_protein_[Petromyzon_marinus]|0.75|0.9	GO:0003735|GO:0005840|GO:0006412|GO:0022627
PRED|XP_032810184.1_toxin_MIT1_[Petromyzon_marinus]|0.68|0.91	GO:0001935
PRED|XP_032811792.1_histone_H3.3A_[Petromyzon_marinus]|0.5|0.74	GO:0000786|GO:0003677|GO:0030527|GO:0046982
PRED|XP_032811793.1_histone_H3.3A_[Petromyzon_marinus]|0.5|0.73	GO:0000786|GO:0003677|GO:0030527|GO:0046982
PRED|XP_032813599.2_liver-expressed_antimicrobial_peptide_2_[Petromyzon_marinus]|0.99|0.89	GO:0042742|GO:0061844
PRED|XP_032815106.1_peptide_YY-like_[Petromyzon_marinus]|0.77|0.73	GO:0005179|GO:0005184|GO:0005576|GO:0005615|GO:0007218|GO:0007631|GO:0031841
PRED|XP_032815137.1_reactive_oxygen_species_modulator_1_[Petromyzon_marinus]|0.92|0.84	GO:0005744|GO:0030150|GO:0045039
PRED|XP_032815138.1_reactive_oxygen_species_modulator_1_[Petromyzon_marinus]|0.92|0.84	GO:0005744|GO:0030150|GO:0045039
PRED|XP_032815139.1_reactive_oxygen_species_modulator_1_[Petromyzon_marinus]|0.92|0.84	GO:0005744|GO:0030150|GO:0045039
PRED|XP_032818139.1_acidic_phospholipase_A2-like_[Petromyzon_marinus]|0.81|0.95	GO:0004623|GO:0005509|GO:0005543|GO:0006644|GO:0016042|GO:0047498
PRED|XP_032818140.1_basic_phospholipase_A2_PA-9C-like_[Petromyzon_marinus]|1.0|0.92	GO:0004623|GO:0005509|GO:0005543|GO:0006644|GO:0016042|GO:0047498
PRED|XP_032818141.2_phospholipase_A2_A2-actitoxin-Cgg2a-like_[Petromyzon_marinus]|0.72|0.89	GO:0004623|GO:0005509|GO:0005543|GO:0006644|GO:0016042|GO:0047498
PRED|XP_032818144.1_acidic_phospholipase_A2_homolog_isoform_X1_[Petromyzon_marinus]|0.93|0.88	GO:0004623|GO:0005509|GO:0005543|GO:0006644|GO:0016042|GO:0047498
PRED|XP_032818459.1_cocaine-_and_amphetamine-regulated_transcript_protein_[Petromyzon_marinus]|0.97|0.94	GO:0005615|GO:0007186|GO:0008343|GO:0009267|GO:0032099|GO:0043410
PRED|XP_032818734.2_peptidoglycan-recognition_protein_SC2-like_[Petromyzon_marinus]|0.96|0.87	GO:0042834|GO:0045087
PRED|XP_032819571.1_histone_H2A-like_[Petromyzon_marinus]|1.0|0.76	GO:0046982
PRED|XP_032819573.1_histone_H4-like_[Petromyzon_marinus]|0.95|0.79	GO:0003677|GO:0030527|GO:0046982
PRED|XP_032820692.1_histone_H3.3A_[Petromyzon_marinus]|0.5|0.74	GO:0000786|GO:0003677|GO:0030527|GO:0046982
PRED|XP_032820693.1_histone_H3.3A_[Petromyzon_marinus]|0.5|0.73	GO:0000786|GO:0003677|GO:0030527|GO:0046982
PRED|XP_032824716.2_dolichol-phosphate_mannosyltransferase_subunit_3_[Petromyzon_marinus]|0.51|0.87	GO:0005789|GO:0006486|GO:0006506|GO:0033185
PRED|XP_032825311.2_interleukin-8-like_[Petromyzon_marinus]|0.98|0.93	GO:0005576|GO:0006955|GO:0008009
PRED|XP_032825951.1_peripheral_myelin_protein_22-like_[Petromyzon_marinus]|0.83|0.8	GO:0005886|GO:0016020
PRED|XP_032826484.2_relaxin-3-like_isoform_X1_[Petromyzon_marinus]|0.93|0.76	GO:0001664|GO:0005179|GO:0005576
PRED|XP_032826485.2_relaxin-3-like_isoform_X2_[Petromyzon_marinus]|0.93|0.76	GO:0001664|GO:0005179|GO:0005576
PRED|XP_032827944.2_interleukin-8-like_[Petromyzon_marinus]|0.96|0.89	GO:0005576|GO:0006955|GO:0008009
PRED|XP_032828211.2_lysozyme_C-1/C-2-like_[Petromyzon_marinus]|0.97|0.76	GO:0003796
PRED|XP_032830180.1_ubiquitin-ribosomal_protein_eS31_fusion_protein_[Petromyzon_marinus]|0.51|0.75	GO:0003735|GO:0005840|GO:0006412
PRED|XP_032831845.2_cocaine-_and_amphetamine-regulated_transcript_protein-like_[Petromyzon_marinus]|0.58|0.87	GO:0005615|GO:0007186|GO:0008343|GO:0009267|GO:0032099|GO:0043410
PRED|XP_032833898.2_follitropin_subunit_beta-like_[Petromyzon_marinus]|0.84|0.88	GO:0005179|GO:0005576|GO:0005615|GO:0005737|GO:0007186|GO:0016913|GO:0042699
PRED|XP_032834296.1_serum_amyloid_A_protein-like_[Petromyzon_marinus]|0.68|0.75	GO:0005576
PRED|XP_032834387.1_signal_recognition_particle_9_kDa_protein_[Petromyzon_marinus]|0.66|0.81	GO:0005786|GO:0006614|GO:0008312|GO:0045900|GO:0048500
PRED|XP_032835108.1_large_ribosomal_subunit_protein_eL39_[Petromyzon_marinus]|0.66|0.89	GO:0003735|GO:0005840|GO:0006412|GO:0022625
PRED|XP_032836028.1_chemokine-like_protein_TAFA-5_[Petromyzon_marinus]|0.95|0.84	GO:0001664|GO:0005615|GO:0007186|GO:0048018
PRED|XP_032836407.1_BPTI/Kunitz_domain-containing_protein-like_[Petromyzon_marinus]|0.89|0.75	GO:0004867|GO:0005615
PRED|XP_034302192.1_histone_H3.3A_[Magallana_gigas]|0.5|0.74	GO:0000786|GO:0003677|GO:0030527|GO:0046982
PRED|XP_034302193.1_histone_H3.3A_[Magallana_gigas]|0.5|0.74	GO:0000786|GO:0003677|GO:0030527|GO:0046982
PRED|XP_034302703.2_histone_H2B-like_[Magallana_gigas]|0.97|0.85	GO:0000786|GO:0003677|GO:0030527|GO:0046982
PRED|XP_034302706.2_histone_H4_[Magallana_gigas]|0.95|0.84	GO:0003677|GO:0030527|GO:0046982
PRED|XP_034304383.2_metalloproteinase_inhibitor_3-like_isoform_X1_[Magallana_gigas]|0.53|0.81	GO:0002020|GO:0005615|GO:0008191|GO:0010033|GO:0010951|GO:0031012|GO:0051045
PRED|XP_034306773.2_multiple_epidermal_growth_factor-like_domains_protein_11_isoform_X1_[Magallana_gigas]|0.72|0.7	GO:0005044
PRED|XP_034306775.2_multiple_epidermal_growth_factor-like_domains_protein_11_isoform_X4_[Magallana_gigas]|0.81|0.7	GO:0005044
PRED|XP_034316998.2_metalloproteinase_inhibitor_3-like_[Magallana_gigas]|0.71|0.79	GO:0002020|GO:0005615|GO:0008191|GO:0010033|GO:0010951|GO:0031012|GO:0051045
PRED|XP_034320563.2_lysozyme_[Magallana_gigas]|0.99|0.95	GO:0003796
PRED|XP_034321960.2_protein_draper_[Magallana_gigas]|0.91|0.8	GO:0005044
PRED|XP_034327116.1_lysozyme_3_[Magallana_gigas]|1.0|0.94	GO:0003796
PRED|XP_034328630.1_RING-box_protein_2_[Magallana_gigas]|0.92|0.86	GO:0008270
PRED|XP_034336005.1_histone_H4_[Magallana_gigas]|0.95|0.79	GO:0003677|GO:0030527|GO:0046982
PRED|XP_034336379.1_interferon_alpha-inducible_protein_27-like_protein_2A_isoform_X1_[Magallana_gigas]|0.79|0.86	GO:0016020
PRED|XP_034336380.2_interferon_alpha-inducible_protein_27-like_protein_2A_isoform_X2_[Magallana_gigas]|0.89|0.88	GO:0016020
PRED|XP_035815015.1_OVARIAN_TUMOR_DOMAIN-containing_deubiquitinating_enzyme_12-like_[Zea_mays]|0.88|0.79	GO:0004843|GO:0016579
PRED|XP_035816167.1_histone_H2A.2.1-like_[Zea_mays]|0.72|0.75	GO:0000786|GO:0003677|GO:0030527|GO:0046982
PRED|XP_035816854.1_uncharacterized_protein_[Zea_mays]|0.96|0.8	GO:0008285
PRED|XP_035818848.1_uncharacterized_protein_[Zea_mays]|0.75|0.92	GO:0005744|GO:0030150|GO:0045039
PRED|XP_035820143.1_uncharacterized_protein_[Zea_mays]|0.9|0.76	GO:0008285
PRED|XP_035822096.1_protein_ZINC_INDUCED_FACILITATOR-LIKE_1-like_[Zea_mays]|0.67|0.84	GO:0022857|GO:0055085
PRED|XP_035822878.1_uncharacterized_protein_[Zea_mays]|0.62|0.86	GO:0005739|GO:0034551
PRED|XP_035822879.1_uncharacterized_protein_[Zea_mays]|0.62|0.86	GO:0005739|GO:0034551
PRED|XP_035823045.1_Bowman-Birk_type_trypsin_inhibitor-like_[Zea_mays]|0.91|0.87	GO:0004867|GO:0005576
PRED|XP_035823047.1_Bowman-Birk_type_trypsin_inhibitor_[Zea_mays]|0.89|0.88	GO:0004867|GO:0005576
PRED|XP_035823172.1_uncharacterized_protein_[Zea_mays]|0.62|0.76	GO:0008285
PRED|XP_035826288.1_glycoprotein_hormone_alpha_subunit_isoform_X2_[Aplysia_californica]|0.76|0.87	GO:0005615|GO:0007166|GO:0051427
PRED|XP_035826289.1_glycoprotein_hormone_alpha_subunit_isoform_X2_[Aplysia_californica]|0.76|0.87	GO:0005615|GO:0007166|GO:0051427
PRED|XP_035826909.1_protein_jagged-1b-like_[Aplysia_californica]|0.82|0.9	GO:0005886|GO:0007154|GO:0007219|GO:0007411|GO:0009986|GO:0016020|GO:0043235
PRED|XP_035827186.1_ADP-ribosyl_cyclase/cyclic_ADP-ribose_hydrolase-like_[Aplysia_californica]|0.86|0.82	GO:0061809
PRED|XP_035828060.1_low-density_lipoprotein_receptor-related_protein_8_[Aplysia_californica]|0.94|0.85	GO:0005515
PRED|XP_036009149.1_secretoglobin_family_2B_member_19_isoform_X2_[Mus_musculus]|0.64|0.74	GO:0005615
PRED|XP_036009544.1_ARL14_effector_protein-like_[Mus_musculus]|0.89|0.9	GO:0043231
PRED|XP_036009558.1_non-histone_chromosomal_protein_HMG-17-like_[Mus_musculus]|0.61|0.73	GO:0000785|GO:0003682|GO:0005634|GO:0006325|GO:0031492
PRED|XP_036009733.1_C-C_motif_chemokine_25_isoform_X6_[Mus_musculus]|0.94|0.72	GO:0005576|GO:0006955|GO:0008009
PRED|XP_036009734.1_C-C_motif_chemokine_25_isoform_X6_[Mus_musculus]|0.94|0.72	GO:0005576|GO:0006955|GO:0008009
PRED|XP_036009735.1_C-C_motif_chemokine_25_isoform_X6_[Mus_musculus]|0.94|0.72	GO:0005576|GO:0006955|GO:0008009
PRED|XP_036009736.1_C-C_motif_chemokine_25_isoform_X6_[Mus_musculus]|0.94|0.72	GO:0005576|GO:0006955|GO:0008009
PRED|XP_036009737.1_C-C_motif_chemokine_25_isoform_X6_[Mus_musculus]|0.94|0.72	GO:0005576|GO:0006955|GO:0008009
PRED|XP_036009738.1_C-C_motif_chemokine_25_isoform_X6_[Mus_musculus]|0.94|0.72	GO:0005576|GO:0006955|GO:0008009
PRED|XP_036009739.1_C-C_motif_chemokine_25_isoform_X6_[Mus_musculus]|0.94|0.72	GO:0005576|GO:0006955|GO:0008009
PRED|XP_036009740.1_C-C_motif_chemokine_25_isoform_X6_[Mus_musculus]|0.94|0.72	GO:0005576|GO:0006955|GO:0008009
PRED|XP_036009741.1_C-C_motif_chemokine_25_isoform_X6_[Mus_musculus]|0.94|0.72	GO:0005576|GO:0006955|GO:0008009
PRED|XP_036013671.1_non-histone_chromosomal_protein_HMG-17-like_[Mus_musculus]|0.93|0.79	GO:0000785|GO:0003682|GO:0005634|GO:0006325|GO:0031492
PRED|XP_036014166.1_ubiquitin-40S_ribosomal_protein_S27a-like_[Mus_musculus]|0.87|0.84	GO:0003735|GO:0005840|GO:0006412
PRED|XP_036014779.1_inactive_ribonuclease-like_protein_10_isoform_X1_[Mus_musculus]|0.71|0.83	GO:0003676|GO:0050830
PRED|XP_036015513.1_bone_marrow_proteoglycan_isoform_X1_[Mus_musculus]|0.95|0.86	GO:0006955
PRED|XP_036015529.1_lymphocyte_antigen_6_complex_locus_G6G_isoform_X1_[Mus_musculus]|0.57|0.88	GO:0005886
PRED|XP_036016094.1_40S_ribosomal_protein_S21-like_[Mus_musculus]|0.81|0.73	GO:0003735|GO:0005840|GO:0006412
PRED|XP_036018284.1_proteoglycan_3_isoform_X1_[Mus_musculus]|0.99|0.83	GO:0006955
PRED|XP_036019421.1_C-C_motif_chemokine_21b_isoform_X1_[Mus_musculus]|0.99|0.76	GO:0005576|GO:0006955|GO:0008009
PRED|XP_036019728.1_phospholipase_A2_group_V_isoform_X1_[Mus_musculus]|0.7|0.85	GO:0004623|GO:0005509|GO:0005543|GO:0006644|GO:0016042|GO:0042130|GO:0047498|GO:0050482
PRED|XP_037866891.1_RING-box_protein_2_[Bombyx_mori]|0.96|0.82	GO:0008270
PRED|XP_037867323.1_eclosion_hormone_isoform_X1_[Bombyx_mori]|0.95|0.92	GO:0007218|GO:0008255|GO:0018990
PRED|XP_037868872.1_bombyxin_G-1-like_isoform_X1_[Bombyx_mori]|0.83|0.74	GO:0005179|GO:0005576
PRED|XP_037869978.1_bombyxin_A-6-like_[Bombyx_mori]|0.73|0.89	GO:0005179|GO:0005576|GO:0005615|GO:0008083
PRED|XP_037869981.1_bombyxin_B-12_[Bombyx_mori]|0.88|0.84	GO:0005179|GO:0005576|GO:0005615|GO:0008083
PRED|XP_037871407.1_U8-agatoxin-Ao1a_isoform_X7_[Bombyx_mori]|0.92|0.94	GO:0005576|GO:0008200
PRED|XP_037871818.2_chorion_class_high-cysteine_HCB_protein_12-like_[Bombyx_mori]|0.71|0.94	GO:0005213|GO:0007275|GO:0007304|GO:0042600
PRED|XP_037872101.1_chorion_class_high-cysteine_HCB_protein_12-like_isoform_X2_[Bombyx_mori]|0.6|0.93	GO:0005213|GO:0007275|GO:0007304|GO:0042600
PRED|XP_037872211.1_chorion_class_A_protein_L12-like_[Bombyx_mori]|0.79|0.92	GO:0005213|GO:0007275|GO:0007304|GO:0042600
PRED|XP_037872238.1_chorion_class_A_protein_L12-like_[Bombyx_mori]|0.74|0.94	GO:0005213|GO:0007275|GO:0007304|GO:0042600
PRED|XP_037873010.1_odorant-binding_protein_1_isoform_X1_[Bombyx_mori]|0.66|0.79	GO:0005549|GO:0005576|GO:0007608|GO:0035275|GO:0042048
PRED|XP_037875158.1_acylphosphatase-2_[Bombyx_mori]|0.59|0.77	GO:0003998
PRED|XP_037875159.1_acylphosphatase-2_[Bombyx_mori]|0.59|0.77	GO:0003998
PRED|XP_037876390.1_trypsin_inhibitor-like_[Bombyx_mori]|0.96|0.89	GO:0004867|GO:0005615
PRED|XP_037876391.1_trypsin_inhibitor-like_[Bombyx_mori]|0.96|0.89	GO:0004867|GO:0005615
PRED|XP_037876985.1_lysozyme-like_protein_1_isoform_X2_[Bombyx_mori]|1.0|0.75	GO:0003796
PRED|XP_037901587.1_Ribosomal_protein_L39_[Giardia_intestinalis]|0.66|0.9	GO:0003735|GO:0005840|GO:0006412
PRED|XP_038934109.1_cytochrome_c_oxidase_subunit_7C_mitochondrial-like_[Rattus_norvegicus]|0.59|0.72	GO:0006123|GO:0045277
PRED|XP_038934368.1_lysozyme_C-1_isoform_X1_[Rattus_norvegicus]|1.0|0.79	GO:0003796
PRED|XP_038935704.1_ly6-C_antigen_like_1_isoform_X2_[Rattus_norvegicus]|0.76|0.75	GO:0005886|GO:0030550|GO:0033130|GO:0095500
PRED|XP_038935706.1_ly6-C_antigen_like_1_isoform_X3_[Rattus_norvegicus]|0.81|0.74	GO:0005886|GO:0030550|GO:0033130|GO:0095500
PRED|XP_038935708.1_ly6-C_antigen_like_1_isoform_X3_[Rattus_norvegicus]|0.81|0.75	GO:0005886|GO:0030550|GO:0033130|GO:0095500
PRED|XP_038935809.1_prostate_stem_cell_antigen_isoform_X3_[Rattus_norvegicus]|0.74|0.71	GO:0005886
PRED|XP_038936552.1_lymphocyte_antigen_6D-like_[Rattus_norvegicus]|0.95|0.93	GO:0005886
PRED|XP_038936576.1_prostate_and_testis_expressed_protein_2_isoform_X1_[Rattus_norvegicus]|0.63|0.74	GO:0005615
PRED|XP_038937744.1_lysozyme-like_protein_4_isoform_X1_[Rattus_norvegicus]|0.98|0.83	GO:0001669|GO:0003796|GO:0007342|GO:0036126
PRED|XP_038937914.1_dermokine_isoform_X3_[Rattus_norvegicus]|0.98|0.75	GO:0005615|GO:1903575
PRED|XP_038941644.1_group_10_secretory_phospholipase_A2_isoform_X2_[Rattus_norvegicus]|0.75|0.89	GO:0004623|GO:0005509|GO:0005543|GO:0006644|GO:0016042|GO:0043433|GO:0047498
PRED|XP_038941647.1_group_10_secretory_phospholipase_A2_isoform_X2_[Rattus_norvegicus]|0.75|0.89	GO:0004623|GO:0005509|GO:0005543|GO:0006644|GO:0016042|GO:0043433|GO:0047498
PRED|XP_038941649.1_group_10_secretory_phospholipase_A2_isoform_X2_[Rattus_norvegicus]|0.75|0.82	GO:0004623|GO:0005509|GO:0005543|GO:0006644|GO:0016042|GO:0043433|GO:0047498
PRED|XP_038941650.1_group_10_secretory_phospholipase_A2_isoform_X2_[Rattus_norvegicus]|0.75|0.89	GO:0004623|GO:0005509|GO:0005543|GO:0006644|GO:0016042|GO:0043433|GO:0047498
PRED|XP_038941652.1_group_10_secretory_phospholipase_A2_isoform_X2_[Rattus_norvegicus]|0.75|0.88	GO:0004623|GO:0005509|GO:0005543|GO:0006644|GO:0016042|GO:0043433|GO:0047498
PRED|XP_038941654.1_group_10_secretory_phospholipase_A2_isoform_X2_[Rattus_norvegicus]|0.75|0.89	GO:0004623|GO:0005509|GO:0005543|GO:0006644|GO:0016042|GO:0043433|GO:0047498
PRED|XP_038941659.1_group_10_secretory_phospholipase_A2_isoform_X2_[Rattus_norvegicus]|0.75|0.89	GO:0004623|GO:0005509|GO:0005543|GO:0006644|GO:0016042|GO:0043433|GO:0047498
PRED|XP_038943281.1_ubiquitin-like_FUBI-ribosomal_protein_eS30_fusion_protein_[Rattus_norvegicus]|0.81|0.81	GO:0003735|GO:0005840|GO:0006412|GO:0022627
PRED|XP_038943510.1_cytochrome_b-c1_complex_subunit_10-like_[Rattus_norvegicus]|0.8|0.88	GO:0005743|GO:0006122
PRED|XP_038944673.1_non-histone_chromosomal_protein_HMG-17-like_partial_[Rattus_norvegicus]|0.83|0.78	GO:0000785|GO:0003682|GO:0005634|GO:0006325|GO:0031492
PRED|XP_038945914.2_paired_immunoglobulin-like_type_2_receptor_beta-2_isoform_X7_[Rattus_norvegicus]|0.54|0.73	GO:0042288
PRED|XP_038947436.1_large_ribosomal_subunit_protein_eL37-like_[Rattus_norvegicus]|0.71|0.86	GO:0003723|GO:0003735|GO:0005840|GO:0006412|GO:0022625
PRED|XP_038948924.1_vascular_endothelial_growth_factor_B_isoform_X4_[Rattus_norvegicus]|0.57|0.86	GO:0001666|GO:0001934|GO:0001938|GO:0002040|GO:0005172|GO:0005615|GO:0008083|GO:0038084|GO:0042056|GO:0045766|GO:0048010|GO:0050930|GO:0060754
PRED|XP_038949670.2_protein_transport_protein_Sec61_subunit_gamma-like_[Rattus_norvegicus]|0.87|0.9	GO:0006605|GO:0006886|GO:0008320|GO:0015031|GO:0016020
PRED|XP_038950017.1_sperm_associated_antigen_11b-like_isoform_X1_[Rattus_norvegicus]|0.79|0.83	GO:0005576|GO:0061844
PRED|XP_038950895.1_ubiquitin-like_protein_FUBI_[Rattus_norvegicus]|0.99|0.89	GO:0003735|GO:0005840|GO:0006412|GO:0022627
PRED|XP_038950934.1_sperm-associated_antigen_11B_[Rattus_norvegicus]|1.0|0.86	GO:0005576|GO:0061844
PRED|XP_038951327.1_interleukin-2_receptor_subunit_alpha_isoform_X1_[Rattus_norvegicus]|0.84|0.7	GO:0004911|GO:0006954|GO:0019976
PRED|XP_038951908.1_lysozyme-like_protein_2_isoform_X1_[Rattus_norvegicus]|0.99|0.91	GO:0003796
PRED|XP_038953395.1_chymotrypsinogen_B_isoform_X1_[Rattus_norvegicus]|0.57|0.82	GO:0004252|GO:0006508
PRED|XP_038955201.1_large_ribosomal_subunit_protein_eL39-like_[Rattus_norvegicus]|0.69|0.91	GO:0003735|GO:0005840|GO:0006412|GO:0022625
PRED|XP_038955785.1_ADP-ribose_glycohydrolase_MACROD1_isoform_X4_[Rattus_norvegicus]|0.57|0.71	GO:0005654|GO:0006974|GO:0042278|GO:0140291|GO:0140293
PRED|XP_038955829.1_ADP-ribose_glycohydrolase_MACROD1_isoform_X5_[Rattus_norvegicus]|0.57|0.77	GO:0005654|GO:0006974|GO:0042278|GO:0140291|GO:0140293
PRED|XP_038955867.1_ADP-ribose_glycohydrolase_MACROD1_isoform_X7_[Rattus_norvegicus]|0.56|0.76	GO:0005654|GO:0006974|GO:0042278|GO:0140291|GO:0140293
PRED|XP_038956522.1_large_ribosomal_subunit_protein_eL39-like_[Rattus_norvegicus]|0.83|0.87	GO:0003735|GO:0005840|GO:0006412|GO:0022625
PRED|XP_038957029.1_ubiquitin-like_FUBI-ribosomal_protein_eS30_fusion_protein_[Rattus_norvegicus]|0.99|0.83	GO:0003735|GO:0005840|GO:0006412|GO:0022627
PRED|XP_038957064.1_ubiquitin-like_FUBI-ribosomal_protein_eS30_fusion_protein_[Rattus_norvegicus]|1.0|0.89	GO:0003735|GO:0005840|GO:0006412|GO:0022627
PRED|XP_038957092.1_ubiquitin-like_FUBI-ribosomal_protein_eS30_fusion_protein_[Rattus_norvegicus]|0.99|0.84	GO:0003735|GO:0005840|GO:0006412|GO:0022627
PRED|XP_038959276.1_ribosomal_biogenesis_factor-like_[Rattus_norvegicus]|0.64|0.71	GO:0005730|GO:0042254
PRED|XP_038959289.1_protein_transport_protein_Sec61_subunit_gamma-like_[Rattus_norvegicus]|0.56|0.89	GO:0006605|GO:0006886|GO:0008320|GO:0015031|GO:0016020
PRED|XP_038959873.2_glyceraldehyde-3-phosphate_dehydrogenase-like_[Rattus_norvegicus]|0.75|0.77	GO:0004365|GO:0005829|GO:0006096|GO:0016620
PRED|XP_038961982.1_large_ribosomal_subunit_protein_eL39-like_[Rattus_norvegicus]|0.78|0.91	GO:0003735|GO:0005840|GO:0006412|GO:0022625
PRED|XP_038962506.1_H/ACA_ribonucleoprotein_complex_subunit_3-like_[Rattus_norvegicus]|0.71|0.85	GO:0001522|GO:0030515|GO:0031118|GO:0031120|GO:0031429|GO:0042254|GO:0070034|GO:1904874
PRED|XP_038962998.1_protransforming_growth_factor_alpha_isoform_X1_[Rattus_norvegicus]|0.5|0.77	GO:0005154|GO:0005615|GO:0007173|GO:0008083|GO:0008284|GO:0045840
PRED|XP_038963005.1_pleiotrophin_isoform_X3_[Rattus_norvegicus]|1.0|0.89	GO:0005576|GO:0008083
PRED|XP_038963094.1_trypsin-4_isoform_X1_[Rattus_norvegicus]|0.52|0.7	GO:0004252|GO:0005615|GO:0006508
PRED|XP_038965296.1_group_IIC_secretory_phospholipase_A2_isoform_X1_[Rattus_norvegicus]|0.75|0.92	GO:0004623|GO:0005102|GO:0005509|GO:0005543|GO:0006633|GO:0006644|GO:0016042|GO:0047498|GO:0048146
PRED|XP_038965297.1_group_IIC_secretory_phospholipase_A2_isoform_X1_[Rattus_norvegicus]|0.75|0.92	GO:0004623|GO:0005102|GO:0005509|GO:0005543|GO:0006633|GO:0006644|GO:0016042|GO:0047498|GO:0048146
PRED|XP_038965307.1_phospholipase_A2_membrane_associated_isoform_X1_[Rattus_norvegicus]|1.0|0.92	GO:0004623|GO:0005509|GO:0005543|GO:0006644|GO:0016042|GO:0042130|GO:0047498
PRED|XP_038966577.1_tumor_necrosis_factor_receptor_superfamily_member_9_isoform_X3_[Rattus_norvegicus]|0.78|0.94	GO:0005515|GO:0038023|GO:0042127
PRED|XP_038967071.1_low-density_lipoprotein_receptor_class_A_domain-containing_protein_1_isoform_X4_[Rattus_norvegicus]|0.78|0.82	GO:0005515
PRED|XP_039683386.1_metallothionein-like_protein_4A_[Medicago_truncatula]|0.56|0.92	GO:0008270
PRED|XP_039683807.1_cellular_nucleic_acid-binding_protein-like_[Medicago_truncatula]|0.64|0.8	GO:0003676|GO:0008270
PRED|XP_039684059.1_proteinase_inhibitor_[Medicago_truncatula]|0.54|0.79	GO:0004867|GO:0009611
PRED|XP_039684292.1_uncharacterized_protein_[Medicago_truncatula]|0.6|0.87	GO:0005504|GO:0009627
PRED|XP_039686545.1_non-specific_lipid-transfer_protein_8_[Medicago_truncatula]|0.98|0.93	GO:0006869|GO:0008289
PRED|XP_039687771.1_40S_ribosomal_protein_S19-2_[Medicago_truncatula]|0.78|0.76	GO:0000028|GO:0003723|GO:0003735|GO:0005840|GO:0006412|GO:0022627
PRED|XP_039687895.1_non-specific_lipid-transfer_protein_A_[Medicago_truncatula]|0.61|0.79	GO:0006869|GO:0008289
PRED|XP_039687959.1_non-specific_lipid-transfer_protein_[Medicago_truncatula]|0.77|0.8	GO:0006869|GO:0008289
PRED|XP_039687960.1_non-specific_lipid-transfer_protein_[Medicago_truncatula]|0.77|0.81	GO:0006869|GO:0008289
PRED|XP_039687961.1_non-specific_lipid-transfer_protein_[Medicago_truncatula]|0.84|0.81	GO:0006869|GO:0008289
PRED|XP_039687962.1_non-specific_lipid-transfer_protein_[Medicago_truncatula]|0.84|0.73	GO:0006869|GO:0008289
PRED|XP_039687963.1_non-specific_lipid-transfer_protein_[Medicago_truncatula]|0.84|0.75	GO:0006869|GO:0008289
PRED|XP_039687964.1_non-specific_lipid-transfer_protein_[Medicago_truncatula]|0.79|0.81	GO:0006869|GO:0008289
PRED|XP_039687965.1_non-specific_lipid-transfer_protein_[Medicago_truncatula]|0.82|0.81	GO:0006869|GO:0008289
PRED|XP_039687966.1_non-specific_lipid-transfer_protein_[Medicago_truncatula]|0.83|0.82	GO:0006869|GO:0008289
PRED|XP_039687967.1_non-specific_lipid-transfer_protein_[Medicago_truncatula]|0.57|0.82	GO:0006869|GO:0008289
PRED|XP_039687968.1_non-specific_lipid-transfer_protein_[Medicago_truncatula]|0.8|0.81	GO:0006869|GO:0008289
PRED|XP_039687969.1_non-specific_lipid-transfer_protein_[Medicago_truncatula]|0.79|0.81	GO:0006869|GO:0008289
PRED|XP_039687970.1_non-specific_lipid-transfer_protein_[Medicago_truncatula]|0.8|0.81	GO:0006869|GO:0008289
PRED|XP_039687971.1_non-specific_lipid-transfer_protein_[Medicago_truncatula]|0.82|0.83	GO:0006869|GO:0008289
PRED|XP_039687987.1_probable_metal-nicotianamine_transporter_YSL5_[Medicago_truncatula]|0.62|0.78	GO:0016020|GO:0035673
PRED|XP_039688822.1_non-specific_lipid-transfer_protein_[Medicago_truncatula]|1.0|0.93	GO:0006869|GO:0008289
PRED|XP_039689717.1_non-specific_lipid-transfer_protein_isoform_X3_[Medicago_truncatula]|1.0|0.93	GO:0006869|GO:0008289
PRED|XP_039689984.1_zinc_finger_CCCH_domain-containing_protein_15_[Medicago_truncatula]|0.81|0.72	GO:0003729|GO:0046872
PRED|XP_039690358.1_non-specific_lipid-transfer_protein_[Medicago_truncatula]|0.66|0.9	GO:0006869|GO:0008289
PRED|XP_040016568.1_mitoregulin-like_[Gasterosteus_aculeatus_aculeatus]|0.9|0.81	GO:0005743|GO:0010918|GO:0051284
PRED|XP_040016569.1_mitoregulin-like_[Gasterosteus_aculeatus_aculeatus]|0.9|0.81	GO:0005743|GO:0010918|GO:0051284
PRED|XP_040016783.1_FAU_ubiquitin_like_and_ribosomal_protein_S30_fusion_a_[Gasterosteus_aculeatus_aculeatus]|0.98|0.84	GO:0003735|GO:0005840|GO:0006412|GO:0022627
PRED|XP_040017590.1_galanin_peptides-like_isoform_X1_[Gasterosteus_aculeatus_aculeatus]|0.73|0.7	GO:0005179|GO:0005184|GO:0005576|GO:0005615|GO:0007218|GO:0030141|GO:0031763
PRED|XP_040017593.1_galanin_peptides-like_isoform_X1_[Gasterosteus_aculeatus_aculeatus]|0.73|0.7	GO:0005179|GO:0005184|GO:0005576|GO:0005615|GO:0007218|GO:0030141|GO:0031763
PRED|XP_040017594.1_galanin_peptides-like_isoform_X1_[Gasterosteus_aculeatus_aculeatus]|0.73|0.7	GO:0005179|GO:0005184|GO:0005576|GO:0005615|GO:0007218|GO:0030141|GO:0031763
PRED|XP_040017596.1_histone_H3-like_[Gasterosteus_aculeatus_aculeatus]|0.52|0.7	GO:0000786|GO:0003677|GO:0030527|GO:0046982
PRED|XP_040017597.1_histone_H3-like_[Gasterosteus_aculeatus_aculeatus]|0.52|0.7	GO:0000786|GO:0003677|GO:0030527|GO:0046982
PRED|XP_040017598.1_histone_H3_[Gasterosteus_aculeatus_aculeatus]|0.52|0.7	GO:0000786|GO:0003677|GO:0030527|GO:0046982
PRED|XP_040017603.1_histone_H2B_1/2-like_[Gasterosteus_aculeatus_aculeatus]|0.99|0.86	GO:0000786|GO:0003677|GO:0030527|GO:0046982
PRED|XP_040017604.1_histone_H2B_1/2-like_[Gasterosteus_aculeatus_aculeatus]|0.99|0.86	GO:0000786|GO:0003677|GO:0030527|GO:0046982
PRED|XP_040017605.1_histone_H2B_1/2-like_[Gasterosteus_aculeatus_aculeatus]|0.99|0.85	GO:0000786|GO:0003677|GO:0030527|GO:0046982
PRED|XP_040017606.1_histone_H2B_1/2-like_[Gasterosteus_aculeatus_aculeatus]|0.99|0.86	GO:0000786|GO:0003677|GO:0030527|GO:0046982
PRED|XP_040017608.1_histone_H4_[Gasterosteus_aculeatus_aculeatus]|0.95|0.84	GO:0003677|GO:0030527|GO:0046982
PRED|XP_040017609.1_histone_H4_[Gasterosteus_aculeatus_aculeatus]|0.95|0.84	GO:0003677|GO:0030527|GO:0046982
PRED|XP_040017610.1_histone_H4_[Gasterosteus_aculeatus_aculeatus]|0.95|0.84	GO:0003677|GO:0030527|GO:0046982
PRED|XP_040017611.1_histone_H4_[Gasterosteus_aculeatus_aculeatus]|0.95|0.84	GO:0003677|GO:0030527|GO:0046982
PRED|XP_040017740.1_histone_H2B_1/2-like_[Gasterosteus_aculeatus_aculeatus]|1.0|0.87	GO:0000786|GO:0003677|GO:0030527|GO:0046982
PRED|XP_040017788.1_histone_H2B_1/2-like_[Gasterosteus_aculeatus_aculeatus]|0.99|0.85	GO:0000786|GO:0003677|GO:0030527|GO:0046982
PRED|XP_040018581.1_histone_H3-like_[Gasterosteus_aculeatus_aculeatus]|0.52|0.7	GO:0000786|GO:0003677|GO:0030527|GO:0046982
PRED|XP_040018586.1_histone_H2B_1/2-like_[Gasterosteus_aculeatus_aculeatus]|0.99|0.86	GO:0000786|GO:0003677|GO:0030527|GO:0046982
PRED|XP_040018587.1_histone_H2B_1/2-like_[Gasterosteus_aculeatus_aculeatus]|0.99|0.86	GO:0000786|GO:0003677|GO:0030527|GO:0046982
PRED|XP_040018589.1_histone_H2B_[Gasterosteus_aculeatus_aculeatus]|1.0|0.86	GO:0000786|GO:0003677|GO:0030527|GO:0046982
PRED|XP_040018590.1_histone_H4_[Gasterosteus_aculeatus_aculeatus]|0.95|0.84	GO:0003677|GO:0030527|GO:0046982
PRED|XP_040018591.1_histone_H4_[Gasterosteus_aculeatus_aculeatus]|0.95|0.83	GO:0003677|GO:0030527|GO:0046982
PRED|XP_040018594.1_histone_H3-like_[Gasterosteus_aculeatus_aculeatus]|0.52|0.7	GO:0000786|GO:0003677|GO:0030527|GO:0046982
PRED|XP_040018595.1_histone_H4_[Gasterosteus_aculeatus_aculeatus]|0.95|0.84	GO:0003677|GO:0030527|GO:0046982
PRED|XP_040018939.1_histone_H3-like_[Gasterosteus_aculeatus_aculeatus]|0.52|0.7	GO:0000786|GO:0003677|GO:0030527|GO:0046982
PRED|XP_040018945.1_histone_H2B-like_[Gasterosteus_aculeatus_aculeatus]|0.99|0.84	GO:0000786|GO:0003677|GO:0030527|GO:0046982
PRED|XP_040018946.1_histone_H2B_1/2-like_[Gasterosteus_aculeatus_aculeatus]|0.99|0.86	GO:0000786|GO:0003677|GO:0030527|GO:0046982
PRED|XP_040018947.1_histone_H4_[Gasterosteus_aculeatus_aculeatus]|0.95|0.84	GO:0003677|GO:0030527|GO:0046982
PRED|XP_040018948.1_histone_H4_[Gasterosteus_aculeatus_aculeatus]|0.95|0.84	GO:0003677|GO:0030527|GO:0046982
PRED|XP_040019212.1_IGFBP_domain-containing_protein_[Gasterosteus_aculeatus_aculeatus]|0.65|0.75	GO:0005576
PRED|XP_040019270.1_histone_H2B_1/2-like_[Gasterosteus_aculeatus_aculeatus]|0.99|0.86	GO:0000786|GO:0003677|GO:0030527|GO:0046982
PRED|XP_040019271.1_histone_H2B_1/2-like_[Gasterosteus_aculeatus_aculeatus]|0.99|0.86	GO:0000786|GO:0003677|GO:0030527|GO:0046982
PRED|XP_040019272.1_histone_H4_[Gasterosteus_aculeatus_aculeatus]|0.95|0.84	GO:0003677|GO:0030527|GO:0046982
PRED|XP_040019292.1_histone_H2B_1.2-like_[Gasterosteus_aculeatus_aculeatus]|0.99|0.86	GO:0000786|GO:0003677|GO:0030527|GO:0046982
PRED|XP_040019293.1_histone_H2B_1/2-like_[Gasterosteus_aculeatus_aculeatus]|0.99|0.86	GO:0000786|GO:0003677|GO:0030527|GO:0046982
PRED|XP_040019294.1_histone_H2B_1/2-like_[Gasterosteus_aculeatus_aculeatus]|0.99|0.86	GO:0000786|GO:0003677|GO:0030527|GO:0046982
PRED|XP_040019295.1_histone_H4_[Gasterosteus_aculeatus_aculeatus]|0.95|0.77	GO:0003677|GO:0030527|GO:0046982
PRED|XP_040019297.1_histone_H3-like_[Gasterosteus_aculeatus_aculeatus]|0.69|0.77	GO:0003677|GO:0030527|GO:0046982
PRED|XP_040019559.1_C-C_motif_chemokine_4-like_[Gasterosteus_aculeatus_aculeatus]|0.9|0.82	GO:0005576|GO:0006955|GO:0008009
PRED|XP_040019625.1_histone_H3-like_[Gasterosteus_aculeatus_aculeatus]|0.52|0.7	GO:0000786|GO:0003677|GO:0030527|GO:0046982
PRED|XP_040019627.1_histone_H2B_1/2-like_[Gasterosteus_aculeatus_aculeatus]|0.99|0.86	GO:0000786|GO:0003677|GO:0030527|GO:0046982
PRED|XP_040019629.1_histone_H4_[Gasterosteus_aculeatus_aculeatus]|0.95|0.82	GO:0003677|GO:0030527|GO:0046982
PRED|XP_040019656.1_midkine_b_[Gasterosteus_aculeatus_aculeatus]|1.0|0.86	GO:0008083
PRED|XP_040019657.1_chemokine-like_protein_TAFA-5_[Gasterosteus_aculeatus_aculeatus]|0.9|0.85	GO:0001664|GO:0005615|GO:0007186|GO:0048018
PRED|XP_040019668.1_calcitonin_gene-related_peptide-like_isoform_X2_[Gasterosteus_aculeatus_aculeatus]|0.81|0.84	GO:0005179|GO:0005576|GO:0005615|GO:0007189|GO:0031716|GO:0051480
PRED|XP_040019669.1_calcitonin_gene-related_peptide-like_isoform_X3_[Gasterosteus_aculeatus_aculeatus]|0.86|0.84	GO:0005179|GO:0005576|GO:0005615|GO:0007189|GO:0031716|GO:0051480
PRED|XP_040019670.1_calcitonin_gene-related_peptide-like_isoform_X2_[Gasterosteus_aculeatus_aculeatus]|0.81|0.84	GO:0005179|GO:0005576|GO:0005615|GO:0007189|GO:0031716|GO:0051480
PRED|XP_040019711.1_histone_H2B_1/2-like_[Gasterosteus_aculeatus_aculeatus]|0.99|0.86	GO:0000786|GO:0003677|GO:0030527|GO:0046982
PRED|XP_040019748.1_histone_H3-like_[Gasterosteus_aculeatus_aculeatus]|0.69|0.77	GO:0003677|GO:0030527|GO:0046982
PRED|XP_040019749.1_C-C_motif_chemokine_4-like_[Gasterosteus_aculeatus_aculeatus]|0.99|0.82	GO:0005576|GO:0006955|GO:0008009
PRED|XP_040019750.1_C-C_motif_chemokine_4-like_[Gasterosteus_aculeatus_aculeatus]|0.99|0.82	GO:0005576|GO:0006955|GO:0008009
PRED|XP_040019751.1_C-C_motif_chemokine_4-like_[Gasterosteus_aculeatus_aculeatus]|0.99|0.82	GO:0005576|GO:0006955|GO:0008009
PRED|XP_040019753.1_C-C_motif_chemokine_4-like_[Gasterosteus_aculeatus_aculeatus]|0.98|0.88	GO:0005576|GO:0006955|GO:0008009
PRED|XP_040019860.1_histone_H3-like_[Gasterosteus_aculeatus_aculeatus]|0.52|0.7	GO:0000786|GO:0003677|GO:0030527|GO:0046982
PRED|XP_040019863.1_histone_H2B-like_[Gasterosteus_aculeatus_aculeatus]|0.99|0.86	GO:0000786|GO:0003677|GO:0030527|GO:0046982
PRED|XP_040019865.1_histone_H2B-like_[Gasterosteus_aculeatus_aculeatus]|0.99|0.86	GO:0000786|GO:0003677|GO:0030527|GO:0046982
PRED|XP_040019866.1_histone_H4_[Gasterosteus_aculeatus_aculeatus]|0.95|0.84	GO:0003677|GO:0030527|GO:0046982
PRED|XP_040019867.1_histone_H4_[Gasterosteus_aculeatus_aculeatus]|0.95|0.84	GO:0003677|GO:0030527|GO:0046982
PRED|XP_040019868.1_histone_H4_[Gasterosteus_aculeatus_aculeatus]|0.95|0.81	GO:0003677|GO:0030527|GO:0046982
PRED|XP_040020343.1_von_Willebrand_factor_D_and_EGF_domain-containing_protein_[Gasterosteus_aculeatus_aculeatus]|0.89|0.94	GO:0005102|GO:0005576|GO:0009986|GO:0048856
PRED|XP_040020631.1_hepcidin-1_isoform_X1_[Gasterosteus_aculeatus_aculeatus]|0.99|0.89	GO:0005576|GO:0006879
PRED|XP_040020632.1_hepcidin-1_isoform_X2_[Gasterosteus_aculeatus_aculeatus]|0.99|0.89	GO:0005576|GO:0006879
PRED|XP_040021247.1_hematopoietic_cell_signal_transducer_isoform_X2_[Gasterosteus_aculeatus_aculeatus]|0.93|0.78	GO:0005102|GO:0016020|GO:0043548|GO:0050776|GO:0051897
PRED|XP_040021248.1_hematopoietic_cell_signal_transducer_isoform_X2_[Gasterosteus_aculeatus_aculeatus]|0.93|0.73	GO:0005102|GO:0016020|GO:0043548|GO:0050776|GO:0051897
PRED|XP_040021249.1_hematopoietic_cell_signal_transducer_isoform_X2_[Gasterosteus_aculeatus_aculeatus]|0.93|0.78	GO:0005102|GO:0016020|GO:0043548|GO:0050776|GO:0051897
PRED|XP_040021917.1_40S_ribosomal_protein_S19_[Gasterosteus_aculeatus_aculeatus]|0.84|0.71	GO:0000028|GO:0003723|GO:0003735|GO:0005840|GO:0006412|GO:0022627
PRED|XP_040022265.1_chymotrypsin-like_protease_CTRL-1_[Gasterosteus_aculeatus_aculeatus]|0.69|0.75	GO:0004252|GO:0006508
PRED|XP_040022266.1_trypsin-3-like_[Gasterosteus_aculeatus_aculeatus]|0.63|0.82	GO:0004252|GO:0005615|GO:0006508
PRED|XP_040022703.1_C-C_motif_chemokine_20b_[Gasterosteus_aculeatus_aculeatus]|0.97|0.83	GO:0005576|GO:0006955|GO:0008009
PRED|XP_040022996.1_uncharacterized_protein_LOC120811582_[Gasterosteus_aculeatus_aculeatus]|0.54|0.78	GO:0005102|GO:0006954|GO:0050994
PRED|XP_040023864.1_otospiralin_[Gasterosteus_aculeatus_aculeatus]|0.66|0.78	GO:0007605
PRED|XP_040024263.1_galanin_peptides-like_isoform_X1_[Gasterosteus_aculeatus_aculeatus]|0.63|0.7	GO:0005179|GO:0005184|GO:0005576|GO:0005615|GO:0007218|GO:0030141|GO:0031763
PRED|XP_040024264.1_galanin_peptides-like_isoform_X1_[Gasterosteus_aculeatus_aculeatus]|0.63|0.7	GO:0005179|GO:0005184|GO:0005576|GO:0005615|GO:0007218|GO:0030141|GO:0031763
PRED|XP_040024266.1_histone_H3-like_[Gasterosteus_aculeatus_aculeatus]|0.52|0.7	GO:0000786|GO:0003677|GO:0030527|GO:0046982
PRED|XP_040024268.1_histone_H3-like_[Gasterosteus_aculeatus_aculeatus]|0.52|0.7	GO:0000786|GO:0003677|GO:0030527|GO:0046982
PRED|XP_040024270.1_histone_H2B_1/2-like_[Gasterosteus_aculeatus_aculeatus]|0.99|0.86	GO:0000786|GO:0003677|GO:0030527|GO:0046982
PRED|XP_040024271.1_histone_H2B_1/2-like_[Gasterosteus_aculeatus_aculeatus]|0.99|0.86	GO:0000786|GO:0003677|GO:0030527|GO:0046982
PRED|XP_040024272.1_histone_H2B_1/2-like_[Gasterosteus_aculeatus_aculeatus]|0.99|0.86	GO:0000786|GO:0003677|GO:0030527|GO:0046982
PRED|XP_040024273.1_histone_H4_[Gasterosteus_aculeatus_aculeatus]|0.95|0.83	GO:0003677|GO:0030527|GO:0046982
PRED|XP_040024274.1_histone_H4_[Gasterosteus_aculeatus_aculeatus]|0.95|0.84	GO:0003677|GO:0030527|GO:0046982
PRED|XP_040024275.1_C-C_motif_chemokine_3-like_[Gasterosteus_aculeatus_aculeatus]|0.98|0.87	GO:0005576|GO:0006955|GO:0008009
PRED|XP_040024278.1_histone_H2B_1/2-like_[Gasterosteus_aculeatus_aculeatus]|0.99|0.86	GO:0000786|GO:0003677|GO:0030527|GO:0046982
PRED|XP_040024285.1_C-C_motif_chemokine_4-like_[Gasterosteus_aculeatus_aculeatus]|0.99|0.82	GO:0005576|GO:0006955|GO:0008009
PRED|XP_040024286.1_C-C_motif_chemokine_4-like_[Gasterosteus_aculeatus_aculeatus]|0.99|0.82	GO:0005576|GO:0006955|GO:0008009
PRED|XP_040024658.1_histone_H3-like_[Gasterosteus_aculeatus_aculeatus]|0.52|0.7	GO:0000786|GO:0003677|GO:0030527|GO:0046982
PRED|XP_040024662.1_histone_H4_[Gasterosteus_aculeatus_aculeatus]|0.95|0.84	GO:0003677|GO:0030527|GO:0046982
PRED|XP_040024663.1_histone_H2B_1/2-like_[Gasterosteus_aculeatus_aculeatus]|0.99|0.86	GO:0000786|GO:0003677|GO:0030527|GO:0046982
PRED|XP_040024665.1_histone_H2B_[Gasterosteus_aculeatus_aculeatus]|1.0|0.86	GO:0000786|GO:0003677|GO:0030527|GO:0046982
PRED|XP_040024666.1_histone_H4_[Gasterosteus_aculeatus_aculeatus]|0.95|0.84	GO:0003677|GO:0030527|GO:0046982
PRED|XP_040024667.1_histone_H3-like_[Gasterosteus_aculeatus_aculeatus]|0.69|0.78	GO:0003677|GO:0030527|GO:0046982
PRED|XP_040024880.1_histone_H2B_1/2-like_[Gasterosteus_aculeatus_aculeatus]|0.99|0.82	GO:0000786|GO:0003677|GO:0030527|GO:0046982
PRED|XP_040024973.1_histone_H2B_1/2-like_[Gasterosteus_aculeatus_aculeatus]|0.99|0.86	GO:0000786|GO:0003677|GO:0030527|GO:0046982
PRED|XP_040025005.1_cocaine-_and_amphetamine-regulated_transcript-like_[Gasterosteus_aculeatus_aculeatus]|0.99|0.83	GO:0005615|GO:0007186|GO:0008343|GO:0009267|GO:0032099|GO:0043410
PRED|XP_040025301.1_histone_H3-like_[Gasterosteus_aculeatus_aculeatus]|0.52|0.7	GO:0000786|GO:0003677|GO:0030527|GO:0046982
PRED|XP_040025303.1_histone_H2B_1/2-like_[Gasterosteus_aculeatus_aculeatus]|0.99|0.85	GO:0000786|GO:0003677|GO:0030527|GO:0046982
PRED|XP_040025304.1_histone_H4_[Gasterosteus_aculeatus_aculeatus]|0.95|0.82	GO:0003677|GO:0030527|GO:0046982
PRED|XP_040025439.1_C-X-C_motif_chemokine_13-like_[Gasterosteus_aculeatus_aculeatus]|0.99|0.85	GO:0005576|GO:0006955|GO:0008009
PRED|XP_040025454.1_interleukin-8_[Gasterosteus_aculeatus_aculeatus]|1.0|0.77	GO:0005576|GO:0006955|GO:0008009
PRED|XP_040025531.1_histone_H3-like_[Gasterosteus_aculeatus_aculeatus]|0.52|0.7	GO:0000786|GO:0003677|GO:0030527|GO:0046982
PRED|XP_040025581.1_histone_H4_[Gasterosteus_aculeatus_aculeatus]|0.95|0.84	GO:0003677|GO:0030527|GO:0046982
PRED|XP_040025639.1_histone_H2B_[Gasterosteus_aculeatus_aculeatus]|0.99|0.88	GO:0000786|GO:0003677|GO:0030527|GO:0046982
PRED|XP_040025640.1_histone_H4_[Gasterosteus_aculeatus_aculeatus]|0.96|0.83	GO:0003677|GO:0030527|GO:0046982
PRED|XP_040025870.1_ALK_and_LTK_ligand_2_isoform_X2_[Gasterosteus_aculeatus_aculeatus]|0.73|0.83	GO:0030298|GO:0030971|GO:0070374|GO:0070378
PRED|XP_040025872.1_ALK_and_LTK_ligand_2_isoform_X2_[Gasterosteus_aculeatus_aculeatus]|0.73|0.82	GO:0030298|GO:0030971|GO:0070374|GO:0070378
PRED|XP_040027434.1_relaxin-3-like_[Gasterosteus_aculeatus_aculeatus]|0.91|0.85	GO:0001664|GO:0005179|GO:0005576
PRED|XP_040027520.1_late_histone_H2B.L4_[Gasterosteus_aculeatus_aculeatus]|0.96|0.77	GO:0000786|GO:0003677|GO:0030527|GO:0046982
PRED|XP_040027973.1_C-C_motif_chemokine_20a.3_[Gasterosteus_aculeatus_aculeatus]|0.72|0.91	GO:0005576|GO:0006955|GO:0008009
PRED|XP_040028340.1_apolipoprotein_D-like_[Gasterosteus_aculeatus_aculeatus]|0.73|0.72	GO:0000302|GO:0005737|GO:0006629
PRED|XP_040029277.1_NADH_dehydrogenase_[ubiquinone]_1_alpha_subcomplex_subunit_1_[Gasterosteus_aculeatus_aculeatus]|0.94|0.9	GO:0005747
PRED|XP_040029476.1_apelin_isoform_X1_[Gasterosteus_aculeatus_aculeatus]|1.0|0.81	GO:0005179|GO:0007165|GO:0031704
PRED|XP_040029793.1_somatostatin_1.2_[Gasterosteus_aculeatus_aculeatus]|0.52|0.81	GO:0005179|GO:0005576
PRED|XP_040030031.1_NADH_dehydrogenase_[ubiquinone]_1_subunit_C1_mitochondrial_[Gasterosteus_aculeatus_aculeatus]|0.77|0.83	GO:0005739|GO:0005747|GO:0045271
PRED|XP_040030032.1_NADH_dehydrogenase_[ubiquinone]_1_subunit_C1_mitochondrial_[Gasterosteus_aculeatus_aculeatus]|0.77|0.84	GO:0005739|GO:0005747|GO:0045271
PRED|XP_040030807.1_growth-regulated_alpha_protein-like_isoform_X1_[Gasterosteus_aculeatus_aculeatus]|0.88|0.87	GO:0005576|GO:0006955|GO:0008009
PRED|XP_040030808.1_growth-regulated_alpha_protein-like_isoform_X2_[Gasterosteus_aculeatus_aculeatus]|0.86|0.83	GO:0005576|GO:0006955|GO:0008009
PRED|XP_040030809.1_growth-regulated_alpha_protein-like_isoform_X3_[Gasterosteus_aculeatus_aculeatus]|0.86|0.83	GO:0005576|GO:0006955|GO:0008009
PRED|XP_040030810.1_growth-regulated_alpha_protein-like_isoform_X4_[Gasterosteus_aculeatus_aculeatus]|0.82|0.78	GO:0005576|GO:0006955|GO:0008009
PRED|XP_040030811.1_C-X-C_motif_chemokine_9-like_isoform_X5_[Gasterosteus_aculeatus_aculeatus]|0.94|0.88	GO:0005576|GO:0006955|GO:0008009
PRED|XP_040030812.1_C-X-C_motif_chemokine_9-like_isoform_X6_[Gasterosteus_aculeatus_aculeatus]|0.87|0.77	GO:0005576|GO:0006955|GO:0008009
PRED|XP_040030813.1_growth-regulated_alpha_protein-like_isoform_X1_[Gasterosteus_aculeatus_aculeatus]|0.77|0.82	GO:0005576|GO:0006955|GO:0008009
PRED|XP_040031341.1_pleiotrophin_[Gasterosteus_aculeatus_aculeatus]|0.96|0.73	GO:0008083
PRED|XP_040031555.1_trypsin_inhibitor_ClTI-1-like_[Gasterosteus_aculeatus_aculeatus]|0.96|0.83	GO:0004867
PRED|XP_040031588.1_C-X-C_motif_chemokine_14_[Gasterosteus_aculeatus_aculeatus]|0.98|0.91	GO:0005576|GO:0006955|GO:0008009
PRED|XP_040031590.1_C-X-C_motif_chemokine_14_[Gasterosteus_aculeatus_aculeatus]|0.98|0.91	GO:0005576|GO:0006955|GO:0008009
PRED|XP_040031885.1_H3_histone_family_3D_[Gasterosteus_aculeatus_aculeatus]|0.5|0.74	GO:0000786|GO:0003677|GO:0030527|GO:0046982
PRED|XP_040033301.1_dynein_light_chain_Tctex-type_3-like_[Gasterosteus_aculeatus_aculeatus]|0.96|0.81	GO:0005737|GO:0005868|GO:0007018|GO:0045505
PRED|XP_040033514.1_histone_H3.3A_[Gasterosteus_aculeatus_aculeatus]|0.5|0.74	GO:0000786|GO:0003677|GO:0030527|GO:0046982
PRED|XP_040034392.1_echinoderm_microtubule-associated_protein-like_6_[Gasterosteus_aculeatus_aculeatus]|0.9|0.83	GO:0008017
PRED|XP_040034394.1_echinoderm_microtubule-associated_protein-like_6_[Gasterosteus_aculeatus_aculeatus]|0.9|0.84	GO:0008017
PRED|XP_040034492.1_cystatin-C-like_[Gasterosteus_aculeatus_aculeatus]|1.0|0.8	GO:0004869|GO:0005615|GO:0005737|GO:0031982|GO:2000117
PRED|XP_040034522.1_chemokine_(C-X-C_motif)_ligand_12a_(stromal_cell-derived_factor_1)_isoform_X1_[Gasterosteus_aculeatus_aculeatus]|0.99|0.92	GO:0005576|GO:0006955|GO:0008009
PRED|XP_040034523.1_chemokine_(C-X-C_motif)_ligand_12a_(stromal_cell-derived_factor_1)_isoform_X2_[Gasterosteus_aculeatus_aculeatus]|0.99|0.93	GO:0005576|GO:0006955|GO:0008009
PRED|XP_040035031.1_cystatin-F_[Gasterosteus_aculeatus_aculeatus]|0.55|0.72	GO:0004869|GO:0005615|GO:0005764|GO:0005770|GO:0005783|GO:0005794|GO:0006955|GO:0031643|GO:0097340|GO:1903979
PRED|XP_040035068.1_ubiquitin-40S_ribosomal_protein_S27a_[Gasterosteus_aculeatus_aculeatus]|0.73|0.77	GO:0003735|GO:0005840|GO:0006412
PRED|XP_040035606.1_C-X-C_motif_chemokine_19_[Gasterosteus_aculeatus_aculeatus]|0.99|0.88	GO:0005576|GO:0006955|GO:0008009
PRED|XP_040035608.1_growth-regulated_alpha_protein-like_[Gasterosteus_aculeatus_aculeatus]|0.93|0.87	GO:0005576|GO:0006955|GO:0008009
PRED|XP_040035613.1_C-type_natriuretic_peptide_2_[Gasterosteus_aculeatus_aculeatus]|0.77|0.85	GO:0005179|GO:0005576
PRED|XP_040035614.1_C-type_natriuretic_peptide_2_[Gasterosteus_aculeatus_aculeatus]|0.77|0.84	GO:0005179|GO:0005576
PRED|XP_040035623.1_C-C_motif_chemokine_4_homolog_[Gasterosteus_aculeatus_aculeatus]|1.0|0.9	GO:0005576|GO:0006955|GO:0008009
PRED|XP_040035730.1_glycoprotein_hormone_beta-5_[Gasterosteus_aculeatus_aculeatus]|0.89|0.91	GO:0002155|GO:0005179|GO:0005576|GO:0005615|GO:0005737|GO:0007186
PRED|XP_040035749.1_melanoma-derived_growth_regulatory_protein_[Gasterosteus_aculeatus_aculeatus]|0.58|0.72	GO:0030198
PRED|XP_040036943.1_cytochrome_c_oxidase_subunit_7B_mitochondrial_[Gasterosteus_aculeatus_aculeatus]|0.53|0.85	GO:0006123
PRED|XP_040037812.1_histone_H2A.Z_[Gasterosteus_aculeatus_aculeatus]|0.72|0.73	GO:0046982
PRED|XP_040038060.1_H3_histone_family_3C_[Gasterosteus_aculeatus_aculeatus]|0.5|0.74	GO:0000786|GO:0003677|GO:0030527|GO:0046982
PRED|XP_040038460.1_midkine_a_[Gasterosteus_aculeatus_aculeatus]|0.99|0.9	GO:0008083
PRED|XP_040038467.1_midkine_a_[Gasterosteus_aculeatus_aculeatus]|0.99|0.9	GO:0008083
PRED|XP_040038861.1_liver-expressed_antimicrobial_peptide_2_isoform_X1_[Gasterosteus_aculeatus_aculeatus]|0.99|0.93	GO:0042742|GO:0061844
PRED|XP_040038862.1_liver-expressed_antimicrobial_peptide_2_isoform_X2_[Gasterosteus_aculeatus_aculeatus]|0.99|0.93	GO:0042742|GO:0061844
PRED|XP_040039175.1_histone_H3-like_[Gasterosteus_aculeatus_aculeatus]|0.52|0.7	GO:0000786|GO:0003677|GO:0030527|GO:0046982
PRED|XP_040039381.1_serine_protease_57-like_isoform_X1_[Gasterosteus_aculeatus_aculeatus]|0.55|0.78	GO:0004252
PRED|XP_040039382.1_serine_protease_57-like_isoform_X2_[Gasterosteus_aculeatus_aculeatus]|0.53|0.81	GO:0004252
PRED|XP_040039920.1_insulin-like_5a_[Gasterosteus_aculeatus_aculeatus]|0.93|0.72	GO:0001664|GO:0005179|GO:0005576
PRED|XP_040040324.1_ubiquitin-60S_ribosomal_protein_L40_[Gasterosteus_aculeatus_aculeatus]|0.92|0.88	GO:0006412
PRED|XP_040040585.1_C-C_motif_chemokine_25b_[Gasterosteus_aculeatus_aculeatus]|1.0|0.86	GO:0005576|GO:0006955|GO:0008009
PRED|XP_040040873.1_C-type_natriuretic_peptide_[Gasterosteus_aculeatus_aculeatus]|0.98|0.74	GO:0005179|GO:0005576|GO:0006182|GO:0007168
PRED|XP_040041686.1_lysozyme_g-like_isoform_X1_[Gasterosteus_aculeatus_aculeatus]|0.95|0.75	GO:0003796|GO:0005576|GO:0009253|GO:0050830
PRED|XP_040041688.1_lysozyme_g-like_isoform_X2_[Gasterosteus_aculeatus_aculeatus]|0.99|0.78	GO:0003796|GO:0005576|GO:0009253|GO:0050830
PRED|XP_040043060.1_chemokine_(C-X-C_motif)_ligand_12b_(stromal_cell-derived_factor_1)_[Gasterosteus_aculeatus_aculeatus]|1.0|0.93	GO:0005576|GO:0006955|GO:0008009
PRED|XP_040045200.1_cocaine-_and_amphetamine-regulated_transcript_4_[Gasterosteus_aculeatus_aculeatus]|0.95|0.88	GO:0005615|GO:0007186|GO:0008343|GO:0009267|GO:0032099|GO:0043410
PRED|XP_040045358.1_trypsin-like_[Gasterosteus_aculeatus_aculeatus]|0.78|0.76	GO:0004252|GO:0005615|GO:0006508
PRED|XP_040046426.1_relaxin-3a_[Gasterosteus_aculeatus_aculeatus]|0.92|0.74	GO:0001664|GO:0005179|GO:0005576
PRED|XP_040047129.1_uncharacterized_protein_C16orf52_homolog_B_[Gasterosteus_aculeatus_aculeatus]|0.62|0.7	GO:0005794|GO:0045879|GO:0060170
PRED|XP_040048632.1_chemokine-like_protein_TAFA-4_[Gasterosteus_aculeatus_aculeatus]|0.66|0.8	GO:0005615|GO:0048018
PRED|XP_040048989.1_histone_H3.3A_[Gasterosteus_aculeatus_aculeatus]|0.5|0.73	GO:0000786|GO:0003677|GO:0030527|GO:0046982
PRED|XP_040049153.1_natriuretic_peptide_A-like_[Gasterosteus_aculeatus_aculeatus]|0.6|0.83	GO:0005179|GO:0005576|GO:0006182|GO:0007168
PRED|XP_040049359.1_NADH_dehydrogenase_[ubiquinone]_1_alpha_subcomplex_subunit_4-like_2_[Gasterosteus_aculeatus_aculeatus]|0.55|0.89	GO:0005751
PRED|XP_040050257.1_cortistatin_[Gasterosteus_aculeatus_aculeatus]|0.63|0.82	GO:0005179|GO:0005576
PRED|XP_040050318.1_endothelin-3-like_isoform_X2_[Gasterosteus_aculeatus_aculeatus]|0.6|0.8	GO:0003100|GO:0005179|GO:0005576|GO:0005615|GO:0006874|GO:0014826|GO:0019229|GO:0031708|GO:0060585
PRED|XP_040050623.1_C-X-C_motif_chemokine_13_[Gasterosteus_aculeatus_aculeatus]|0.99|0.88	GO:0005576|GO:0006955|GO:0008009
PRED|XP_040051410.1_C-C_motif_chemokine_27a_[Gasterosteus_aculeatus_aculeatus]|0.89|0.77	GO:0005576|GO:0006955|GO:0008009
PRED|XP_040051985.1_calcitonin/calcitonin-related_polypeptide_alpha_[Gasterosteus_aculeatus_aculeatus]|0.63|0.83	GO:0005179|GO:0005576|GO:0005615|GO:0007189|GO:0031716|GO:0051480
PRED|XP_040052748.1_C-C_motif_chemokine_21-like_[Gasterosteus_aculeatus_aculeatus]|0.86|0.86	GO:0005576|GO:0006955|GO:0008009
PRED|XP_040053902.1_phospholipase_A2-like_[Gasterosteus_aculeatus_aculeatus]|0.94|0.88	GO:0004623|GO:0005509|GO:0005543|GO:0006644|GO:0016042|GO:0047498
PRED|XP_040054423.1_liver-expressed_antimicrobial_peptide_2-like_[Gasterosteus_aculeatus_aculeatus]|0.99|0.93	GO:0042742|GO:0061844
PRED|XP_040054537.1_lysozyme_C-like_[Gasterosteus_aculeatus_aculeatus]|1.0|0.9	GO:0003796
PRED|XP_040058291.1_norrin_[Gasterosteus_aculeatus_aculeatus]|0.67|0.78	GO:0005109|GO:0005125|GO:0005615|GO:0016055|GO:0045893|GO:0062023|GO:0110135
PRED|XP_040058292.1_norrin_[Gasterosteus_aculeatus_aculeatus]|0.67|0.78	GO:0005109|GO:0005125|GO:0005615|GO:0016055|GO:0045893|GO:0062023|GO:0110135
PRED|XP_040058293.1_norrin_[Gasterosteus_aculeatus_aculeatus]|0.67|0.78	GO:0005109|GO:0005125|GO:0005615|GO:0016055|GO:0045893|GO:0062023|GO:0110135
PRED|XP_040058702.1_reactive_oxygen_species_modulator_1_[Gasterosteus_aculeatus_aculeatus]|0.99|0.84	GO:0005744|GO:0030150|GO:0045039
PRED|XP_040059386.1_mitochondrial_import_receptor_subunit_TOM6_homolog_isoform_X2_[Gasterosteus_aculeatus_aculeatus]|0.71|0.74	GO:0005742
PRED|XP_040060819.1_guanylin-like_[Gasterosteus_aculeatus_aculeatus]|0.9|0.79	GO:0005576|GO:0030250
PRED|XP_040060897.1_chemokine-like_protein_TAFA-4b_[Gasterosteus_aculeatus_aculeatus]|0.78|0.9	GO:0005615|GO:0048018
PRED|XP_040060898.1_chemokine-like_protein_TAFA-4b_[Gasterosteus_aculeatus_aculeatus]|0.78|0.91	GO:0005615|GO:0048018
PRED|XP_040515071.1_histone_H2B_5_[Gallus_gallus]|1.0|0.86	GO:0000786|GO:0003677|GO:0030527|GO:0046982
PRED|XP_040515072.1_histone_H2B_5_[Gallus_gallus]|1.0|0.86	GO:0000786|GO:0003677|GO:0030527|GO:0046982
PRED|XP_040515073.1_histone_H2B_5_[Gallus_gallus]|1.0|0.86	GO:0000786|GO:0003677|GO:0030527|GO:0046982
PRED|XP_040515218.1_chemokine-like_protein_TAFA-5_isoform_X1_[Gallus_gallus]|0.66|0.85	GO:0001664|GO:0005615|GO:0007186|GO:0048018
PRED|XP_040515219.1_chemokine-like_protein_TAFA-5_isoform_X2_[Gallus_gallus]|0.86|0.83	GO:0001664|GO:0005615|GO:0007186|GO:0048018
PRED|XP_040515646.1_trefoil_factor_2_[Gallus_gallus]|1.0|0.94	GO:0005615|GO:0030277
PRED|XP_040516411.1_histone_H2B_1/2/3/4/6_isoform_X3_[Gallus_gallus]|1.0|0.87	GO:0000786|GO:0003677|GO:0030527|GO:0046982
PRED|XP_040516417.1_histone_H2A-IV_[Gallus_gallus]|1.0|0.7	GO:0000786|GO:0003677|GO:0030527|GO:0046982
PRED|XP_040516423.2_histone_H2B_1/2/3/4/6_[Gallus_gallus]|1.0|0.87	GO:0000786|GO:0003677|GO:0030527|GO:0046982
PRED|XP_040516424.1_histone_H2B_1/2/3/4/6_[Gallus_gallus]|1.0|0.87	GO:0000786|GO:0003677|GO:0030527|GO:0046982
PRED|XP_040516425.1_histone_H4_[Gallus_gallus]|0.95|0.82	GO:0003677|GO:0030527|GO:0046982
PRED|XP_040516426.1_histone_H4_[Gallus_gallus]|0.95|0.84	GO:0003677|GO:0030527|GO:0046982
PRED|XP_040516429.1_histone_H4_[Gallus_gallus]|0.95|0.84	GO:0003677|GO:0030527|GO:0046982
PRED|XP_040517238.1_lysozyme_g_[Gallus_gallus]|0.6|0.75	GO:0003796|GO:0005576|GO:0050830
PRED|XP_040517239.1_lysozyme_g_isoform_X2_[Gallus_gallus]|0.95|0.8	GO:0003796|GO:0005576|GO:0009253|GO:0050830
PRED|XP_040517598.1_trypsin_I-P1-like_[Gallus_gallus]|0.7|0.74	GO:0004252|GO:0005615|GO:0006508
PRED|XP_040517599.1_trypsin_I-P1-like_[Gallus_gallus]|0.8|0.79	GO:0004252|GO:0005615|GO:0006508
PRED|XP_040517603.1_trypsin_I-P1-like_isoform_X2_[Gallus_gallus]|0.85|0.75	GO:0004252|GO:0005615|GO:0006508
PRED|XP_040521136.1_prostate_stem_cell_antigen_[Gallus_gallus]|0.94|0.81	GO:0005886
PRED|XP_040521139.1_lymphocyte_antigen_6E-like_[Gallus_gallus]|0.94|0.86	GO:0005886|GO:0030550
PRED|XP_040521140.1_lymphocyte_antigen_6E_[Gallus_gallus]|0.74|0.86	GO:0005886|GO:0030550
PRED|XP_040521141.2_lymphocyte_antigen_6E_[Gallus_gallus]|1.0|0.89	GO:0005886|GO:0030550
PRED|XP_040525364.1_apelin_[Gallus_gallus]|0.8|0.78	GO:0005179|GO:0005615|GO:0007165|GO:0031704
PRED|XP_040526745.1_serine_protease_inhibitor_Kazal-type_2_isoform_X1_[Gallus_gallus]|0.99|0.77	GO:0004867
PRED|XP_040526841.1_growth-regulated_alpha_protein_isoform_X2_[Gallus_gallus]|0.78|0.78	GO:0005576|GO:0006955|GO:0008009
PRED|XP_040527589.1_neurophysin_1_[Gallus_gallus]|0.92|0.75	GO:0005184|GO:0005185|GO:0005576|GO:0005615|GO:0030141|GO:0031894
PRED|XP_040527974.1_glycoprotein_hormone_beta-5_[Gallus_gallus]|0.87|0.91	GO:0002155|GO:0005179|GO:0005576|GO:0005615|GO:0005737|GO:0007186
PRED|XP_040534646.1_C-type_natriuretic_peptide_[Gallus_gallus]|0.99|0.87	GO:0005179|GO:0005576|GO:0006182|GO:0007168
PRED|XP_040538108.1_prokineticin-2_[Gallus_gallus]|0.99|0.77	GO:0001935
PRED|XP_040538569.2_ovomucoid-like_[Gallus_gallus]|1.0|0.9	GO:0004867
PRED|XP_040541388.1_orexigenic_neuropeptide_QRFP-like_[Gallus_gallus]|0.94|0.7	GO:0005184|GO:0007218|GO:0007610|GO:0031854
PRED|XP_040543086.1_C-C_motif_chemokine_3-like_1_[Gallus_gallus]|0.53|0.8	GO:0005576|GO:0005615|GO:0006954|GO:0006955|GO:0008009|GO:0030335|GO:0043547|GO:0048020|GO:0048245|GO:0060326|GO:0061844|GO:0070098
PRED|XP_040543089.1_C-C_motif_chemokine_3_[Gallus_gallus]|1.0|0.78	GO:0005576|GO:0005615|GO:0006954|GO:0006955|GO:0008009|GO:0030335|GO:0043547|GO:0048020|GO:0048245|GO:0060326|GO:0061844|GO:0070098
PRED|XP_040543094.1_C-C_motif_chemokine_3_[Gallus_gallus]|0.99|0.81	GO:0005576|GO:0005615|GO:0006954|GO:0006955|GO:0008009|GO:0030335|GO:0043547|GO:0048020|GO:0048245|GO:0060326|GO:0061844|GO:0070098
PRED|XP_040543095.1_C-C_motif_chemokine_3_[Gallus_gallus]|1.0|0.79	GO:0005576|GO:0005615|GO:0006954|GO:0006955|GO:0008009|GO:0030335|GO:0043547|GO:0048020|GO:0048245|GO:0060326|GO:0061844|GO:0070098
PRED|XP_040545451.1_histone_H2A.V_isoform_X1_[Gallus_gallus]|0.54|0.81	GO:0046982
PRED|XP_040546534.1_histone_H2A_[Gallus_gallus]|0.99|0.71	GO:0000786|GO:0003677|GO:0030527|GO:0046982
PRED|XP_040548733.1_uncharacterized_protein_LOC100859819_isoform_X3_[Gallus_gallus]|0.55|0.84	GO:0005615|GO:0007186|GO:0008343|GO:0009267|GO:0032099|GO:0043410
PRED|XP_040548735.2_cocaine-_and_amphetamine-regulated_transcript_protein_isoform_X7_[Gallus_gallus]|0.7|0.86	GO:0005615|GO:0007186|GO:0008343|GO:0009267|GO:0032099|GO:0043410
PRED|XP_040549755.1_pro-glucagon_[Gallus_gallus]|0.7|0.78	GO:0005179|GO:0005576|GO:0005615|GO:0007188|GO:0010737|GO:0031769|GO:0035774|GO:0043066
PRED|XP_040550868.1_histone_H3.3A_[Gallus_gallus]|0.5|0.73	GO:0000786|GO:0003677|GO:0030527|GO:0046982
PRED|XP_040551002.1_FXYD_domain-containing_ion_transport_regulator_3-like_partial_[Gallus_gallus]|0.81|0.71	GO:0016020|GO:0043269|GO:0099106
PRED|XP_040862647.1_non-cyanogenic_beta-glucosidase_isoform_X1_[Glycine_max]|0.9|0.74	GO:0004553|GO:0005975
PRED|XP_040865501.1_uncharacterized_protein_[Glycine_max]|0.89|0.71	GO:0003676|GO:0043231
PRED|XP_040865802.1_expansin-A4_isoform_X1_[Glycine_max]|0.96|0.7	GO:0005576|GO:0009664
PRED|XP_040867141.1_40S_ribosomal_protein_S30_[Glycine_max]|0.95|0.89	GO:0003735|GO:0005840|GO:0006412|GO:0022627
PRED|XP_040867722.1_UDP-glucose_4-epimerase_GEPI42_[Glycine_max]|0.7|0.79	GO:0003978|GO:0005829|GO:0005996
PRED|XP_040867832.1_protein_RALF-like_33_[Glycine_max]|0.57|0.89	GO:0009506|GO:0019722
PRED|XP_040868238.1_V-type_proton_ATPase_subunit_e1_[Glycine_max]|0.94|0.71	GO:0033179|GO:0046961|GO:0055085|GO:1902600
PRED|XP_040870140.1_GATA_transcription_factor_16_[Glycine_max]|0.91|0.73	GO:0006355|GO:0008270|GO:0043565
PRED|XP_040870158.1_histone_H2AX_[Glycine_max]|0.79|0.7	GO:0000786|GO:0003677|GO:0030527|GO:0046982
PRED|XP_040870995.1_basic_blue_protein_[Glycine_max]|0.91|0.87	GO:0005886|GO:0009055
PRED|XP_040873511.1_uncharacterized_protein_[Glycine_max]|0.64|0.87	GO:0006869|GO:0008289
PRED|XP_042187957.1_insulin-like_growth_factor-binding_protein_3_[Callorhinchus_milii]|0.72|0.81	GO:0001968|GO:0005615|GO:0031994|GO:0031995|GO:0043567
PRED|XP_042189246.1_p53_apoptosis_effector_related_to_PMP-22_[Callorhinchus_milii]|0.89|0.72	GO:0005911|GO:0098609
PRED|XP_042189249.1_histone_H3.3A_[Callorhinchus_milii]|0.5|0.74	GO:0000786|GO:0003677|GO:0030527|GO:0046982
PRED|XP_042190264.1_cytochrome_c_oxidase_assembly_factor_5_[Callorhinchus_milii]|0.96|0.73	GO:0005739|GO:0033617
PRED|XP_042190554.1_lysozyme_C_milk_isozyme_[Callorhinchus_milii]|1.0|0.93	GO:0003796
PRED|XP_042190856.1_late_histone_H2B.L4-like_[Callorhinchus_milii]|1.0|0.82	GO:0000786|GO:0003677|GO:0030527|GO:0046982
PRED|XP_042191777.1_late_histone_H2B.L4-like_[Callorhinchus_milii]|1.0|0.82	GO:0000786|GO:0003677|GO:0030527|GO:0046982
PRED|XP_042192239.1_C-C_motif_chemokine_28-like_[Callorhinchus_milii]|0.84|0.91	GO:0005576|GO:0006955|GO:0008009
PRED|XP_042192757.1_trypsin_inhibitor_ClTI-1-like_[Callorhinchus_milii]|0.94|0.77	GO:0004867
PRED|XP_042193015.1_stromal_cell-derived_factor_1-like_[Callorhinchus_milii]|1.0|0.8	GO:0005576|GO:0006955|GO:0008009
PRED|XP_042193630.1_interleukin-8-like_[Callorhinchus_milii]|0.95|0.83	GO:0005576|GO:0006955|GO:0008009
PRED|XP_042193805.1_interleukin-8-like_[Callorhinchus_milii]|0.88|0.9	GO:0005576|GO:0006955|GO:0008009
PRED|XP_042193810.1_apelin_receptor_early_endogenous_ligand_[Callorhinchus_milii]|0.9|0.93	GO:0007507|GO:0031704|GO:0060183
PRED|XP_042195338.1_CCHC-type_zinc_finger_nucleic_acid_binding_protein_b_isoform_X1_[Callorhinchus_milii]|0.61|0.9	GO:0003676|GO:0008270
PRED|XP_042195339.1_CCHC-type_zinc_finger_nucleic_acid_binding_protein_b_isoform_X1_[Callorhinchus_milii]|0.61|0.9	GO:0003676|GO:0008270
PRED|XP_042195340.1_CCHC-type_zinc_finger_nucleic_acid_binding_protein_b_isoform_X3_[Callorhinchus_milii]|0.73|0.93	GO:0003676|GO:0008270
PRED|XP_042196227.1_uncharacterized_protein_LOC103176192_[Callorhinchus_milii]|0.56|0.9	GO:0005184|GO:0005576|GO:0005615|GO:0007218|GO:0008343|GO:0009755|GO:0031779|GO:0070996|GO:2000253
PRED|XP_042196333.1_metallothionein-like_isoform_X1_[Callorhinchus_milii]|0.75|0.87	GO:0046872
PRED|XP_042196334.1_metallothionein-like_isoform_X2_[Callorhinchus_milii]|0.79|0.89	GO:0046872
PRED|XP_042196335.1_metallothionein-like_isoform_X4_[Callorhinchus_milii]|0.93|0.88	GO:0046872
PRED|XP_042197225.1_interleukin-8-like_isoform_X1_[Callorhinchus_milii]|1.0|0.88	GO:0005576|GO:0006955|GO:0008009
PRED|XP_042197309.1_midkine_a_[Callorhinchus_milii]|1.0|0.92	GO:0008083
PRED|XP_042197446.1_fibroblast_growth_factor-binding_protein_1-like_[Callorhinchus_milii]|0.89|0.72	GO:0007267|GO:0019838
PRED|XP_042197780.1_agouti_signaling_protein_1_isoform_X2_[Callorhinchus_milii]|0.79|0.82	GO:0005184|GO:0005576|GO:0005615|GO:0009755|GO:0031779|GO:0032438
PRED|XP_042198275.1_histone_H3.3A_[Callorhinchus_milii]|0.5|0.74	GO:0000786|GO:0003677|GO:0030527|GO:0046982
PRED|XP_042198529.1_ubiquitin-60S_ribosomal_protein_L40_isoform_X1_[Callorhinchus_milii]|0.8|0.86	GO:0006412
PRED|XP_042198955.1_cocaine-_and_amphetamine-regulated_transcript_protein-like_[Callorhinchus_milii]|0.81|0.83	GO:0005615|GO:0007186|GO:0008343|GO:0009267|GO:0032099|GO:0043410
PRED|XP_042199463.1_C-type_natriuretic_peptide_prohormone-like_[Callorhinchus_milii]|0.96|0.83	GO:0005179|GO:0005576
PRED|XP_042200479.1_protransforming_growth_factor_alpha_[Callorhinchus_milii]|0.81|0.77	GO:0005154|GO:0005615|GO:0007173|GO:0008083|GO:0008284|GO:0045840
PRED|XP_042200482.1_profilin-2-like_isoform_X2_[Callorhinchus_milii]|0.62|0.77	GO:0003779|GO:0005737|GO:0030833|GO:0032233
PRED|XP_042200607.1_relaxin-3_isoform_X2_[Callorhinchus_milii]|0.95|0.76	GO:0001664|GO:0005179|GO:0005576
PRED|XP_042200839.1_galanin_peptides-like_isoform_X1_[Callorhinchus_milii]|0.83|0.71	GO:0005179|GO:0005184|GO:0005576|GO:0005615|GO:0007218|GO:0030141|GO:0031763
PRED|XP_042201210.1_ovomucoid_[Callorhinchus_milii]|1.0|0.86	GO:0004867
PRED|XP_042201333.1_histone_H3.3A_[Callorhinchus_milii]|0.5|0.74	GO:0000786|GO:0003677|GO:0030527|GO:0046982
PRED|XP_042201334.1_histone_H3.3A_[Callorhinchus_milii]|0.5|0.74	GO:0000786|GO:0003677|GO:0030527|GO:0046982
PRED|XP_042201418.1_late_histone_H2B.L4-like_[Callorhinchus_milii]|1.0|0.83	GO:0000786|GO:0003677|GO:0030527|GO:0046982
PRED|XP_042201419.1_late_histone_H2B.L4-like_[Callorhinchus_milii]|1.0|0.83	GO:0000786|GO:0003677|GO:0030527|GO:0046982
PRED|XP_042201420.1_late_histone_H2B.L4-like_[Callorhinchus_milii]|1.0|0.83	GO:0000786|GO:0003677|GO:0030527|GO:0046982
PRED|XP_042201424.1_histone_H4_[Callorhinchus_milii]|0.95|0.84	GO:0003677|GO:0030527|GO:0046982
PRED|XP_042201425.1_histone_H4_[Callorhinchus_milii]|0.95|0.77	GO:0003677|GO:0030527|GO:0046982
PRED|XP_042201430.1_late_histone_H2B.L4-like_[Callorhinchus_milii]|1.0|0.83	GO:0000786|GO:0003677|GO:0030527|GO:0046982
PRED|XP_042202150.1_late_histone_H2B.L4-like_[Callorhinchus_milii]|0.71|0.85	GO:0000786|GO:0003677|GO:0030527|GO:0046982
PRED|XP_042202152.1_late_histone_H2B.L4-like_[Callorhinchus_milii]|0.82|0.87	GO:0000786|GO:0003677|GO:0030527|GO:0046982
PRED|XP_042202153.1_histone_H2B_7-like_[Callorhinchus_milii]|0.93|0.88	GO:0000786|GO:0003677|GO:0030527|GO:0046982
PRED|XP_042202156.1_histone_H2B_7-like_[Callorhinchus_milii]|0.91|0.89	GO:0000786|GO:0003677|GO:0030527|GO:0046982
PRED|XP_042202157.1_histone_H2B_7-like_[Callorhinchus_milii]|0.93|0.88	GO:0000786|GO:0003677|GO:0030527|GO:0046982
PRED|XP_042202158.1_late_histone_H2B.L4-like_[Callorhinchus_milii]|0.84|0.86	GO:0000786|GO:0003677|GO:0030527|GO:0046982
PRED|XP_042202400.1_vesicle_transport_protein_SFT2B-like_partial_[Callorhinchus_milii]|0.92|0.88	GO:0016020|GO:0016192
PRED|XP_042202407.1_C-C_motif_chemokine_28-like_[Callorhinchus_milii]|0.9|0.93	GO:0005576|GO:0006955|GO:0008009
PRED|XP_042202712.1_lysozyme_C-1/C-2-like_[Callorhinchus_milii]|0.95|0.79	GO:0003796
PRED|XP_042914500.1_uncharacterized_protein_CHLRE_17g708650v5_[Chlamydomonas_reinhardtii]|0.81|0.74	GO:0003677|GO:0030527|GO:0046982
PRED|XP_042914527.1_uncharacterized_protein_CHLRE_17g710450v5_[Chlamydomonas_reinhardtii]|0.92|0.81	GO:0000786|GO:0003677|GO:0030527|GO:0046982
PRED|XP_042914553.1_uncharacterized_protein_CHLRE_17g711750v5_[Chlamydomonas_reinhardtii]|0.91|0.82	GO:0000786|GO:0003677|GO:0030527|GO:0046982
PRED|XP_042914596.1_uncharacterized_protein_CHLRE_17g714550v5_[Chlamydomonas_reinhardtii]|0.94|0.82	GO:0000786|GO:0003677|GO:0030527|GO:0046982
PRED|XP_042915424.1_uncharacterized_protein_CHLRE_16g649950v5_[Chlamydomonas_reinhardtii]|0.81|0.74	GO:0003677|GO:0030527|GO:0046982
PRED|XP_042916058.1_uncharacterized_protein_CHLRE_16g678150v5_[Chlamydomonas_reinhardtii]|0.65|0.71	GO:0012505
PRED|XP_042917331.1_uncharacterized_protein_CHLRE_13g570000v5_[Chlamydomonas_reinhardtii]|0.74|0.75	GO:0003677|GO:0030527|GO:0046982
PRED|XP_042917734.1_uncharacterized_protein_CHLRE_13g590900v5_[Chlamydomonas_reinhardtii]|0.57|0.91	GO:0005680|GO:0008270|GO:0031145|GO:0061630|GO:0097602
PRED|XP_042917735.1_uncharacterized_protein_CHLRE_13g590900v5_[Chlamydomonas_reinhardtii]|0.57|0.91	GO:0005680|GO:0008270|GO:0031145|GO:0061630|GO:0097602
PRED|XP_042918217.1_uncharacterized_protein_CHLRE_12g505600v5_[Chlamydomonas_reinhardtii]|0.91|0.82	GO:0000786|GO:0003677|GO:0030527|GO:0046982
PRED|XP_042918218.1_uncharacterized_protein_CHLRE_12g505450v5_[Chlamydomonas_reinhardtii]|0.81|0.74	GO:0003677|GO:0030527|GO:0046982
PRED|XP_042918532.1_uncharacterized_protein_CHLRE_12g524800v5_[Chlamydomonas_reinhardtii]|0.74|0.89	GO:0000786|GO:0003677|GO:0006334|GO:0030527
PRED|XP_042920652.1_uncharacterized_protein_CHLRE_10g466000v5_[Chlamydomonas_reinhardtii]|0.75|0.87	GO:0005739|GO:0008535|GO:0042775
PRED|XP_042921156.1_uncharacterized_protein_CHLRE_09g391208v5_[Chlamydomonas_reinhardtii]|0.52|0.77	GO:0005840
PRED|XP_042923555.1_uncharacterized_protein_CHLRE_06g265200v5_[Chlamydomonas_reinhardtii]|0.81|0.74	GO:0003677|GO:0030527|GO:0046982
PRED|XP_042923557.1_uncharacterized_protein_CHLRE_06g265450v5_[Chlamydomonas_reinhardtii]|0.81|0.74	GO:0003677|GO:0030527|GO:0046982
PRED|XP_042923577.1_uncharacterized_protein_CHLRE_06g266600v5_[Chlamydomonas_reinhardtii]|0.81|0.73	GO:0003677|GO:0030527|GO:0046982
PRED|XP_042923652.1_uncharacterized_protein_CHLRE_06g271350v5_[Chlamydomonas_reinhardtii]|0.87|0.7	GO:0000786|GO:0003677|GO:0030527|GO:0046982
PRED|XP_042923653.1_uncharacterized_protein_CHLRE_06g271376v5_[Chlamydomonas_reinhardtii]|0.93|0.77	GO:0000786|GO:0003677|GO:0030527|GO:0046982
PRED|XP_042923688.1_uncharacterized_protein_CHLRE_06g273950v5_[Chlamydomonas_reinhardtii]|0.81|0.74	GO:0003677|GO:0030527|GO:0046982
PRED|XP_042923691.1_uncharacterized_protein_CHLRE_06g274150v5_[Chlamydomonas_reinhardtii]|0.81|0.74	GO:0003677|GO:0030527|GO:0046982
PRED|XP_042923692.1_uncharacterized_protein_CHLRE_06g274200v5_[Chlamydomonas_reinhardtii]|0.75|0.7	GO:0000786|GO:0003677|GO:0030527|GO:0046982
PRED|XP_042923693.1_uncharacterized_protein_CHLRE_06g274300v5_[Chlamydomonas_reinhardtii]|0.81|0.73	GO:0003677|GO:0030527|GO:0046982
PRED|XP_042923713.1_uncharacterized_protein_CHLRE_06g275700v5_[Chlamydomonas_reinhardtii]|0.81|0.74	GO:0003677|GO:0030527|GO:0046982
PRED|XP_042923728.1_uncharacterized_protein_CHLRE_06g276650v5_[Chlamydomonas_reinhardtii]|0.81|0.74	GO:0003677|GO:0030527|GO:0046982
PRED|XP_042923733.1_uncharacterized_protein_CHLRE_06g276800v5_[Chlamydomonas_reinhardtii]|0.81|0.74	GO:0003677|GO:0030527|GO:0046982
PRED|XP_042923734.1_uncharacterized_protein_CHLRE_06g276900v5_[Chlamydomonas_reinhardtii]|0.9|0.82	GO:0000786|GO:0003677|GO:0030527|GO:0046982
PRED|XP_042924711.1_uncharacterized_protein_CHLRE_05g242857v5_[Chlamydomonas_reinhardtii]|0.9|0.92	GO:0016301
PRED|XP_042926401.1_uncharacterized_protein_CHLRE_03g197513v5_[Chlamydomonas_reinhardtii]|0.54|0.73	GO:0016020
PRED|XP_042928202.1_uncharacterized_protein_CHLRE_01g010500v5_[Chlamydomonas_reinhardtii]|0.98|0.86	GO:0005744|GO:0030150|GO:0045039
PRED|XP_046437987.1_serine_protease_inhibitor_dipetalogastin-like_[Daphnia_pulex]|0.96|0.93	GO:0004867
PRED|XP_046438386.1_uncharacterized_protein_LOC124189919_isoform_X1_[Daphnia_pulex]|1.0|0.92	GO:0005576|GO:0008200
PRED|XP_046438387.1_uncharacterized_protein_LOC124189919_isoform_X1_[Daphnia_pulex]|1.0|0.92	GO:0005576|GO:0008200
PRED|XP_046438388.1_uncharacterized_protein_LOC124189919_isoform_X1_[Daphnia_pulex]|1.0|0.92	GO:0005576|GO:0008200
PRED|XP_046438389.1_uncharacterized_protein_LOC124189919_isoform_X1_[Daphnia_pulex]|1.0|0.92	GO:0005576|GO:0008200
PRED|XP_046438390.1_U8-agatoxin-Ao1a-like_isoform_X2_[Daphnia_pulex]|1.0|0.9	GO:0005576|GO:0008200
PRED|XP_046438457.1_histone_H4-like_[Daphnia_pulex]|0.74|0.72	GO:0003677|GO:0030527|GO:0046982
PRED|XP_046439652.1_histone_H2B-like_[Daphnia_pulex]|0.99|0.86	GO:0000786|GO:0003677|GO:0030527|GO:0046982
PRED|XP_046439937.1_CDGSH_iron-sulfur_domain-containing_protein_1-like_isoform_X2_[Daphnia_pulex]|0.68|0.78	GO:0043231|GO:0051537
PRED|XP_046441850.1_uncharacterized_protein_LOC124192534_[Daphnia_pulex]|0.97|0.82	GO:0005576|GO:0008201|GO:0048332
PRED|XP_046442150.1_tissue_inhibitor_of_metalloproteinase-like_[Daphnia_pulex]|0.8|0.77	GO:0002020|GO:0005615|GO:0008191|GO:0010033|GO:0010951|GO:0031012|GO:0051045
PRED|XP_046442358.1_ubiquitin-60S_ribosomal_protein_L40_[Daphnia_pulex]|0.93|0.91	GO:0006412
PRED|XP_046442902.1_histone_H3.3A_[Daphnia_pulex]|0.5|0.74	GO:0000786|GO:0003677|GO:0030527|GO:0046982
PRED|XP_046443297.1_acylphosphatase-1-like_[Daphnia_pulex]|0.79|0.75	GO:0003998
PRED|XP_046443326.1_reactive_oxygen_species_modulator_1-like_[Daphnia_pulex]|0.82|0.88	GO:0005744|GO:0030150|GO:0045039
PRED|XP_046443868.1_BPTI/Kunitz_domain-containing_protein-like_[Daphnia_pulex]|0.99|0.9	GO:0004867
PRED|XP_046446854.1_lysozyme-like_[Daphnia_pulex]|0.8|0.89	GO:0003796
PRED|XP_046447559.1_pupal_cuticle_protein_Edg-78E-like_[Daphnia_pulex]|0.5|0.76	GO:0008010|GO:0062129
PRED|XP_046451277.1_serum_amyloid_A-5_protein-like_[Daphnia_pulex]|0.99|0.86	GO:0005576
PRED|XP_046453006.1_histone_H2B.3-like_[Daphnia_pulex]|1.0|0.85	GO:0000786|GO:0003677|GO:0030527|GO:0046982
PRED|XP_046453775.1_sulfhydryl_oxidase_1-like_[Daphnia_pulex]|0.58|0.78	GO:0000139|GO:0003756|GO:0005615|GO:0006457|GO:0016971
PRED|XP_046457428.1_histone_H2A.V_[Daphnia_pulex]|0.92|0.74	GO:0046982
PRED|XP_046457962.1_histone_H2B.3-like_[Daphnia_pulex]|0.98|0.87	GO:0000786|GO:0003677|GO:0030527|GO:0046982
PRED|XP_046457967.1_histone_H2B.3_[Daphnia_pulex]|1.0|0.88	GO:0000786|GO:0003677|GO:0030527|GO:0046982
PRED|XP_046457968.1_histone_H4_[Daphnia_pulex]|0.96|0.83	GO:0003677|GO:0030527|GO:0046982
PRED|XP_046458092.1_histone_H2B.3-like_[Daphnia_pulex]|0.98|0.87	GO:0000786|GO:0003677|GO:0030527|GO:0046982
PRED|XP_046458096.1_histone_H4_[Daphnia_pulex]|0.96|0.84	GO:0003677|GO:0030527|GO:0046982
PRED|XP_046458099.1_histone_H2B.3_[Daphnia_pulex]|1.0|0.89	GO:0000786|GO:0003677|GO:0030527|GO:0046982
PRED|XP_046458100.1_histone_H4_[Daphnia_pulex]|0.96|0.84	GO:0003677|GO:0030527|GO:0046982
PRED|XP_046458294.1_kunitz-type_serine_protease_inhibitor_TCI-like_[Daphnia_pulex]|0.92|0.76	GO:0004867|GO:0005615
PRED|XP_046458390.1_histone_H4_[Daphnia_pulex]|0.96|0.84	GO:0003677|GO:0030527|GO:0046982
PRED|XP_046458393.1_histone_H2B.3_[Daphnia_pulex]|1.0|0.89	GO:0000786|GO:0003677|GO:0030527|GO:0046982
PRED|XP_046458457.1_histone_H4_[Daphnia_pulex]|0.96|0.77	GO:0003677|GO:0030527|GO:0046982
PRED|XP_046458458.1_histone_H4_[Daphnia_pulex]|0.96|0.83	GO:0003677|GO:0030527|GO:0046982
PRED|XP_046458469.1_histone_H2B.3_[Daphnia_pulex]|1.0|0.89	GO:0000786|GO:0003677|GO:0030527|GO:0046982
PRED|XP_046458470.1_histone_H2B.3_[Daphnia_pulex]|1.0|0.89	GO:0000786|GO:0003677|GO:0030527|GO:0046982
PRED|XP_046458471.1_histone_H2B.3_[Daphnia_pulex]|1.0|0.89	GO:0000786|GO:0003677|GO:0030527|GO:0046982
PRED|XP_046458472.1_histone_H2B.3_[Daphnia_pulex]|1.0|0.89	GO:0000786|GO:0003677|GO:0030527|GO:0046982
PRED|XP_046458474.1_histone_H4_[Daphnia_pulex]|0.96|0.84	GO:0003677|GO:0030527|GO:0046982
PRED|XP_046458475.1_histone_H4_[Daphnia_pulex]|0.96|0.84	GO:0003677|GO:0030527|GO:0046982
PRED|XP_046458504.1_histone_H2B.3_[Daphnia_pulex]|1.0|0.89	GO:0000786|GO:0003677|GO:0030527|GO:0046982
PRED|XP_046458505.1_histone_H4_[Daphnia_pulex]|0.96|0.83	GO:0003677|GO:0030527|GO:0046982
PRED|XP_046458506.1_histone_H4_[Daphnia_pulex]|0.96|0.84	GO:0003677|GO:0030527|GO:0046982
PRED|XP_046458545.1_histone_H2B.3_[Daphnia_pulex]|1.0|0.89	GO:0000786|GO:0003677|GO:0030527|GO:0046982
PRED|XP_046458546.1_histone_H4_[Daphnia_pulex]|0.96|0.84	GO:0003677|GO:0030527|GO:0046982
PRED|XP_046458605.1_histone_H2B.3_[Daphnia_pulex]|1.0|0.89	GO:0000786|GO:0003677|GO:0030527|GO:0046982
PRED|XP_046458606.1_histone_H2B.3_[Daphnia_pulex]|1.0|0.89	GO:0000786|GO:0003677|GO:0030527|GO:0046982
PRED|XP_046458607.1_histone_H2B.3_[Daphnia_pulex]|1.0|0.89	GO:0000786|GO:0003677|GO:0030527|GO:0046982
PRED|XP_046458608.1_histone_H2B.3_[Daphnia_pulex]|1.0|0.89	GO:0000786|GO:0003677|GO:0030527|GO:0046982
PRED|XP_046458610.1_histone_H4_[Daphnia_pulex]|0.96|0.83	GO:0003677|GO:0030527|GO:0046982
PRED|XP_046458611.1_histone_H4_[Daphnia_pulex]|0.96|0.83	GO:0003677|GO:0030527|GO:0046982
PRED|XP_046458612.1_histone_H4_[Daphnia_pulex]|0.93|0.84	GO:0003677|GO:0030527|GO:0046982
PRED|XP_046458613.1_histone_H4_[Daphnia_pulex]|0.96|0.84	GO:0003677|GO:0030527|GO:0046982
PRED|XP_046458677.1_histone_H3_[Daphnia_pulex]|0.58|0.7	GO:0000786|GO:0003677|GO:0030527|GO:0046982
PRED|XP_046458687.1_histone_H2B.3_[Daphnia_pulex]|1.0|0.89	GO:0000786|GO:0003677|GO:0030527|GO:0046982
PRED|XP_046458688.1_histone_H2B.3_[Daphnia_pulex]|1.0|0.89	GO:0000786|GO:0003677|GO:0030527|GO:0046982
PRED|XP_046458689.1_histone_H2B.3_[Daphnia_pulex]|1.0|0.89	GO:0000786|GO:0003677|GO:0030527|GO:0046982
PRED|XP_046458691.1_histone_H4_[Daphnia_pulex]|0.96|0.84	GO:0003677|GO:0030527|GO:0046982
PRED|XP_046458692.1_histone_H4_[Daphnia_pulex]|0.96|0.83	GO:0003677|GO:0030527|GO:0046982
PRED|XP_046458693.1_histone_H4_[Daphnia_pulex]|0.96|0.84	GO:0003677|GO:0030527|GO:0046982
PRED|XP_046459882.1_histone_H2B.1/H2B.2_[Daphnia_pulex]|0.99|0.88	GO:0000786|GO:0003677|GO:0030527|GO:0046982
PRED|XP_046459883.1_histone_H2B.3_[Daphnia_pulex]|1.0|0.89	GO:0000786|GO:0003677|GO:0030527|GO:0046982
PRED|XP_046459884.1_histone_H2B.3_[Daphnia_pulex]|1.0|0.89	GO:0000786|GO:0003677|GO:0030527|GO:0046982
PRED|XP_046459886.1_histone_H2B.3_[Daphnia_pulex]|1.0|0.89	GO:0000786|GO:0003677|GO:0030527|GO:0046982
PRED|XP_046459887.1_histone_H2B.3_[Daphnia_pulex]|1.0|0.89	GO:0000786|GO:0003677|GO:0030527|GO:0046982
PRED|XP_046459888.1_histone_H4-like_[Daphnia_pulex]|0.94|0.83	GO:0003677|GO:0030527|GO:0046982
PRED|XP_046459889.1_histone_H4_[Daphnia_pulex]|0.96|0.83	GO:0003677|GO:0030527|GO:0046982
PRED|XP_046459890.1_histone_H4_[Daphnia_pulex]|0.96|0.84	GO:0003677|GO:0030527|GO:0046982
PRED|XP_046459891.1_histone_H4_[Daphnia_pulex]|0.96|0.84	GO:0003677|GO:0030527|GO:0046982
PRED|XP_046459892.1_histone_H4_[Daphnia_pulex]|0.96|0.84	GO:0003677|GO:0030527|GO:0046982
PRED|XP_046459958.1_histone_H2B.3_[Daphnia_pulex]|1.0|0.89	GO:0000786|GO:0003677|GO:0030527|GO:0046982
PRED|XP_046459959.1_histone_H2B.3_[Daphnia_pulex]|1.0|0.89	GO:0000786|GO:0003677|GO:0030527|GO:0046982
PRED|XP_046459960.1_histone_H4_[Daphnia_pulex]|0.96|0.83	GO:0003677|GO:0030527|GO:0046982
PRED|XP_046459961.1_histone_H4_[Daphnia_pulex]|0.96|0.8	GO:0003677|GO:0030527|GO:0046982
PRED|XP_046461611.1_vitelline_membrane_outer_layer_protein_1-like_[Daphnia_pulex]|0.55|0.75	GO:0005615
PRED|XP_046461906.1_cytochrome_c_oxidase_assembly_protein_COX20_mitochondrial-like_[Daphnia_pulex]|0.65|0.7	GO:0005739|GO:0005743|GO:0033617
PRED|XP_046461907.1_cytochrome_c_oxidase_assembly_protein_COX20_mitochondrial-like_[Daphnia_pulex]|0.65|0.7	GO:0005739|GO:0005743|GO:0033617
PRED|XP_046463068.1_cuticle_protein_19-like_[Daphnia_pulex]|0.53|0.75	GO:0005615|GO:0031012
PRED|XP_046762650.1_lysozyme_g_isoform_X1_[Gallus_gallus]|1.0|0.88	GO:0003796|GO:0005576|GO:0009253|GO:0050830
PRED|XP_046763481.1_pleiotrophin_isoform_X1_[Gallus_gallus]|0.99|0.88	GO:0005576|GO:0008083
PRED|XP_046763482.1_pleiotrophin_isoform_X1_[Gallus_gallus]|0.99|0.88	GO:0005576|GO:0008083
PRED|XP_046763483.1_pleiotrophin_isoform_X1_[Gallus_gallus]|0.99|0.88	GO:0005576|GO:0008083
PRED|XP_046763484.1_pleiotrophin_isoform_X1_[Gallus_gallus]|0.99|0.88	GO:0005576|GO:0008083
PRED|XP_046763485.1_pleiotrophin_isoform_X1_[Gallus_gallus]|0.99|0.88	GO:0005576|GO:0008083
PRED|XP_046763486.1_pleiotrophin_isoform_X2_[Gallus_gallus]|0.99|0.88	GO:0005576|GO:0008083
PRED|XP_046763487.1_pleiotrophin_isoform_X2_[Gallus_gallus]|0.99|0.88	GO:0005576|GO:0008083
PRED|XP_046763488.1_pleiotrophin_isoform_X2_[Gallus_gallus]|0.99|0.86	GO:0005576|GO:0008083
PRED|XP_046763489.1_pleiotrophin_isoform_X2_[Gallus_gallus]|0.99|0.83	GO:0005576|GO:0008083
PRED|XP_046767392.1_E3_ubiquitin-protein_ligase_RNF152_isoform_X1_[Gallus_gallus]|0.7|0.82	GO:0061630
PRED|XP_046767395.1_E3_ubiquitin-protein_ligase_RNF152_isoform_X1_[Gallus_gallus]|0.7|0.79	GO:0061630
PRED|XP_046768792.1_gallinacin-14_isoform_X1_[Gallus_gallus]|0.99|0.92	GO:0002227|GO:0005615|GO:0031731|GO:0050829|GO:0050830
PRED|XP_046768793.1_gallinacin-14_isoform_X2_[Gallus_gallus]|1.0|0.94	GO:0002227|GO:0005615|GO:0031731|GO:0050829|GO:0050830
PRED|XP_046770269.1_histone_H3.2_isoform_X1_[Gallus_gallus]|0.5|0.74	GO:0000786|GO:0003677|GO:0030527|GO:0046982
PRED|XP_046772030.1_scrapie-responsive_protein_1_isoform_X1_[Gallus_gallus]|1.0|0.86	GO:0005794|GO:0044306
PRED|XP_046773036.1_growth-regulated_alpha_protein_isoform_X1_[Gallus_gallus]|0.75|0.79	GO:0005576|GO:0006955|GO:0008009
PRED|XP_046775797.1_stromal_cell-derived_factor_1_isoform_X1_[Gallus_gallus]|1.0|0.9	GO:0005576|GO:0006955|GO:0008009
PRED|XP_046777209.1_prolactin-releasing_peptide_isoform_X1_[Gallus_gallus]|0.74|0.74	GO:0005179|GO:0005184|GO:0007186|GO:0007631|GO:0031861|GO:0043434
PRED|XP_046779735.1_RING-box_protein_2_isoform_X1_[Gallus_gallus]|0.54|0.87	GO:0008270
PRED|XP_046782700.1_pterin-4-alpha-carbinolamine_dehydratase_2_isoform_X1_[Gallus_gallus]|0.62|0.85	GO:0006729|GO:0008124
PRED|XP_046782701.1_pterin-4-alpha-carbinolamine_dehydratase_2_isoform_X2_[Gallus_gallus]|0.73|0.85	GO:0006729|GO:0008124
PRED|XP_046783282.1_group_10_secretory_phospholipase_A2_isoform_X1_[Gallus_gallus]|0.96|0.92	GO:0004623|GO:0005509|GO:0005543|GO:0006644|GO:0016042|GO:0047498
PRED|XP_046785924.1_C-C_motif_chemokine_5_isoform_X1_[Gallus_gallus]|1.0|0.71	GO:0005576|GO:0005615|GO:0006954|GO:0006955|GO:0008009|GO:0030335|GO:0043547|GO:0048020|GO:0048245|GO:0060326|GO:0061844|GO:0070098
PRED|XP_046786585.1_agouti-signaling_protein_isoform_X1_[Gallus_gallus]|0.82|0.85	GO:0005184|GO:0005576|GO:0005615|GO:0009755|GO:0031779|GO:0032438
PRED|XP_046786586.1_agouti-signaling_protein_isoform_X1_[Gallus_gallus]|0.82|0.85	GO:0005184|GO:0005576|GO:0005615|GO:0009755|GO:0031779|GO:0032438
PRED|XP_046786587.1_agouti-signaling_protein_isoform_X1_[Gallus_gallus]|0.82|0.85	GO:0005184|GO:0005576|GO:0005615|GO:0009755|GO:0031779|GO:0032438
PRED|XP_046786588.1_agouti-signaling_protein_isoform_X1_[Gallus_gallus]|0.82|0.85	GO:0005184|GO:0005576|GO:0005615|GO:0009755|GO:0031779|GO:0032438
PRED|XP_046786589.1_agouti-signaling_protein_isoform_X1_[Gallus_gallus]|0.82|0.85	GO:0005184|GO:0005576|GO:0005615|GO:0009755|GO:0031779|GO:0032438
PRED|XP_046786590.1_agouti-signaling_protein_isoform_X1_[Gallus_gallus]|0.82|0.85	GO:0005184|GO:0005576|GO:0005615|GO:0009755|GO:0031779|GO:0032438
PRED|XP_046789919.1_cocaine-_and_amphetamine-regulated_transcript_protein_isoform_X5_[Gallus_gallus]|0.75|0.87	GO:0005615|GO:0007186|GO:0008343|GO:0009267|GO:0032099|GO:0043410
PRED|XP_046789920.1_cocaine-_and_amphetamine-regulated_transcript_protein_isoform_X6_[Gallus_gallus]|0.97|0.86	GO:0005615|GO:0007186|GO:0008343|GO:0009267|GO:0032099|GO:0043410
PRED|XP_046791493.1_endothelial_cell-specific_molecule_1_[Gallus_gallus]|0.88|0.82	GO:0001525|GO:0005171|GO:0005178|GO:0005576|GO:1902204
PRED|XP_046793145.1_serine_protease_inhibitor_Kazal-type_4_[Gallus_gallus]|0.82|0.76	GO:0004867
PRED|XP_046793200.1_cocaine-_and_amphetamine-regulated_transcript_protein_[Gallus_gallus]|0.87|0.82	GO:0005615|GO:0007186|GO:0008343|GO:0009267|GO:0032099|GO:0043410
PRED|XP_047272452.1_beta-defensin_109-like_[Homo_sapiens]|1.0|0.87	GO:0005615|GO:0031731|GO:0042056|GO:0042742|GO:0060326
PRED|XP_047273581.1_serine_protease_inhibitor_Kazal-type_1_isoform_X1_[Homo_sapiens]|0.95|0.87	GO:0004867
PRED|XP_047273582.1_serine_protease_inhibitor_Kazal-type_1_isoform_X1_[Homo_sapiens]|0.95|0.87	GO:0004867
PRED|XP_047273802.1_thymic_stromal_lymphopoietin_isoform_X1_[Homo_sapiens]|0.8|0.71	GO:0005125
PRED|XP_047273803.1_thymic_stromal_lymphopoietin_isoform_X2_[Homo_sapiens]|0.98|0.73	GO:0005125
PRED|XP_047275313.1_leukocyte-specific_transcript_1_protein_isoform_X2_[Homo_sapiens]|0.55|0.72	GO:0000902|GO:0006955|GO:0016020|GO:0016358
PRED|XP_047276700.1_notch_homolog_2_N-terminal-like_protein_B_isoform_X5_[Homo_sapiens]|0.69|0.91	GO:0005112|GO:0007219
PRED|XP_047277733.1_ribosomal_biogenesis_factor_isoform_X2_[Homo_sapiens]|0.81|0.73	GO:0005730|GO:0042254
PRED|XP_047278241.1_E3_ubiquitin-protein_ligase_RNF170_isoform_X8_[Homo_sapiens]|0.61|0.86	GO:0061630
PRED|XP_047278279.1_phospholipid_phosphatase_5_isoform_X6_[Homo_sapiens]|0.56|0.74	GO:0006644|GO:0008195|GO:0016020|GO:0046839
PRED|XP_047278549.1_phospholipase_A2_membrane_associated_isoform_X1_[Homo_sapiens]|1.0|0.91	GO:0004623|GO:0005509|GO:0005543|GO:0006644|GO:0016042|GO:0042130|GO:0047498
PRED|XP_047278550.1_phospholipase_A2_membrane_associated_isoform_X1_[Homo_sapiens]|1.0|0.92	GO:0004623|GO:0005509|GO:0005543|GO:0006644|GO:0016042|GO:0042130|GO:0047498
PRED|XP_047278551.1_phospholipase_A2_membrane_associated_isoform_X1_[Homo_sapiens]|1.0|0.92	GO:0004623|GO:0005509|GO:0005543|GO:0006644|GO:0016042|GO:0042130|GO:0047498
PRED|XP_047278564.1_phospholipase_A2_group_V_isoform_X1_[Homo_sapiens]|0.63|0.86	GO:0004623|GO:0005509|GO:0005543|GO:0006644|GO:0016042|GO:0042130|GO:0047498|GO:0050482
PRED|XP_047278572.1_phospholipase_A2_group_V_isoform_X1_[Homo_sapiens]|0.63|0.86	GO:0004623|GO:0005509|GO:0005543|GO:0006644|GO:0016042|GO:0042130|GO:0047498|GO:0050482
PRED|XP_047278591.1_phospholipase_A2_group_V_isoform_X2_[Homo_sapiens]|0.95|0.88	GO:0004623|GO:0005509|GO:0005543|GO:0006644|GO:0016042|GO:0042130|GO:0047498|GO:0050482
PRED|XP_047278593.1_phospholipase_A2_group_V_isoform_X2_[Homo_sapiens]|0.95|0.88	GO:0004623|GO:0005509|GO:0005543|GO:0006644|GO:0016042|GO:0042130|GO:0047498|GO:0050482
PRED|XP_047278599.1_phospholipase_A2_group_V_isoform_X2_[Homo_sapiens]|0.95|0.88	GO:0004623|GO:0005509|GO:0005543|GO:0006644|GO:0016042|GO:0042130|GO:0047498|GO:0050482
PRED|XP_047278601.1_phospholipase_A2_group_V_isoform_X2_[Homo_sapiens]|0.95|0.88	GO:0004623|GO:0005509|GO:0005543|GO:0006644|GO:0016042|GO:0042130|GO:0047498|GO:0050482
PRED|XP_047280390.1_histone_H4_isoform_X1_[Homo_sapiens]|0.95|0.83	GO:0003677|GO:0030527|GO:0046982
PRED|XP_047280392.1_histone_H4_isoform_X1_[Homo_sapiens]|0.95|0.84	GO:0003677|GO:0030527|GO:0046982
PRED|XP_047280395.1_histone_H4_isoform_X1_[Homo_sapiens]|0.95|0.84	GO:0003677|GO:0030527|GO:0046982
PRED|XP_047280398.1_histone_H4_isoform_X1_[Homo_sapiens]|0.95|0.83	GO:0003677|GO:0030527|GO:0046982
PRED|XP_047282447.1_glycoprotein_hormone_alpha-2_isoform_X1_[Homo_sapiens]|0.61|0.84	GO:0005615|GO:0007166|GO:0031531|GO:0051427
PRED|XP_047290404.1_C-C_motif_chemokine_17_isoform_X3_[Homo_sapiens]|1.0|0.91	GO:0005576|GO:0006955|GO:0008009
PRED|XP_047290405.1_C-C_motif_chemokine_22_isoform_X1_[Homo_sapiens]|0.99|0.9	GO:0005576|GO:0005615|GO:0006954|GO:0006955|GO:0008009|GO:0030335|GO:0043547|GO:0048020|GO:0048245|GO:0060326|GO:0061844|GO:0070098
PRED|XP_047290406.1_C-C_motif_chemokine_22_isoform_X2_[Homo_sapiens]|1.0|0.9	GO:0005576|GO:0005615|GO:0006954|GO:0006955|GO:0008009|GO:0030335|GO:0043547|GO:0048020|GO:0048245|GO:0060326|GO:0061844|GO:0070098
PRED|XP_047295160.1_C-C_motif_chemokine_25_isoform_X2_[Homo_sapiens]|0.99|0.81	GO:0005576|GO:0006955|GO:0008009
PRED|XP_047299133.1_beta-defensin_109_[Homo_sapiens]|1.0|0.86	GO:0005576|GO:0005615|GO:0006952|GO:0031731|GO:0042056|GO:0042742|GO:0060326
PRED|XP_047305519.1_scrapie-responsive_protein_1_isoform_X1_[Homo_sapiens]|0.96|0.93	GO:0005794|GO:0044306
PRED|XP_048575496.1_histone_H2A-like_[Nematostella_vectensis]|1.0|0.75	GO:0046982
PRED|XP_048575510.1_late_histone_H2B.L4-like_[Nematostella_vectensis]|0.92|0.87	GO:0000786|GO:0003677|GO:0030527|GO:0046982
PRED|XP_048575511.1_late_histone_H2B.L4-like_[Nematostella_vectensis]|0.92|0.87	GO:0000786|GO:0003677|GO:0030527|GO:0046982
PRED|XP_048575512.1_late_histone_H2B.L4-like_[Nematostella_vectensis]|0.92|0.87	GO:0000786|GO:0003677|GO:0030527|GO:0046982
PRED|XP_048575513.1_late_histone_H2B.L4-like_[Nematostella_vectensis]|0.92|0.87	GO:0000786|GO:0003677|GO:0030527|GO:0046982
PRED|XP_048575514.1_late_histone_H2B.L4-like_[Nematostella_vectensis]|0.92|0.84	GO:0000786|GO:0003677|GO:0030527|GO:0046982
PRED|XP_048575515.1_late_histone_H2B.L4-like_[Nematostella_vectensis]|0.92|0.87	GO:0000786|GO:0003677|GO:0030527|GO:0046982
PRED|XP_048575516.1_late_histone_H2B.L4-like_[Nematostella_vectensis]|0.92|0.87	GO:0000786|GO:0003677|GO:0030527|GO:0046982
PRED|XP_048575517.1_late_histone_H2B.L4-like_[Nematostella_vectensis]|0.92|0.87	GO:0000786|GO:0003677|GO:0030527|GO:0046982
PRED|XP_048575518.1_late_histone_H2B.L4-like_[Nematostella_vectensis]|0.92|0.87	GO:0000786|GO:0003677|GO:0030527|GO:0046982
PRED|XP_048575519.1_late_histone_H2B.L4-like_[Nematostella_vectensis]|0.92|0.87	GO:0000786|GO:0003677|GO:0030527|GO:0046982
PRED|XP_048575520.1_late_histone_H2B.L4-like_[Nematostella_vectensis]|0.92|0.87	GO:0000786|GO:0003677|GO:0030527|GO:0046982
PRED|XP_048575521.1_late_histone_H2B.L4-like_[Nematostella_vectensis]|0.92|0.87	GO:0000786|GO:0003677|GO:0030527|GO:0046982
PRED|XP_048575522.1_late_histone_H2B.L4-like_[Nematostella_vectensis]|0.92|0.84	GO:0000786|GO:0003677|GO:0030527|GO:0046982
PRED|XP_048575523.1_late_histone_H2B.L4-like_[Nematostella_vectensis]|0.92|0.84	GO:0000786|GO:0003677|GO:0030527|GO:0046982
PRED|XP_048575524.1_late_histone_H2B.L4-like_[Nematostella_vectensis]|0.92|0.87	GO:0000786|GO:0003677|GO:0030527|GO:0046982
PRED|XP_048575525.1_late_histone_H2B.L4-like_[Nematostella_vectensis]|0.92|0.87	GO:0000786|GO:0003677|GO:0030527|GO:0046982
PRED|XP_048575526.1_late_histone_H2B.L4-like_[Nematostella_vectensis]|0.92|0.87	GO:0000786|GO:0003677|GO:0030527|GO:0046982
PRED|XP_048575527.1_histone_H2B-like_[Nematostella_vectensis]|0.87|0.86	GO:0000786|GO:0003677|GO:0030527|GO:0046982
PRED|XP_048575528.1_histone_H4_[Nematostella_vectensis]|0.95|0.84	GO:0003677|GO:0030527|GO:0046982
PRED|XP_048575529.1_histone_H4_[Nematostella_vectensis]|0.95|0.84	GO:0003677|GO:0030527|GO:0046982
PRED|XP_048575530.1_histone_H4_[Nematostella_vectensis]|0.95|0.79	GO:0003677|GO:0030527|GO:0046982
PRED|XP_048575531.1_histone_H4_[Nematostella_vectensis]|0.95|0.84	GO:0003677|GO:0030527|GO:0046982
PRED|XP_048575532.1_histone_H4_[Nematostella_vectensis]|0.95|0.84	GO:0003677|GO:0030527|GO:0046982
PRED|XP_048575533.1_histone_H4_[Nematostella_vectensis]|0.95|0.84	GO:0003677|GO:0030527|GO:0046982
PRED|XP_048575534.1_histone_H4_[Nematostella_vectensis]|0.95|0.76	GO:0003677|GO:0030527|GO:0046982
PRED|XP_048575535.1_histone_H4_[Nematostella_vectensis]|0.95|0.84	GO:0003677|GO:0030527|GO:0046982
PRED|XP_048575536.1_histone_H4_[Nematostella_vectensis]|0.95|0.82	GO:0003677|GO:0030527|GO:0046982
PRED|XP_048575537.1_histone_H4_[Nematostella_vectensis]|0.95|0.84	GO:0003677|GO:0030527|GO:0046982
PRED|XP_048575538.1_histone_H4_[Nematostella_vectensis]|0.95|0.84	GO:0003677|GO:0030527|GO:0046982
PRED|XP_048575539.1_histone_H4_[Nematostella_vectensis]|0.95|0.83	GO:0003677|GO:0030527|GO:0046982
PRED|XP_048575540.1_histone_H4_[Nematostella_vectensis]|0.95|0.82	GO:0003677|GO:0030527|GO:0046982
PRED|XP_048575541.1_histone_H4_[Nematostella_vectensis]|0.95|0.84	GO:0003677|GO:0030527|GO:0046982
PRED|XP_048575542.1_histone_H4_[Nematostella_vectensis]|0.95|0.84	GO:0003677|GO:0030527|GO:0046982
PRED|XP_048575543.1_histone_H4_[Nematostella_vectensis]|0.95|0.84	GO:0003677|GO:0030527|GO:0046982
PRED|XP_048575544.1_histone_H4_[Nematostella_vectensis]|0.95|0.84	GO:0003677|GO:0030527|GO:0046982
PRED|XP_048575545.1_histone_H4_[Nematostella_vectensis]|0.95|0.82	GO:0003677|GO:0030527|GO:0046982
PRED|XP_048575546.1_histone_H4_[Nematostella_vectensis]|0.95|0.84	GO:0003677|GO:0030527|GO:0046982
PRED|XP_048575547.1_histone_H2B-like_[Nematostella_vectensis]|0.6|0.86	GO:0000786|GO:0003677|GO:0030527|GO:0046982
PRED|XP_048575986.1_late_histone_H2B.L4-like_[Nematostella_vectensis]|1.0|0.87	GO:0000786|GO:0003677|GO:0030527|GO:0046982
PRED|XP_048575987.1_histone_H4_[Nematostella_vectensis]|0.95|0.84	GO:0003677|GO:0030527|GO:0046982
PRED|XP_048576077.1_histone_H2B-like_[Nematostella_vectensis]|0.87|0.86	GO:0000786|GO:0003677|GO:0030527|GO:0046982
PRED|XP_048576079.1_histone_H2B-like_[Nematostella_vectensis]|0.86|0.86	GO:0000786|GO:0003677|GO:0030527|GO:0046982
PRED|XP_048576080.1_histone_H2A-beta_sperm-like_[Nematostella_vectensis]|1.0|0.73	GO:0000786|GO:0003677|GO:0030527|GO:0046982
PRED|XP_048576081.1_late_histone_H2B.L4-like_[Nematostella_vectensis]|0.92|0.87	GO:0000786|GO:0003677|GO:0030527|GO:0046982
PRED|XP_048576082.1_late_histone_H2B.L4-like_[Nematostella_vectensis]|0.92|0.87	GO:0000786|GO:0003677|GO:0030527|GO:0046982
PRED|XP_048576086.1_late_histone_H2B.L4-like_[Nematostella_vectensis]|0.92|0.87	GO:0000786|GO:0003677|GO:0030527|GO:0046982
PRED|XP_048576087.1_late_histone_H2B.L4-like_[Nematostella_vectensis]|0.92|0.87	GO:0000786|GO:0003677|GO:0030527|GO:0046982
PRED|XP_048576088.1_late_histone_H2B.L4-like_[Nematostella_vectensis]|0.92|0.87	GO:0000786|GO:0003677|GO:0030527|GO:0046982
PRED|XP_048576090.1_late_histone_H2B.L4-like_[Nematostella_vectensis]|0.92|0.84	GO:0000786|GO:0003677|GO:0030527|GO:0046982
PRED|XP_048576091.1_histone_H4_[Nematostella_vectensis]|0.95|0.84	GO:0003677|GO:0030527|GO:0046982
PRED|XP_048576093.1_histone_H4_[Nematostella_vectensis]|0.95|0.84	GO:0003677|GO:0030527|GO:0046982
PRED|XP_048576095.1_late_histone_H2B.L4-like_[Nematostella_vectensis]|0.92|0.87	GO:0000786|GO:0003677|GO:0030527|GO:0046982
PRED|XP_048576096.1_histone_H4_[Nematostella_vectensis]|0.95|0.84	GO:0003677|GO:0030527|GO:0046982
PRED|XP_048576098.1_late_histone_H2B.L4-like_[Nematostella_vectensis]|0.92|0.87	GO:0000786|GO:0003677|GO:0030527|GO:0046982
PRED|XP_048576100.1_histone_H4_[Nematostella_vectensis]|0.95|0.83	GO:0003677|GO:0030527|GO:0046982
PRED|XP_048576104.1_late_histone_H2B.L4-like_[Nematostella_vectensis]|0.92|0.87	GO:0000786|GO:0003677|GO:0030527|GO:0046982
PRED|XP_048576105.1_histone_H4_[Nematostella_vectensis]|0.95|0.77	GO:0003677|GO:0030527|GO:0046982
PRED|XP_048576107.1_late_histone_H2B.L4-like_[Nematostella_vectensis]|0.92|0.87	GO:0000786|GO:0003677|GO:0030527|GO:0046982
PRED|XP_048576108.1_histone_H4_[Nematostella_vectensis]|0.95|0.84	GO:0003677|GO:0030527|GO:0046982
PRED|XP_048576110.1_late_histone_H2B.L4-like_[Nematostella_vectensis]|0.92|0.86	GO:0000786|GO:0003677|GO:0030527|GO:0046982
PRED|XP_048576111.1_histone_H4_[Nematostella_vectensis]|0.95|0.83	GO:0003677|GO:0030527|GO:0046982
PRED|XP_048576113.1_late_histone_H2B.L4-like_[Nematostella_vectensis]|0.92|0.87	GO:0000786|GO:0003677|GO:0030527|GO:0046982
PRED|XP_048576114.1_histone_H4_[Nematostella_vectensis]|0.95|0.84	GO:0003677|GO:0030527|GO:0046982
PRED|XP_048576116.1_late_histone_H2B.L4-like_[Nematostella_vectensis]|0.92|0.87	GO:0000786|GO:0003677|GO:0030527|GO:0046982
PRED|XP_048576117.1_histone_H4_[Nematostella_vectensis]|0.95|0.84	GO:0003677|GO:0030527|GO:0046982
PRED|XP_048576290.1_cytochrome_c_oxidase_assembly_protein_COX19_isoform_X3_[Nematostella_vectensis]|0.86|0.71	GO:0005758|GO:0033617
PRED|XP_048576481.1_histone_H4_[Nematostella_vectensis]|0.95|0.8	GO:0003677|GO:0030527|GO:0046982
PRED|XP_048576516.1_cation-independent_mannose-6-phosphate_receptor_isoform_X1_[Nematostella_vectensis]|0.72|0.77	GO:0008201|GO:0009986
PRED|XP_048576666.1_histone_H4_[Nematostella_vectensis]|0.95|0.84	GO:0003677|GO:0030527|GO:0046982
PRED|XP_048577101.1_uncharacterized_protein_LOC5519428_[Nematostella_vectensis]|1.0|0.76	GO:0005179|GO:0005576
PRED|XP_048578339.1_basic_phospholipase_A2_CM-III_isoform_X1_[Nematostella_vectensis]|0.51|0.91	GO:0004623|GO:0005509|GO:0016042
PRED|XP_048578859.1_acidic_phospholipase_A2_E-like_isoform_X2_[Nematostella_vectensis]|0.98|0.88	GO:0004623|GO:0005509|GO:0005543|GO:0006644|GO:0016042|GO:0047498
PRED|XP_048578985.1_dickkopf-related_protein_3_[Nematostella_vectensis]|0.57|0.83	GO:0005615|GO:0039706|GO:0048019|GO:0090090
PRED|XP_048578987.1_phospholipase_A2_A2-actitoxin-Cgg2a_[Nematostella_vectensis]|0.56|0.84	GO:0004623|GO:0005509|GO:0005543|GO:0006644|GO:0016042|GO:0047498
PRED|XP_048579880.1_gremlin-1-like_[Nematostella_vectensis]|0.94|0.83	GO:0005615|GO:0009887|GO:0036122|GO:0038098|GO:0048018
PRED|XP_048580694.1_PI-actitoxin-Avd5a-like_[Nematostella_vectensis]|0.96|0.89	GO:0005576|GO:0007275|GO:0030154
PRED|XP_048582281.1_neutral_phospholipase_A2_homolog_taipoxin_beta_chain_2_[Nematostella_vectensis]|0.91|0.85	GO:0004623|GO:0005509|GO:0016042
PRED|XP_048584153.1_dermatopontin-like_[Nematostella_vectensis]|0.68|0.88	GO:0005615|GO:0030199|GO:0031012
PRED|XP_048584155.1_dermatopontin-like_[Nematostella_vectensis]|0.68|0.88	GO:0005615|GO:0030199|GO:0031012
PRED|XP_048585456.1_hemagglutinin/amebocyte_aggregation_factor_isoform_X1_[Nematostella_vectensis]|0.9|0.77	GO:0005615|GO:0030199|GO:0031012
PRED|XP_048586826.1_hemagglutinin/amebocyte_aggregation_factor-like_[Nematostella_vectensis]|0.95|0.88	GO:0005615|GO:0030199|GO:0031012
PRED|XP_048586827.1_hemagglutinin/amebocyte_aggregation_factor-like_[Nematostella_vectensis]|0.79|0.87	GO:0005615|GO:0030199|GO:0031012
PRED|XP_048586828.1_hemagglutinin/amebocyte_aggregation_factor_[Nematostella_vectensis]|0.65|0.78	GO:0005615|GO:0030199|GO:0031012
PRED|XP_048586829.1_hemagglutinin/amebocyte_aggregation_factor-like_[Nematostella_vectensis]|0.86|0.82	GO:0005615|GO:0030199|GO:0031012
PRED|XP_048587748.1_dermatopontin-like_[Nematostella_vectensis]|0.73|0.84	GO:0005615|GO:0030199|GO:0031012
PRED|XP_048588130.1_ubiquitin-60S_ribosomal_protein_L40_[Nematostella_vectensis]|0.97|0.92	GO:0006412
PRED|XP_048588227.1_phospholipase_A2_A2-actitoxin-Ucs2a_[Nematostella_vectensis]|0.84|0.92	GO:0004623|GO:0005509|GO:0005543|GO:0006644|GO:0016042|GO:0047498
PRED|XP_048588298.1_RING-box_protein_2_isoform_X2_[Nematostella_vectensis]|0.75|0.88	GO:0008270
PRED|XP_048588383.1_equistatin-like_[Nematostella_vectensis]|0.81|0.76	GO:0005604|GO:0005615|GO:0007160
PRED|XP_048590211.1_collagen_alpha-2(I)_chain-like_[Nematostella_vectensis]|0.72|0.93	GO:0005615|GO:0031012
PRED|XP_048590407.1_delta-like_protein_D_isoform_X2_[Nematostella_vectensis]|0.96|0.86	GO:0005112|GO:0007219
PRED|XP_050466921.1_uncharacterized_protein_ANIA_11510_[Aspergillus_nidulans_FGSC_A4]|1.0|0.9	GO:0005615|GO:0006952|GO:0034599
PRED|XP_050467811.1_40S_ribosomal_protein_eS30_[Aspergillus_nidulans_FGSC_A4]|0.59|0.81	GO:0003735|GO:0005840|GO:0006412|GO:0022627
PRED|XP_050468393.1_anaphase_promoting_complex_subunit_11_[Aspergillus_nidulans_FGSC_A4]|0.65|0.73	GO:0005680|GO:0008270|GO:0031145|GO:0061630|GO:0097602
PRED|XP_050469146.1_histone_H4_[Aspergillus_nidulans_FGSC_A4]|0.93|0.8	GO:0003677|GO:0030527|GO:0046982
PRED|XP_052303932.1_uncharacterized_protein_LOC18106024_[Populus_trichocarpa]|0.77|0.81	GO:0005783|GO:0030968
PRED|XP_052304572.1_expansin-A10_[Populus_trichocarpa]|0.67|0.71	GO:0005576|GO:0009664
PRED|XP_052305748.1_defensin-like_protein_1_[Populus_trichocarpa]|1.0|0.9	GO:0006952
PRED|XP_052305874.1_defensin-like_protein_1_isoform_X1_[Populus_trichocarpa]|1.0|0.93	GO:0006952
PRED|XP_052305875.1_defensin-like_protein_1_isoform_X2_[Populus_trichocarpa]|1.0|0.94	GO:0006952
PRED|XP_052305923.1_non-specific_lipid-transfer_protein_8_isoform_X1_[Populus_trichocarpa]|0.7|0.92	GO:0006869|GO:0008289
PRED|XP_052306618.1_basic_blue_protein-like_[Populus_trichocarpa]|0.93|0.88	GO:0005886|GO:0009055
PRED|XP_052307991.1_histone_H2B_[Populus_trichocarpa]|0.89|0.82	GO:0000786|GO:0003677|GO:0030527|GO:0046982
PRED|XP_052308495.1_non-specific_lipid-transfer_protein_1_isoform_X2_[Populus_trichocarpa]|0.97|0.93	GO:0006869|GO:0008289
PRED|XP_052309061.1_expansin-A15_[Populus_trichocarpa]|0.93|0.73	GO:0005576|GO:0009664
PRED|XP_052312031.1_histone_H2B.3-like_[Populus_trichocarpa]|0.84|0.86	GO:0000786|GO:0003677|GO:0030527|GO:0046982
PRED|XP_052312803.1_histone_H4_[Populus_trichocarpa]|0.96|0.87	GO:0003677|GO:0030527|GO:0046982
PRED|XP_052312804.1_histone_H4_[Populus_trichocarpa]|0.96|0.86	GO:0003677|GO:0030527|GO:0046982
PRED|XP_052821807.1_uncharacterized_protein_LOC106883918_[Octopus_bimaculoides]|0.89|0.88	GO:0003677|GO:0030527|GO:0046982
PRED|XP_052827287.1_histone_H2A_[Octopus_bimaculoides]|0.95|0.73	GO:0046982
PRED|XP_052827999.1_ADAMTS-like_protein_2_[Octopus_bimaculoides]|0.96|0.87	GO:0004222|GO:0006508|GO:0030198|GO:0031012
PRED|XP_052828696.1_uncharacterized_protein_LOC106876137_isoform_X1_[Octopus_bimaculoides]|0.97|0.88	GO:0033179|GO:0046961|GO:1902600
PRED|XP_052830806.1_RING-box_protein_2-like_[Octopus_bimaculoides]|0.87|0.87	GO:0008270
PRED|XP_052830905.1_late_histone_H2B.L4-like_[Octopus_bimaculoides]|0.94|0.72	GO:0000786|GO:0003677|GO:0030527|GO:0046982
PRED|XP_052831486.1_zinc_finger_C3HC-type_protein_1-like_[Octopus_bimaculoides]|0.7|0.7	GO:0005634
PRED|XP_052831628.1_uncharacterized_protein_LOC128250510_[Octopus_bimaculoides]|0.86|0.74	GO:0005576|GO:0008200
PRED|XP_052833202.1_BMP-binding_endothelial_regulator_protein-like_[Octopus_bimaculoides]|0.72|0.92	GO:0001568|GO:0005615|GO:0031012|GO:0045765
PRED|XP_052833385.1_putative_zinc_finger_protein_876_[Octopus_bimaculoides]|0.84|0.94	GO:0000978|GO:0000981|GO:0006355
PRED|XP_052833775.1_histone_H4_[Octopus_bimaculoides]|0.95|0.84	GO:0003677|GO:0030527|GO:0046982
PRED|XP_052834317.1_zinc_finger_protein_506-like_partial_[Octopus_bimaculoides]|0.56|0.9	GO:0000981|GO:0005634|GO:0006357
PRED|XP_052834342.1_phospholipase_A2_Scol/Pla_isoform_X4_[Octopus_bimaculoides]|0.86|0.88	GO:0004623|GO:0005509|GO:0016042
PRED|XP_054184407.1_C-C_motif_chemokine_4-like_isoform_X1_[Homo_sapiens]|1.0|0.7	GO:0005576|GO:0005615|GO:0006954|GO:0006955|GO:0008009|GO:0030335|GO:0043547|GO:0048020|GO:0048245|GO:0060326|GO:0061844|GO:0070098
PRED|XP_054184495.1_leukocyte-specific_transcript_1_protein_isoform_X2_[Homo_sapiens]|0.55|0.72	GO:0000902|GO:0006955|GO:0016020|GO:0016358
PRED|XP_054185286.1_C-C_motif_chemokine_16_isoform_X1_[Homo_sapiens]|0.98|0.78	GO:0005576|GO:0005615|GO:0006954|GO:0006955|GO:0008009|GO:0030335|GO:0043547|GO:0048020|GO:0048245|GO:0060326|GO:0061844|GO:0070098
PRED|XP_054185287.1_C-C_motif_chemokine_16_isoform_X1_[Homo_sapiens]|0.98|0.79	GO:0005576|GO:0005615|GO:0006954|GO:0006955|GO:0008009|GO:0030335|GO:0043547|GO:0048020|GO:0048245|GO:0060326|GO:0061844|GO:0070098
PRED|XP_054185365.1_C-C_motif_chemokine_4-like_isoform_X1_[Homo_sapiens]|1.0|0.71	GO:0005576|GO:0005615|GO:0006954|GO:0006955|GO:0008009|GO:0030335|GO:0043547|GO:0048020|GO:0048245|GO:0060326|GO:0061844|GO:0070098
PRED|XP_054185885.1_leukocyte-specific_transcript_1_protein_isoform_X2_[Homo_sapiens]|0.54|0.72	GO:0000902|GO:0006955|GO:0016020|GO:0016358
PRED|XP_054185886.1_leukocyte-specific_transcript_1_protein_isoform_X2_[Homo_sapiens]|0.55|0.72	GO:0000902|GO:0006955|GO:0016020|GO:0016358
PRED|XP_054186060.1_C-C_motif_chemokine_4-like_isoform_X1_[Homo_sapiens]|1.0|0.71	GO:0005576|GO:0005615|GO:0006954|GO:0006955|GO:0008009|GO:0030335|GO:0043547|GO:0048020|GO:0048245|GO:0060326|GO:0061844|GO:0070098
PRED|XP_054186377.1_leukocyte-specific_transcript_1_protein_isoform_X2_[Homo_sapiens]|0.55|0.72	GO:0000902|GO:0006955|GO:0016020|GO:0016358
PRED|XP_054186378.1_leukocyte-specific_transcript_1_protein_isoform_X2_[Homo_sapiens]|0.55|0.72	GO:0000902|GO:0006955|GO:0016020|GO:0016358
PRED|XP_054186657.1_leukocyte-specific_transcript_1_protein_isoform_X2_[Homo_sapiens]|0.55|0.72	GO:0000902|GO:0006955|GO:0016020|GO:0016358
PRED|XP_054186870.1_leukocyte-specific_transcript_1_protein_isoform_X2_[Homo_sapiens]|0.55|0.72	GO:0000902|GO:0006955|GO:0016020|GO:0016358
PRED|XP_054186871.1_leukocyte-specific_transcript_1_protein_isoform_X2_[Homo_sapiens]|0.55|0.72	GO:0000902|GO:0006955|GO:0016020|GO:0016358
PRED|XP_054187154.1_leukocyte-specific_transcript_1_protein_isoform_X2_[Homo_sapiens]|0.55|0.72	GO:0000902|GO:0006955|GO:0016020|GO:0016358
PRED|XP_054188208.1_neutrophil_defensin_1_isoform_X1_[Homo_sapiens]|1.0|0.89	GO:0005576|GO:0006952
PRED|XP_054188209.1_neutrophil_defensin_3_isoform_X1_[Homo_sapiens]|1.0|0.89	GO:0005576|GO:0006952
PRED|XP_054188233.1_sperm-associated_antigen_11A_isoform_X1_[Homo_sapiens]|1.0|0.74	GO:0005576|GO:0061844
PRED|XP_054188234.1_sperm-associated_antigen_11A_isoform_X2_[Homo_sapiens]|1.0|0.86	GO:0005576|GO:0061844
PRED|XP_059591306.1_uncharacterized_protein_LOC132253407_[Vitis_vinifera]|0.69|0.85	GO:0003676|GO:0008270
PRED|XP_059593859.1_rapid_alkalinization_factor_[Vitis_vinifera]|0.68|0.8	GO:0009506|GO:0019722
PRED|XP_059595151.1_ubiquitin_isoform_X1_[Vitis_vinifera]|0.7|0.81	GO:0006412
PRED|XP_059595443.1_uncharacterized_protein_LOC100241142_[Vitis_vinifera]|0.53|0.9	GO:0003735|GO:0005840|GO:0006412|GO:0022627
PRED|XP_059597243.1_non-specific_lipid-transfer_protein_A-like_[Vitis_vinifera]|0.96|0.74	GO:0006869|GO:0008289
PRED|XP_059598530.1_signal_peptidase_complex_subunit_3B_isoform_X1_[Vitis_vinifera]|0.62|0.8	GO:0005787|GO:0006465|GO:0016020
PRED|XP_059598647.1_expansin-A10_[Vitis_vinifera]|0.53|0.75	GO:0005576|GO:0009664
PRED|XP_061496669.1_lysozyme_c-1-like_[Anopheles_gambiae]|1.0|0.9	GO:0003796
PRED|XP_061497087.1_diuretic_hormone_class_2_[Anopheles_gambiae]|0.68|0.78	GO:0001664|GO:0005615|GO:0007589|GO:0008613
PRED|XP_061497188.1_D-aminoacyl-tRNA_deacylase_isoform_X2_[Anopheles_gambiae]|0.96|0.86	GO:0002161|GO:0005737|GO:0051499
PRED|XP_061498866.1_histone_H2B_[Anopheles_gambiae]|1.0|0.87	GO:0000786|GO:0003677|GO:0030527|GO:0046982
PRED|XP_061498868.1_histone_H2B_[Anopheles_gambiae]|1.0|0.87	GO:0000786|GO:0003677|GO:0030527|GO:0046982
PRED|XP_061498869.1_histone_H4_[Anopheles_gambiae]|0.96|0.84	GO:0003677|GO:0030527|GO:0046982
PRED|XP_061498870.1_histone_H4_[Anopheles_gambiae]|0.96|0.84	GO:0003677|GO:0030527|GO:0046982
PRED|XP_061499159.1_histone_H2B_[Anopheles_gambiae]|1.0|0.87	GO:0000786|GO:0003677|GO:0030527|GO:0046982
PRED|XP_061499160.1_histone_H2B_[Anopheles_gambiae]|1.0|0.87	GO:0000786|GO:0003677|GO:0030527|GO:0046982
PRED|XP_061499163.1_histone_H4_[Anopheles_gambiae]|0.96|0.84	GO:0003677|GO:0030527|GO:0046982
PRED|XP_061499164.1_histone_H4_[Anopheles_gambiae]|0.96|0.83	GO:0003677|GO:0030527|GO:0046982
PRED|XP_061499179.1_histone_H2B_[Anopheles_gambiae]|1.0|0.87	GO:0000786|GO:0003677|GO:0030527|GO:0046982
PRED|XP_061499180.1_histone_H2B_[Anopheles_gambiae]|1.0|0.87	GO:0000786|GO:0003677|GO:0030527|GO:0046982
PRED|XP_061499182.1_histone_H4_[Anopheles_gambiae]|0.96|0.84	GO:0003677|GO:0030527|GO:0046982
PRED|XP_061499183.1_histone_H4_[Anopheles_gambiae]|0.96|0.84	GO:0003677|GO:0030527|GO:0046982
PRED|XP_061499235.1_cuticle_protein_19-like_[Anopheles_gambiae]|0.79|0.7	GO:0005615|GO:0031012
PRED|XP_061499617.1_peptidoglycan-recognition_protein_SC2_[Anopheles_gambiae]|0.61|0.92	GO:0042834|GO:0045087
PRED|XP_061505825.1_histone_H2B_[Anopheles_gambiae]|1.0|0.87	GO:0000786|GO:0003677|GO:0030527|GO:0046982
PRED|XP_061505826.1_histone_H2B_[Anopheles_gambiae]|1.0|0.87	GO:0000786|GO:0003677|GO:0030527|GO:0046982
PRED|XP_061505827.1_histone_H2B_[Anopheles_gambiae]|1.0|0.87	GO:0000786|GO:0003677|GO:0030527|GO:0046982
PRED|XP_061505828.1_histone_H2B_[Anopheles_gambiae]|1.0|0.87	GO:0000786|GO:0003677|GO:0030527|GO:0046982
PRED|XP_061505829.1_histone_H2B_[Anopheles_gambiae]|1.0|0.87	GO:0000786|GO:0003677|GO:0030527|GO:0046982
PRED|XP_061505830.1_histone_H2B_[Anopheles_gambiae]|1.0|0.87	GO:0000786|GO:0003677|GO:0030527|GO:0046982
PRED|XP_061505834.1_histone_H2B_[Anopheles_gambiae]|1.0|0.87	GO:0000786|GO:0003677|GO:0030527|GO:0046982
PRED|XP_061505843.1_histone_H2B_[Anopheles_gambiae]|1.0|0.87	GO:0000786|GO:0003677|GO:0030527|GO:0046982
PRED|XP_061505845.1_histone_H2B_[Anopheles_gambiae]|1.0|0.87	GO:0000786|GO:0003677|GO:0030527|GO:0046982
PRED|XP_061505846.1_histone_H2B_[Anopheles_gambiae]|1.0|0.87	GO:0000786|GO:0003677|GO:0030527|GO:0046982
PRED|XP_061505847.1_histone_H2B_[Anopheles_gambiae]|1.0|0.87	GO:0000786|GO:0003677|GO:0030527|GO:0046982
PRED|XP_061505853.1_histone_H2B_[Anopheles_gambiae]|1.0|0.87	GO:0000786|GO:0003677|GO:0030527|GO:0046982
PRED|XP_061505854.1_histone_H2B_[Anopheles_gambiae]|1.0|0.87	GO:0000786|GO:0003677|GO:0030527|GO:0046982
PRED|XP_061505855.1_histone_H2B_[Anopheles_gambiae]|1.0|0.87	GO:0000786|GO:0003677|GO:0030527|GO:0046982
PRED|XP_061505857.1_histone_H4_[Anopheles_gambiae]|0.96|0.84	GO:0003677|GO:0030527|GO:0046982
PRED|XP_061505858.1_histone_H4_[Anopheles_gambiae]|0.96|0.82	GO:0003677|GO:0030527|GO:0046982
PRED|XP_061505859.1_histone_H4_[Anopheles_gambiae]|0.96|0.84	GO:0003677|GO:0030527|GO:0046982
PRED|XP_061505860.1_histone_H4_[Anopheles_gambiae]|0.96|0.84	GO:0003677|GO:0030527|GO:0046982
PRED|XP_061505861.1_histone_H4_[Anopheles_gambiae]|0.96|0.84	GO:0003677|GO:0030527|GO:0046982
PRED|XP_061505862.1_histone_H4_[Anopheles_gambiae]|0.91|0.82	GO:0003677|GO:0030527|GO:0046982
PRED|XP_061505863.1_histone_H4_[Anopheles_gambiae]|0.96|0.84	GO:0003677|GO:0030527|GO:0046982
PRED|XP_061505865.1_histone_H4_[Anopheles_gambiae]|0.96|0.84	GO:0003677|GO:0030527|GO:0046982
PRED|XP_061505866.1_histone_H4_[Anopheles_gambiae]|0.96|0.77	GO:0003677|GO:0030527|GO:0046982
PRED|XP_061505867.1_histone_H4_[Anopheles_gambiae]|0.96|0.84	GO:0003677|GO:0030527|GO:0046982
PRED|XP_061508098.1_uncharacterized_protein_LOC1276354_isoform_X1_[Anopheles_gambiae]|0.94|0.77	GO:0005576|GO:0008201|GO:0048332
PRED|XP_061508099.1_uncharacterized_protein_LOC1276354_isoform_X2_[Anopheles_gambiae]|0.93|0.77	GO:0005576|GO:0008201|GO:0048332
PRED|XP_061508100.1_uncharacterized_protein_LOC1276354_isoform_X2_[Anopheles_gambiae]|0.93|0.77	GO:0005576|GO:0008201|GO:0048332
PRED|XP_061508101.1_uncharacterized_protein_LOC1276354_isoform_X2_[Anopheles_gambiae]|0.93|0.77	GO:0005576|GO:0008201|GO:0048332
PRED|XP_061508103.1_uncharacterized_protein_LOC1276354_isoform_X2_[Anopheles_gambiae]|0.93|0.82	GO:0005576|GO:0008201|GO:0048332
PRED|XP_061508104.1_uncharacterized_protein_LOC1276354_isoform_X2_[Anopheles_gambiae]|0.93|0.82	GO:0005576|GO:0008201|GO:0048332
PRED|XP_061511001.1_general_odorant-binding_protein_56a_[Anopheles_gambiae]|0.94|0.72	GO:0005549
PRED|XP_061512250.1_acylphosphatase-2_[Anopheles_gambiae]|0.89|0.94	GO:0003998
PRED|XP_061512585.1_trypsin_alpha-3_[Anopheles_gambiae]|0.72|0.85	GO:0004252
PRED|XP_061513859.1_general_odorant-binding_protein_56d_[Anopheles_gambiae]|0.78|0.8	GO:0005549|GO:0005615|GO:0007608
PRED|XP_061517072.1_histone_H2B_[Anopheles_gambiae]|1.0|0.87	GO:0000786|GO:0003677|GO:0030527|GO:0046982
PRED|XP_061517075.1_histone_H2B_[Anopheles_gambiae]|1.0|0.87	GO:0000786|GO:0003677|GO:0030527|GO:0046982
PRED|XP_061517076.1_histone_H2B_[Anopheles_gambiae]|1.0|0.87	GO:0000786|GO:0003677|GO:0030527|GO:0046982
PRED|XP_061517706.1_ubiquitin-ribosomal_protein_eL40_fusion_protein_[Anopheles_gambiae]|0.96|0.89	GO:0006412
PRED|XP_061518020.1_histone_H4_[Anopheles_gambiae]|0.96|0.84	GO:0003677|GO:0030527|GO:0046982
PRED|XP_062524867.1_attacin_isoform_X1_[Bombyx_mori]|0.96|0.75	GO:0005576|GO:0042742
PRED|XP_062526083.1_bombyxin_B-3-like_isoform_X2_[Bombyx_mori]|0.74|0.76	GO:0005179|GO:0005576
PRED|XP_062526084.1_bombyxin_A-2_homolog_isoform_X5_[Bombyx_mori]|0.98|0.86	GO:0005179|GO:0005576
PRED|XP_062526840.1_bombyxin_A-5-like_[Bombyx_mori]|0.77|0.85	GO:0005179|GO:0005576|GO:0005615|GO:0008083
PRED|XP_062527296.1_anaphase_promoting_complex_subunit_11_isoform_X1_[Bombyx_mori]|0.56|0.92	GO:0005680|GO:0008270|GO:0031145|GO:0061630|GO:0097602
PRED|XP_062527947.1_chorion_class_A_protein_L12-like_[Bombyx_mori]|0.91|0.92	GO:0005213|GO:0007275|GO:0007304|GO:0042600
PRED|XP_062528103.1_uncharacterized_protein_LOC101744163_isoform_X1_[Bombyx_mori]|0.95|0.93	GO:0005576|GO:0008200
PRED|XP_062528104.1_uncharacterized_protein_LOC101744163_isoform_X2_[Bombyx_mori]|0.94|0.93	GO:0005576|GO:0008200
PRED|XP_062528105.1_uncharacterized_protein_LOC101744163_isoform_X3_[Bombyx_mori]|0.99|0.89	GO:0005576|GO:0008200
PRED|XP_062528106.1_uncharacterized_protein_LOC101744163_isoform_X4_[Bombyx_mori]|0.95|0.94	GO:0005576|GO:0008200
PRED|XP_062528107.1_uncharacterized_protein_LOC101744163_isoform_X4_[Bombyx_mori]|0.98|0.94	GO:0005576|GO:0008200
PRED|XP_062528108.1_uncharacterized_protein_LOC101744163_isoform_X5_[Bombyx_mori]|0.98|0.94	GO:0005576|GO:0008200
PRED|XP_062528109.1_U8-agatoxin-Ao1a_isoform_X6_[Bombyx_mori]|1.0|0.89	GO:0005576|GO:0008200
PRED|XP_062528110.1_U8-agatoxin-Ao1a_isoform_X7_[Bombyx_mori]|0.92|0.94	GO:0005576|GO:0008200
PRED|XP_062528111.1_U8-agatoxin-Ao1a_isoform_X7_[Bombyx_mori]|0.92|0.94	GO:0005576|GO:0008200
PRED|XP_062528112.1_U8-agatoxin-Ao1a_isoform_X7_[Bombyx_mori]|0.92|0.94	GO:0005576|GO:0008200
PRED|XP_062528113.1_U8-agatoxin-Ao1a_isoform_X8_[Bombyx_mori]|0.99|0.89	GO:0005576|GO:0008200
PRED|XP_062528114.1_U8-agatoxin-Ao1a_isoform_X8_[Bombyx_mori]|0.99|0.89	GO:0005576|GO:0008200
PRED|XP_062528115.1_U8-agatoxin-Ao1a_isoform_X8_[Bombyx_mori]|0.99|0.89	GO:0005576|GO:0008200
PRED|XP_062529357.1_chorion_class_high-cysteine_HCB_protein_12-like_[Bombyx_mori]|0.93|0.94	GO:0005213|GO:0007275|GO:0007304|GO:0042600
PRED|XP_062529779.1_CHH-like_protein_isoform_X1_[Bombyx_mori]|0.98|0.72	GO:0005184|GO:0005576|GO:0007623
PRED|XP_062530794.1_cuticular_protein_RR-2_motif_112_isoform_X1_[Bombyx_mori]|0.66|0.75	GO:0005615|GO:0031012
PRED|XP_062531251.1_acylphosphatase-2_[Bombyx_mori]|0.59|0.77	GO:0003998
PRED|XP_062531252.1_acylphosphatase-2_[Bombyx_mori]|0.59|0.77	GO:0003998
PRED|XP_062531253.1_acylphosphatase-2_[Bombyx_mori]|0.59|0.77	GO:0003998
PRED|XP_062531484.1_histone_H4-like_protein_isoform_X1_[Bombyx_mori]|0.75|0.78	GO:0003677|GO:0030527|GO:0046982
PRED|XP_062531550.1_histone_H2B_[Bombyx_mori]|0.99|0.79	GO:0000786|GO:0003677|GO:0030527|GO:0046982
PRED|XP_062531551.1_histone_H2B_[Bombyx_mori]|0.99|0.79	GO:0000786|GO:0003677|GO:0030527|GO:0046982
PRED|XP_062531552.1_histone_H3-like_[Bombyx_mori]|0.75|0.78	GO:0003677|GO:0030527|GO:0046982
PRED|XP_062531807.1_histone_H4_[Bombyx_mori]|0.96|0.83	GO:0003677|GO:0030527|GO:0046982
PRED|XP_062531811.1_histone_H2B_[Bombyx_mori]|0.99|0.79	GO:0000786|GO:0003677|GO:0030527|GO:0046982
PRED|XP_062532230.1_cecropin-B_isoform_X2_[Bombyx_mori]|1.0|0.94	GO:0005576|GO:0019731
PRED|XP_062532357.1_cecropin-like_[Bombyx_mori]|1.0|0.85	GO:0005576|GO:0019731
PRED|XP_062532674.1_lysozyme-like_protein_1_isoform_X1_[Bombyx_mori]|1.0|0.74	GO:0003796
PRED|XP_062532675.1_lysozyme-like_protein_1_isoform_X2_[Bombyx_mori]|1.0|0.75	GO:0003796
PRED|XP_062532927.1_pleiotrophin-like_protein_isoform_X1_[Bombyx_mori]|0.59|0.74	GO:0005576|GO:0008201|GO:0048332
PRED|XP_062813163.1_angiogenin-2-like_[Anolis_carolinensis]|0.97|0.8	GO:0003676|GO:0004540|GO:0050830
PRED|XP_062813325.1_angiogenin_isoform_X1_[Anolis_carolinensis]|0.96|0.86	GO:0003676|GO:0004540|GO:0050830
PRED|XP_062813626.1_twisted_gastrulation_protein_homolog_1_[Anolis_carolinensis]|0.5|0.78	GO:0005615|GO:0030510
PRED|XP_062813663.1_vitelline_membrane_outer_layer_protein_1_homolog_[Anolis_carolinensis]|0.57|0.74	GO:0005615
PRED|XP_062813827.1_epigen_[Anolis_carolinensis]|0.9|0.83	GO:0005154|GO:0005615|GO:0007173|GO:0008083|GO:0008284|GO:0045840
PRED|XP_062816583.1_C-C_motif_chemokine_5-like_[Anolis_carolinensis]|1.0|0.91	GO:0005576|GO:0006955|GO:0008009
PRED|XP_062816584.1_C-C_motif_chemokine_5-like_[Anolis_carolinensis]|1.0|0.84	GO:0005576|GO:0006955|GO:0008009
PRED|XP_062816834.1_kappaPI-actitoxin-Avd3c-like_[Anolis_carolinensis]|0.75|0.81	GO:0004867
PRED|XP_062817001.1_carboxypeptidase_inhibitor_SmCI-like_[Anolis_carolinensis]|0.59|0.87	GO:0004867|GO:0005615
PRED|XP_062817005.1_kunitz-type_serine_protease_inhibitor_C6-like_[Anolis_carolinensis]|0.71|0.79	GO:0004867|GO:0005615
PRED|XP_062817007.1_kunitz-like_toxin_PcKuz3_[Anolis_carolinensis]|0.55|0.91	GO:0004867|GO:0005615
PRED|XP_062817009.1_PI-stichotoxin-She2a-like_[Anolis_carolinensis]|0.67|0.87	GO:0004867|GO:0005615
PRED|XP_062817010.1_kunitz-type_serine_protease_inhibitor_2-like_[Anolis_carolinensis]|1.0|0.73	GO:0004867|GO:0005615
PRED|XP_062817307.1_putative_ribosomal_protein_eL39-like_5_[Anolis_carolinensis]|0.95|0.88	GO:0003735|GO:0005840|GO:0006412
PRED|XP_062817544.1_kunitz-type_serine_protease_inhibitor_LmKTT-1c-like_[Anolis_carolinensis]|0.66|0.83	GO:0004867|GO:0005615
PRED|XP_062817681.1_metallothionein-1_[Anolis_carolinensis]|0.71|0.94	GO:0005634|GO:0005737|GO:0006882|GO:0010273|GO:0046872|GO:0071276|GO:0071280|GO:0071294
PRED|XP_062817895.1_eotaxin-like_[Anolis_carolinensis]|1.0|0.79	GO:0005576|GO:0006955|GO:0008009
PRED|XP_062817906.1_phospholipase_A2_minor_isoenzyme-like_[Anolis_carolinensis]|0.96|0.93	GO:0004623|GO:0005509|GO:0005543|GO:0006644|GO:0016042|GO:0047498
PRED|XP_062818230.1_FXYD_domain-containing_ion_transport_regulator_3_isoform_X2_[Anolis_carolinensis]|0.8|0.85	GO:0016020|GO:0017080|GO:0043269|GO:0099106|GO:2000649
PRED|XP_062818781.1_small_ribosomal_subunit_protein_eS19_[Anolis_carolinensis]|0.68|0.77	GO:0000028|GO:0003723|GO:0003735|GO:0005840|GO:0006412|GO:0022627
PRED|XP_062818923.1_hepcidin_[Anolis_carolinensis]|1.0|0.89	GO:0005576|GO:0006879
PRED|XP_062821397.1_ubiquitin-like_FUBI-ribosomal_protein_eS30_fusion_protein_[Anolis_carolinensis]|0.92|0.89	GO:0003735|GO:0005840|GO:0006412|GO:0022627
PRED|XP_062821634.1_group_IIE_secretory_phospholipase_A2-like_[Anolis_carolinensis]|0.63|0.72	GO:0004623|GO:0005509|GO:0005543|GO:0006644|GO:0016042|GO:0047498
PRED|XP_062821924.1_phospholipase_A2_homolog_otoconin-22_[Anolis_carolinensis]|0.96|0.93	GO:0004623|GO:0005509|GO:0005543|GO:0006644|GO:0016042|GO:0047498
PRED|XP_062822123.1_somatostatin-2-like_[Anolis_carolinensis]|0.55|0.82	GO:0005179|GO:0005576
PRED|XP_062824021.1_midkine_[Anolis_carolinensis]|1.0|0.93	GO:0008083
PRED|XP_062825363.1_lysozyme_C-1-like_[Anolis_carolinensis]|1.0|0.91	GO:0003796
PRED|XP_062825461.1_sperm_acrosome-associated_protein_5-like_partial_[Anolis_carolinensis]|0.68|0.82	GO:0003796
PRED|XP_062825462.1_lysozyme_C_[Anolis_carolinensis]|1.0|0.89	GO:0003796|GO:0050829|GO:0050830
PRED|XP_062825603.1_killer_cell_lectin-like_receptor_subfamily_B_member_1C_isoform_X3_[Anolis_carolinensis]|0.58|0.71	GO:0005886|GO:0009986|GO:0038023|GO:0042269
PRED|XP_062826294.1_ovomucoid_isoform_X1_[Anolis_carolinensis]|1.0|0.94	GO:0004867
PRED|XP_062826685.1_unconventional_myosin_heavy_chain_6-like_[Anolis_carolinensis]|0.61|0.81	GO:0005515
PRED|XP_062827127.1_late_histone_H2A.2.2_[Anolis_carolinensis]|0.98|0.72	GO:0046982
PRED|XP_062827128.1_histone_H3_[Anolis_carolinensis]|0.72|0.77	GO:0003677|GO:0030527|GO:0046982
PRED|XP_062827147.1_sperm_acrosome_membrane-associated_protein_3_[Anolis_carolinensis]|0.59|0.84	GO:0001669|GO:0003796|GO:0007342|GO:0036126
PRED|XP_062827725.1_lysozyme_C-like_[Anolis_carolinensis]|0.9|0.82	GO:0003796
PRED|XP_062827726.1_lysozyme_C-2-like_[Anolis_carolinensis]|0.74|0.82	GO:0003796
PRED|XP_062827727.1_lysozyme_C_milk_isozyme_[Anolis_carolinensis]|0.79|0.77	GO:0003796
PRED|XP_062827728.1_lysozyme_C_milk_isozyme-like_[Anolis_carolinensis]|0.94|0.84	GO:0003796
PRED|XP_062827787.1_cystatin-F_[Anolis_carolinensis]|0.9|0.88	GO:0004869|GO:0005615|GO:0005764|GO:0005770|GO:0005783|GO:0005794|GO:0006955|GO:0031643|GO:0097340|GO:1903979
PRED|XP_062830666.1_vitelline_membrane_outer_layer_protein_1-like_[Anolis_carolinensis]|0.79|0.82	GO:0005615
PRED|XP_062832027.1_stromal_cell-derived_factor_1_isoform_X2_[Anolis_carolinensis]|0.56|0.92	GO:0005576|GO:0006955|GO:0008009
PRED|XP_062833348.1_lysozyme_g_[Anolis_carolinensis]|0.71|0.77	GO:0003796|GO:0005576|GO:0009253|GO:0050830
PRED|XP_062833723.1_E3_ubiquitin-protein_ligase_RNF152_[Anolis_carolinensis]|0.62|0.74	GO:0061630
PRED|XP_062834262.1_insulin-like_peptide_INSL5_[Anolis_carolinensis]|0.96|0.7	GO:0001664|GO:0005179|GO:0005576
PRED|XP_062835281.1_kunitz-type_serine_protease_inhibitor_bitisilin-3_[Anolis_carolinensis]|0.77|0.9	GO:0004867|GO:0005615
PRED|XP_062838314.1_chemokine-like_protein_TAFA-5_isoform_X4_[Anolis_carolinensis]|0.66|0.83	GO:0001664|GO:0005615|GO:0007186|GO:0048018
PRED|XP_062838642.1_neurophysin_1_[Anolis_carolinensis]|0.97|0.82	GO:0005184|GO:0005185|GO:0005576|GO:0005615|GO:0030141
PRED|XP_062838934.1_matrix_Gla_protein_[Anolis_carolinensis]|0.67|0.8	GO:0005576|GO:0030500|GO:0031012
PRED|XP_062839507.1_sperm_acrosome-associated_protein_5_isoform_X2_[Anolis_carolinensis]|0.68|0.81	GO:0003796
PRED|XP_062839517.1_lysozyme_C_milk_isozyme_isoform_X2_[Anolis_carolinensis]|0.96|0.77	GO:0003796
PRED|XP_062839518.1_lysozyme_C_milk_isozyme_isoform_X3_[Anolis_carolinensis]|0.95|0.78	GO:0003796
PRED|XP_062839519.1_sperm_acrosome-associated_protein_5_isoform_X2_[Anolis_carolinensis]|0.89|0.81	GO:0003796
PRED|XP_062839520.1_lysozyme_C_milk_isozyme-like_[Anolis_carolinensis]|0.88|0.9	GO:0003796
PRED|XP_062840432.1_LOW_QUALITY_PROTEIN:_ubiquitin-ribosomal_protein_eL40_fusion_protein_[Anolis_carolinensis]|0.97|0.85	GO:0006412
PRED|XP_063117392.1_low-density_lipoprotein_receptor_class_A_domain-containing_protein_1_isoform_X5_[Rattus_norvegicus]|0.65|0.85	GO:0005515
PRED|XP_063118841.1_large_ribosomal_subunit_protein_eL39-like_[Rattus_norvegicus]|0.65|0.81	GO:0003735|GO:0005840|GO:0006412|GO:0022625
PRED|XP_063119660.1_lymphocyte_antigen_6D_isoform_X1_[Rattus_norvegicus]|0.86|0.72	GO:0009986|GO:0030098
PRED|XP_063119867.1_uncharacterized_protein_LOC362881_isoform_X1_[Rattus_norvegicus]|1.0|0.9	GO:0003796|GO:0050829|GO:0050830
PRED|XP_063120211.1_active_regulator_of_SIRT1_isoform_X1_[Rattus_norvegicus]|0.73|0.74	GO:0005730|GO:0019899
PRED|XP_063120291.1_secretory_carrier-associated_membrane_protein_4_isoform_X2_[Rattus_norvegicus]|0.64|0.74	GO:0015031|GO:0016020|GO:0032588|GO:0055038
PRED|XP_063121923.1_lysozyme-like_protein_4_isoform_X1_[Rattus_norvegicus]|0.98|0.84	GO:0001669|GO:0003796|GO:0007342|GO:0036126
PRED|XP_063122031.1_ubiquitin-like_protein_5_isoform_X1_[Rattus_norvegicus]|0.56|0.82	GO:0036211
PRED|XP_063122181.1_FXYD_domain-containing_ion_transport_regulator_3_isoform_X1_[Rattus_norvegicus]|0.9|0.77	GO:0016020|GO:0017080|GO:0043269|GO:0099106|GO:2000649
PRED|XP_063122214.1_FXYD_domain-containing_ion_transport_regulator_3_isoform_X1_[Rattus_norvegicus]|0.9|0.77	GO:0016020|GO:0017080|GO:0043269|GO:0099106|GO:2000649
PRED|XP_063122236.1_FXYD_domain-containing_ion_transport_regulator_3_isoform_X2_[Rattus_norvegicus]|0.94|0.85	GO:0016020|GO:0017080|GO:0043269|GO:0099106|GO:2000649
PRED|XP_063122273.1_FXYD_domain-containing_ion_transport_regulator_3_isoform_X2_[Rattus_norvegicus]|0.94|0.84	GO:0016020|GO:0017080|GO:0043269|GO:0099106|GO:2000649
PRED|XP_063122568.1_dermokine_isoform_X3_[Rattus_norvegicus]|0.98|0.75	GO:0005615|GO:1903575
PRED|XP_063123728.1_uncharacterized_protein_LOC503252_isoform_X1_[Rattus_norvegicus]|0.72|0.87	GO:0005739|GO:0033617
PRED|XP_063123960.1_thymosin_beta-10-like_[Rattus_norvegicus]|0.85|0.73	GO:0003785|GO:0005737|GO:0007015|GO:0030334|GO:0042989
PRED|XP_063124180.1_small_ribosomal_subunit_protein_uS14-like_[Rattus_norvegicus]|0.61|0.9	GO:0002181|GO:0003735|GO:0008270|GO:0022627
PRED|XP_063124385.1_histone_H3.3_isoform_X1_[Rattus_norvegicus]|0.5|0.74	GO:0000786|GO:0003677|GO:0030527|GO:0046982
PRED|XP_063124386.1_histone_H3.3_isoform_X1_[Rattus_norvegicus]|0.5|0.74	GO:0000786|GO:0003677|GO:0030527|GO:0046982
PRED|XP_063124665.1_large_ribosomal_subunit_protein_uL22m_isoform_X2_[Rattus_norvegicus]|0.53|0.75	GO:0003735|GO:0005762|GO:0005840|GO:0006412|GO:0015934
PRED|XP_063124872.1_group_10_secretory_phospholipase_A2_isoform_X1_[Rattus_norvegicus]|0.93|0.92	GO:0004623|GO:0005509|GO:0005543|GO:0006644|GO:0016042|GO:0043433|GO:0047498
PRED|XP_063124873.1_group_10_secretory_phospholipase_A2_isoform_X1_[Rattus_norvegicus]|0.93|0.92	GO:0004623|GO:0005509|GO:0005543|GO:0006644|GO:0016042|GO:0043433|GO:0047498
PRED|XP_063124874.1_group_10_secretory_phospholipase_A2_isoform_X2_[Rattus_norvegicus]|0.75|0.89	GO:0004623|GO:0005509|GO:0005543|GO:0006644|GO:0016042|GO:0043433|GO:0047498
PRED|XP_063124875.1_group_10_secretory_phospholipase_A2_isoform_X2_[Rattus_norvegicus]|0.75|0.89	GO:0004623|GO:0005509|GO:0005543|GO:0006644|GO:0016042|GO:0043433|GO:0047498
PRED|XP_063124877.1_group_10_secretory_phospholipase_A2_isoform_X2_[Rattus_norvegicus]|0.75|0.89	GO:0004623|GO:0005509|GO:0005543|GO:0006644|GO:0016042|GO:0043433|GO:0047498
PRED|XP_063124878.1_group_10_secretory_phospholipase_A2_isoform_X2_[Rattus_norvegicus]|0.75|0.89	GO:0004623|GO:0005509|GO:0005543|GO:0006644|GO:0016042|GO:0043433|GO:0047498
PRED|XP_063126078.1_transmembrane_protein_92-like_[Rattus_norvegicus]|0.59|0.75	GO:0005654
PRED|XP_063126144.1_small_ribosomal_subunit_protein_eS19-like_isoform_X1_[Rattus_norvegicus]|0.5|0.87	GO:0000028|GO:0003723|GO:0003735|GO:0005840|GO:0006412|GO:0022627
PRED|XP_063126771.1_resistin-like_beta_isoform_X1_[Rattus_norvegicus]|0.88|0.91	GO:0005179|GO:0005576|GO:0005615
PRED|XP_063126960.1_keratin-associated_protein_21-1_[Rattus_norvegicus]|0.67|0.96	GO:0001942
PRED|XP_063127301.1_phospholipase_A2_isoform_X1_[Rattus_norvegicus]|1.0|0.92	GO:0004623|GO:0005102|GO:0005509|GO:0005543|GO:0006633|GO:0006644|GO:0016042|GO:0047498|GO:0048146
PRED|XP_063127494.1_C-C_motif_chemokine_25_isoform_X1_[Rattus_norvegicus]|0.75|0.79	GO:0005576|GO:0006955|GO:0008009
PRED|XP_063128958.1_alpha-S2-casein-like_B_isoform_X1_[Rattus_norvegicus]|0.77|0.74	GO:0005576|GO:0005615|GO:0035375|GO:0042803
PRED|XP_063130336.1_serum_amyloid_A-3_protein_isoform_X1_[Rattus_norvegicus]|0.99|0.9	GO:0005576
PRED|XP_063130660.1_mast_cell_protease_9_isoform_X1_[Rattus_norvegicus]|0.95|0.77	GO:0005737|GO:0043231
PRED|XP_063130661.1_ribonuclease_4_isoform_X1_[Rattus_norvegicus]|1.0|0.9	GO:0003676|GO:0004540|GO:0005615|GO:0050830
PRED|XP_063130662.1_ribonuclease_4_isoform_X1_[Rattus_norvegicus]|1.0|0.9	GO:0003676|GO:0004540|GO:0005615|GO:0050830
PRED|XP_063130875.1_granzyme-like_protein_2_isoform_X2_[Rattus_norvegicus]|0.89|0.75	GO:0005737|GO:0043231
PRED|XP_063130998.1_granzyme-like_protein_1_[Rattus_norvegicus]|0.69|0.81	GO:0005737|GO:0043231
PRED|XP_063131755.1_ubiquitin-ribosomal_protein_eL40_fusion_protein_isoform_X3_[Rattus_norvegicus]|0.92|0.89	GO:0006412
PRED|XP_063132053.1_splicing_regulatory_glutamine/lysine-rich_protein_1-like_[Rattus_norvegicus]|0.63|0.86	GO:0000786|GO:0003677|GO:0006334|GO:0030527
PRED|XP_063132054.1_splicing_regulatory_glutamine/lysine-rich_protein_1-like_[Rattus_norvegicus]|0.64|0.84	GO:0000786|GO:0003677|GO:0006334|GO:0030527
PRED|XP_063132502.1_histone_cluster_1_H2B_family_member_Q_isoform_X1_[Rattus_norvegicus]|1.0|0.85	GO:0000786|GO:0003677|GO:0030527|GO:0046982
PRED|XP_063132503.1_histone_cluster_1_H2B_family_member_Q_isoform_X1_[Rattus_norvegicus]|1.0|0.85	GO:0000786|GO:0003677|GO:0030527|GO:0046982
PRED|XP_063133570.1_serine_protease_inhibitor_Kazal-type_6_isoform_X1_[Rattus_norvegicus]|1.0|0.93	GO:0004867
PRED|XP_063133615.1_calcitonin_gene-related_peptide_2_isoform_X1_[Rattus_norvegicus]|0.73|0.82	GO:0005179|GO:0005576|GO:0005615|GO:0007189|GO:0031716|GO:0051480
PRED|XP_063133813.1_C-C_motif_chemokine_17_isoform_X1_[Rattus_norvegicus]|0.99|0.92	GO:0005576|GO:0006955|GO:0008009
PRED|XP_063135268.1_proline-rich_protein_3_isoform_X3_[Rattus_norvegicus]|0.86|0.8	GO:0003723|GO:0046872
PRED|XP_063136821.1_insulin-2_isoform_X1_[Rattus_norvegicus]|0.88|0.94	GO:0005179|GO:0005576
PRED|XP_063136837.1_glyceraldehyde-3-phosphate_dehydrogenase-like_[Rattus_norvegicus]|0.56|0.74	GO:0004365|GO:0005829|GO:0006096|GO:0016620
PRED|XP_063139260.1_odorant-binding_protein_2a_isoform_X4_[Rattus_norvegicus]|0.79|0.71	GO:0005615|GO:0036094
PRED|XP_063139959.1_small_ribosomal_subunit_protein_eS19_isoform_X2_[Rattus_norvegicus]|0.52|0.81	GO:0000028|GO:0003723|GO:0003735|GO:0005840|GO:0006412|GO:0022627
PRED|XP_063139963.1_small_ribosomal_subunit_protein_eS19_isoform_X3_[Rattus_norvegicus]|0.68|0.76	GO:0000028|GO:0003723|GO:0003735|GO:0005840|GO:0006412|GO:0022627
PRED|XP_063140681.1_midkine_isoform_X1_[Rattus_norvegicus]|1.0|0.94	GO:0008083
PRED|XP_063140883.1_odorant-binding_protein_2a-like_isoform_X2_[Rattus_norvegicus]|0.78|0.7	GO:0005615|GO:0036094
PRED|XP_063140945.1_large_ribosomal_subunit_protein_eL29-like_[Rattus_norvegicus]|0.59|0.87	GO:0002181|GO:0003735|GO:0005840|GO:0006412|GO:0022625
PRED|XP_063141262.1_Y-linked_testis-specific_protein_1-like_[Rattus_norvegicus]|0.65|0.82	GO:0007276
PRED|XP_063141634.1_protachykinin-1_isoform_X2_[Rattus_norvegicus]|0.88|0.7	GO:0005615|GO:0006954|GO:0007204|GO:0007217|GO:0031835
PRED|XP_063141636.1_protachykinin-1_isoform_X4_[Rattus_norvegicus]|0.89|0.71	GO:0005615|GO:0006954|GO:0007204|GO:0007217|GO:0031835
PRED|XP_063141638.1_pleiotrophin_isoform_X1_[Rattus_norvegicus]|1.0|0.88	GO:0005576|GO:0008083
PRED|XP_063141837.1_retinoic_acid_receptor_responder_protein_2_isoform_X2_[Rattus_norvegicus]|0.69|0.78	GO:0005102|GO:0005615|GO:0006954|GO:0031012|GO:0045087|GO:0050921|GO:0050994
PRED|XP_063142941.1_thymosin_beta-10-like_[Rattus_norvegicus]|0.9|0.72	GO:0003785|GO:0005737|GO:0007015|GO:0030334|GO:0042989
PRED|XP_063143324.1_phospholipase_A2_group_V_isoform_X1_[Rattus_norvegicus]|0.92|0.85	GO:0004623|GO:0005509|GO:0005543|GO:0006644|GO:0016042|GO:0042130|GO:0047498|GO:0050482
PRED|XP_063143333.1_phospholipase_A2_membrane_associated_isoform_X1_[Rattus_norvegicus]|1.0|0.92	GO:0004623|GO:0005509|GO:0005543|GO:0006644|GO:0016042|GO:0042130|GO:0047498
PRED|XP_063143334.1_phospholipase_A2_membrane_associated_isoform_X2_[Rattus_norvegicus]|0.99|0.95	GO:0004623|GO:0005509|GO:0005543|GO:0006644|GO:0016042|GO:0042130|GO:0047498
PRED|XP_063143540.1_group_IIE_secretory_phospholipase_A2_isoform_X1_[Rattus_norvegicus]|0.9|0.87	GO:0004623|GO:0005509|GO:0005543|GO:0006644|GO:0016042|GO:0047498
PRED|XP_063144026.1_40S_ribosomal_protein_S30_isoform_X1_[Rattus_norvegicus]|0.91|0.76	GO:0003735|GO:0005840|GO:0006412|GO:0022627
PRED|XP_063144036.1_40S_ribosomal_protein_S30_isoform_X1_[Rattus_norvegicus]|0.91|0.76	GO:0003735|GO:0005840|GO:0006412|GO:0022627
PRED|XP_063144038.1_40S_ribosomal_protein_S30_isoform_X1_[Rattus_norvegicus]|0.91|0.76	GO:0003735|GO:0005840|GO:0006412|GO:0022627
PRED|XP_063144041.1_40S_ribosomal_protein_S30_isoform_X1_[Rattus_norvegicus]|0.91|0.76	GO:0003735|GO:0005840|GO:0006412|GO:0022627
PRED|XP_063144044.1_40S_ribosomal_protein_S30_isoform_X1_[Rattus_norvegicus]|0.91|0.76	GO:0003735|GO:0005840|GO:0006412|GO:0022627
PRED|XP_063144046.1_40S_ribosomal_protein_S30_isoform_X2_[Rattus_norvegicus]|1.0|0.86	GO:0003735|GO:0005840|GO:0006412|GO:0022627
PRED|XP_063144048.1_40S_ribosomal_protein_S30_isoform_X2_[Rattus_norvegicus]|1.0|0.86	GO:0003735|GO:0005840|GO:0006412|GO:0022627
PRED|XP_064212455.1_histone_H4_[Tribolium_castaneum]|0.96|0.84	GO:0003677|GO:0030527|GO:0046982
PRED|XP_064212533.1_eclosion_hormone_[Tribolium_castaneum]|0.98|0.93	GO:0007218|GO:0008255|GO:0018990
PRED|XP_064212609.1_histone_H4_[Tribolium_castaneum]|0.96|0.84	GO:0003677|GO:0030527|GO:0046982
PRED|XP_064214320.1_histone_H4_[Tribolium_castaneum]|0.96|0.83	GO:0003677|GO:0030527|GO:0046982
PRED|XP_064214321.1_histone_H4_[Tribolium_castaneum]|0.96|0.83	GO:0003677|GO:0030527|GO:0046982
PRED|XP_064214401.1_histone_H4_[Tribolium_castaneum]|0.96|0.84	GO:0003677|GO:0030527|GO:0046982
PRED|XP_064214402.1_histone_H4_[Tribolium_castaneum]|0.96|0.84	GO:0003677|GO:0030527|GO:0046982
PRED|XP_064214406.1_histone_H4_[Tribolium_castaneum]|0.96|0.83	GO:0003677|GO:0030527|GO:0046982
PRED|XP_064214407.1_LOW_QUALITY_PROTEIN:_histone_H4-like_[Tribolium_castaneum]|0.96|0.83	GO:0003677|GO:0030527|GO:0046982
PRED|XP_064214409.1_histone_H4_[Tribolium_castaneum]|0.96|0.84	GO:0003677|GO:0030527|GO:0046982
PRED|XP_064214410.1_histone_H4_[Tribolium_castaneum]|0.96|0.83	GO:0003677|GO:0030527|GO:0046982
PRED|XP_064214418.1_histone_H2B_[Tribolium_castaneum]|1.0|0.88	GO:0000786|GO:0003677|GO:0030527|GO:0046982
PRED|XP_064214420.1_histone_H4_[Tribolium_castaneum]|0.91|0.84	GO:0003677|GO:0030527|GO:0046982
PRED|XP_064214421.1_histone_H4_[Tribolium_castaneum]|0.96|0.84	GO:0003677|GO:0030527|GO:0046982
PRED|XP_064214459.1_histone_H4_[Tribolium_castaneum]|0.96|0.84	GO:0003677|GO:0030527|GO:0046982
PRED|XP_064214460.1_histone_H4_[Tribolium_castaneum]|0.96|0.83	GO:0003677|GO:0030527|GO:0046982
PRED|XP_064214461.1_histone_H4_[Tribolium_castaneum]|0.96|0.83	GO:0003677|GO:0030527|GO:0046982
PRED|XP_064214462.1_histone_H2B_[Tribolium_castaneum]|1.0|0.87	GO:0000786|GO:0003677|GO:0030527|GO:0046982
PRED|XP_064214480.1_histone_H4_[Tribolium_castaneum]|0.96|0.84	GO:0003677|GO:0030527|GO:0046982
PRED|XP_064214492.1_histone_H4_[Tribolium_castaneum]|0.96|0.84	GO:0003677|GO:0030527|GO:0046982
PRED|XP_064214493.1_histone_H4_[Tribolium_castaneum]|0.96|0.84	GO:0003677|GO:0030527|GO:0046982
PRED|XP_064214496.1_histone_H2B-like_[Tribolium_castaneum]|1.0|0.87	GO:0000786|GO:0003677|GO:0030527|GO:0046982
PRED|XP_064214516.1_histone_H2B_[Tribolium_castaneum]|1.0|0.87	GO:0000786|GO:0003677|GO:0030527|GO:0046982
PRED|XP_064214525.1_histone_H4-like_[Tribolium_castaneum]|0.96|0.82	GO:0003677|GO:0030527|GO:0046982
PRED|XP_064214526.1_histone_H4-like_[Tribolium_castaneum]|0.96|0.83	GO:0003677|GO:0030527|GO:0046982
PRED|XP_064214527.1_histone_H4_[Tribolium_castaneum]|0.96|0.84	GO:0003677|GO:0030527|GO:0046982
PRED|XP_064214528.1_histone_H4_[Tribolium_castaneum]|0.96|0.84	GO:0003677|GO:0030527|GO:0046982
PRED|XP_064214529.1_histone_H4_[Tribolium_castaneum]|0.96|0.82	GO:0003677|GO:0030527|GO:0046982
PRED|XP_064214530.1_histone_H4_[Tribolium_castaneum]|0.96|0.84	GO:0003677|GO:0030527|GO:0046982
PRED|XP_064214531.1_histone_H4_[Tribolium_castaneum]|0.96|0.84	GO:0003677|GO:0030527|GO:0046982
PRED|XP_064214532.1_histone_H4_[Tribolium_castaneum]|0.96|0.84	GO:0003677|GO:0030527|GO:0046982
PRED|XP_064215019.1_histone_H4_[Tribolium_castaneum]|0.96|0.84	GO:0003677|GO:0030527|GO:0046982
PRED|XP_064215288.1_histone_H4-like_[Tribolium_castaneum]|0.96|0.83	GO:0003677|GO:0030527|GO:0046982
PRED|XP_064215719.1_histone_H2B_[Tribolium_castaneum]|1.0|0.88	GO:0000786|GO:0003677|GO:0030527|GO:0046982
PRED|XP_064215720.1_histone_H4_[Tribolium_castaneum]|0.96|0.84	GO:0003677|GO:0030527|GO:0046982
PRED|XP_064215721.1_histone_H4_[Tribolium_castaneum]|0.96|0.83	GO:0003677|GO:0030527|GO:0046982
PRED|XP_064215724.1_histone_H2B_[Tribolium_castaneum]|1.0|0.88	GO:0000786|GO:0003677|GO:0030527|GO:0046982
PRED|XP_064215725.1_histone_H2B_[Tribolium_castaneum]|1.0|0.87	GO:0000786|GO:0003677|GO:0030527|GO:0046982
PRED|XP_064215726.1_histone_H4_[Tribolium_castaneum]|0.96|0.83	GO:0003677|GO:0030527|GO:0046982
PRED|XP_064215727.1_histone_H4_[Tribolium_castaneum]|0.96|0.84	GO:0003677|GO:0030527|GO:0046982
PRED|XP_064215728.1_histone_H4-like_[Tribolium_castaneum]|0.96|0.81	GO:0003677|GO:0030527|GO:0046982
PRED|XP_064215729.1_histone_H4-like_[Tribolium_castaneum]|0.96|0.83	GO:0003677|GO:0030527|GO:0046982
PRED|XP_064215730.1_histone_H2B_[Tribolium_castaneum]|1.0|0.88	GO:0000786|GO:0003677|GO:0030527|GO:0046982
PRED|XP_064215732.1_histone_H2B_[Tribolium_castaneum]|1.0|0.88	GO:0000786|GO:0003677|GO:0030527|GO:0046982
PRED|XP_064215753.1_histone_H4_[Tribolium_castaneum]|0.96|0.84	GO:0003677|GO:0030527|GO:0046982
PRED|XP_064215754.1_histone_H4-like_[Tribolium_castaneum]|0.96|0.83	GO:0003677|GO:0030527|GO:0046982
PRED|XP_064215755.1_histone_H4-like_[Tribolium_castaneum]|0.96|0.83	GO:0003677|GO:0030527|GO:0046982
PRED|XP_064215756.1_histone_H2B_[Tribolium_castaneum]|1.0|0.88	GO:0000786|GO:0003677|GO:0030527|GO:0046982
PRED|XP_064215757.1_histone_H2B_[Tribolium_castaneum]|1.0|0.88	GO:0000786|GO:0003677|GO:0030527|GO:0046982
PRED|XP_064215767.1_histone_H4_[Tribolium_castaneum]|0.96|0.79	GO:0003677|GO:0030527|GO:0046982
PRED|XP_064407806.1_FAU_ubiquitin_like_and_ribosomal_protein_S30_fusion_b_[Latimeria_chalumnae]|0.71|0.91	GO:0003735|GO:0005840|GO:0006412|GO:0022627
PRED|XP_064408096.1_epidermal_growth_factor-like_protein_8_[Latimeria_chalumnae]|0.57|0.81	GO:0005102|GO:0005576|GO:0009986|GO:0048856
PRED|XP_064408606.1_histone_H2B_7-like_[Latimeria_chalumnae]|1.0|0.84	GO:0000786|GO:0003677|GO:0030527|GO:0046982
PRED|XP_064408609.1_histone_H2B_7-like_[Latimeria_chalumnae]|0.99|0.85	GO:0000786|GO:0003677|GO:0030527|GO:0046982
PRED|XP_064408610.1_histone_H2B_7-like_[Latimeria_chalumnae]|1.0|0.83	GO:0000786|GO:0003677|GO:0030527|GO:0046982
PRED|XP_064408679.1_histone_H2A-like_[Latimeria_chalumnae]|1.0|0.7	GO:0000786|GO:0003677|GO:0030527|GO:0046982
PRED|XP_064408681.1_histone_H2B_[Latimeria_chalumnae]|1.0|0.83	GO:0000786|GO:0003677|GO:0030527|GO:0046982
PRED|XP_064408682.1_histone_H2B-like_[Latimeria_chalumnae]|1.0|0.84	GO:0000786|GO:0003677|GO:0030527|GO:0046982
PRED|XP_064408683.1_histone_H2B_7-like_[Latimeria_chalumnae]|0.99|0.84	GO:0000786|GO:0003677|GO:0030527|GO:0046982
PRED|XP_064408685.1_histone_H4_[Latimeria_chalumnae]|0.95|0.83	GO:0003677|GO:0030527|GO:0046982
PRED|XP_064408686.1_histone_H4_[Latimeria_chalumnae]|0.95|0.84	GO:0003677|GO:0030527|GO:0046982
PRED|XP_064408687.1_histone_H4_[Latimeria_chalumnae]|0.95|0.84	GO:0003677|GO:0030527|GO:0046982
PRED|XP_064408688.1_histone_H4_[Latimeria_chalumnae]|0.95|0.84	GO:0003677|GO:0030527|GO:0046982
PRED|XP_064408689.1_histone_H4_[Latimeria_chalumnae]|0.95|0.83	GO:0003677|GO:0030527|GO:0046982
PRED|XP_064408690.1_histone_H4_[Latimeria_chalumnae]|0.95|0.84	GO:0003677|GO:0030527|GO:0046982
PRED|XP_064408704.1_histone_H2B_[Latimeria_chalumnae]|1.0|0.83	GO:0000786|GO:0003677|GO:0030527|GO:0046982
PRED|XP_064408705.1_histone_H4_[Latimeria_chalumnae]|0.95|0.84	GO:0003677|GO:0030527|GO:0046982
PRED|XP_064408706.1_histone_H4_[Latimeria_chalumnae]|0.95|0.84	GO:0003677|GO:0030527|GO:0046982
PRED|XP_064408707.1_histone_H4_[Latimeria_chalumnae]|0.95|0.84	GO:0003677|GO:0030527|GO:0046982
PRED|XP_064408708.1_histone_H3-like_[Latimeria_chalumnae]|0.89|0.7	GO:0000786|GO:0003677|GO:0030527|GO:0046982
PRED|XP_064408709.1_histone_H4_[Latimeria_chalumnae]|0.95|0.82	GO:0003677|GO:0030527|GO:0046982
PRED|XP_064408810.1_histone_H2B_type_1-B-like_[Latimeria_chalumnae]|1.0|0.78	GO:0000786|GO:0003677|GO:0030527|GO:0046982
PRED|XP_064408817.1_histone_H2B_7-like_[Latimeria_chalumnae]|0.99|0.84	GO:0000786|GO:0003677|GO:0030527|GO:0046982
PRED|XP_064408822.1_stress-associated_endoplasmic_reticulum_protein_1-like_[Latimeria_chalumnae]|0.85|0.85	GO:0005783|GO:0030968
PRED|XP_064410166.1_BPTI/Kunitz_domain-containing_protein-like_[Latimeria_chalumnae]|0.91|0.93	GO:0004867|GO:0005615
PRED|XP_064411732.1_uncharacterized_protein_LOC102346834_isoform_X1_[Latimeria_chalumnae]|0.55|0.74	GO:0003998
PRED|XP_064411734.1_acylphosphatase-2_isoform_X3_[Latimeria_chalumnae]|0.59|0.76	GO:0003998
PRED|XP_064412149.1_ubiquitin-ribosomal_protein_eL40_fusion_protein-like_[Latimeria_chalumnae]|0.96|0.9	GO:0006412
PRED|XP_064413407.1_vesicle_transport_protein_SFT2B_isoform_X2_[Latimeria_chalumnae]|0.81|0.84	GO:0016020|GO:0016192
PRED|XP_064414946.1_ubiquitin-ribosomal_protein_eL40_fusion_protein_[Latimeria_chalumnae]|0.96|0.9	GO:0006412
PRED|XP_064415578.1_lysozyme_C_milk_isozyme-like_[Latimeria_chalumnae]|0.99|0.93	GO:0003796
PRED|XP_064415761.1_lectin-like_[Latimeria_chalumnae]|0.86|0.9	GO:0006955
PRED|XP_064416230.1_insulin-like_[Latimeria_chalumnae]|0.96|0.88	GO:0005179|GO:0005576
PRED|XP_064416446.1_interleukin-8_[Latimeria_chalumnae]|0.99|0.92	GO:0005576|GO:0006955|GO:0008009
PRED|XP_064416457.1_interleukin-8-like_[Latimeria_chalumnae]|0.96|0.72	GO:0005576|GO:0006955|GO:0008009
PRED|XP_064416838.1_group_XIIA_secretory_phospholipase_A2_isoform_X5_[Latimeria_chalumnae]|0.78|0.77	GO:0004623|GO:0005509|GO:0005576|GO:0016042
PRED|XP_064417570.1_chemokine-like_protein_TAFA-5a_isoform_X1_[Latimeria_chalumnae]|0.75|0.89	GO:0001664|GO:0005615|GO:0007186|GO:0048018
PRED|XP_064417571.1_chemokine-like_protein_TAFA-5a_isoform_X2_[Latimeria_chalumnae]|0.92|0.89	GO:0001664|GO:0005615|GO:0007186|GO:0048018
PRED|XP_064419303.1_histone_H2B-like_[Latimeria_chalumnae]|0.62|0.85	GO:0000786|GO:0003677|GO:0030527|GO:0046982
PRED|XP_064420512.1_agouti_signaling_protein_1_isoform_X1_[Latimeria_chalumnae]|0.89|0.87	GO:0005184|GO:0005576|GO:0005615|GO:0009755|GO:0031779|GO:0032438
PRED|XP_064420513.1_agouti_signaling_protein_1_isoform_X1_[Latimeria_chalumnae]|0.89|0.87	GO:0005184|GO:0005576|GO:0005615|GO:0009755|GO:0031779|GO:0032438
PRED|XP_064420514.1_agouti_signaling_protein_1_isoform_X1_[Latimeria_chalumnae]|0.89|0.87	GO:0005184|GO:0005576|GO:0005615|GO:0009755|GO:0031779|GO:0032438
PRED|XP_064420515.1_agouti_signaling_protein_1_isoform_X1_[Latimeria_chalumnae]|0.89|0.87	GO:0005184|GO:0005576|GO:0005615|GO:0009755|GO:0031779|GO:0032438
PRED|XP_064420516.1_agouti_signaling_protein_1_isoform_X1_[Latimeria_chalumnae]|0.89|0.87	GO:0005184|GO:0005576|GO:0005615|GO:0009755|GO:0031779|GO:0032438
PRED|XP_064421770.1_protein_FAM136A_isoform_X2_[Latimeria_chalumnae]|0.7|0.76	GO:0005737
PRED|XP_064422166.1_cocaine-_and_amphetamine-regulated_transcript_protein-like_isoform_X1_[Latimeria_chalumnae]|0.92|0.87	GO:0005615|GO:0007186|GO:0008343|GO:0009267|GO:0032099|GO:0043410
PRED|XP_064422500.1_large_ribosomal_subunit_protein_eL29-like_[Latimeria_chalumnae]|0.85|0.91	GO:0002181|GO:0003735|GO:0005840|GO:0006412|GO:0022625
PRED|XP_064422742.1_lysozyme_g-like_[Latimeria_chalumnae]|0.94|0.82	GO:0003796|GO:0005576|GO:0009253|GO:0050830
PRED|XP_064422767.1_lysozyme_g_[Latimeria_chalumnae]|0.5|0.79	GO:0003796|GO:0005576|GO:0009253|GO:0050830
PRED|XP_064422777.1_liver-expressed_antimicrobial_peptide_2_[Latimeria_chalumnae]|1.0|0.88	GO:0042742|GO:0061844
PRED|XP_064422913.1_liver-expressed_antimicrobial_peptide_2-like_[Latimeria_chalumnae]|0.95|0.85	GO:0042742|GO:0061844
PRED|XP_064423118.1_LOW_QUALITY_PROTEIN:_insulin_[Latimeria_chalumnae]|0.87|0.74	GO:0005179|GO:0005576
PRED|XP_064423614.1_interleukin-8-like_[Latimeria_chalumnae]|0.95|0.79	GO:0005576|GO:0006955|GO:0008009
PRED|XP_064423620.1_interleukin-8-like_[Latimeria_chalumnae]|0.96|0.72	GO:0005576|GO:0006955|GO:0008009
PRED|XP_064423639.1_histone_H3.3A_[Latimeria_chalumnae]|0.5|0.74	GO:0000786|GO:0003677|GO:0030527|GO:0046982
PRED|XP_064423642.1_interleukin-8_[Latimeria_chalumnae]|0.79|0.82	GO:0005576|GO:0006955|GO:0008009
PRED|XP_064425143.1_C-C_motif_chemokine_5-like_[Latimeria_chalumnae]|0.95|0.93	GO:0005576|GO:0005615|GO:0006954|GO:0006955|GO:0008009|GO:0030335|GO:0043547|GO:0048020|GO:0048245|GO:0060326|GO:0061844|GO:0070098
PRED|XP_064425203.1_uncharacterized_protein_LOC102346221_[Latimeria_chalumnae]|0.98|0.75	GO:0005576|GO:0007586|GO:0008047|GO:0016042
PRED|XP_064425208.1_sperm_acrosome-associated_protein_5-like_[Latimeria_chalumnae]|0.59|0.7	GO:0003796
PRED|XP_064425448.1_serine_protease_1-like_isoform_X2_[Latimeria_chalumnae]|0.8|0.7	GO:0004252|GO:0005615|GO:0006508
PRED|XP_065922771.1_kappaPI-actitoxin-Avd3e-like_[Magallana_gigas]|0.95|0.93	GO:0005615|GO:0010466
PRED|XP_065928963.1_wnt_inhibitory_factor_1-like_isoform_X1_[Magallana_gigas]|0.77|0.93	GO:0005102|GO:0005576|GO:0009986|GO:0048856
PRED|XP_065929779.1_fibropellin-3-like_[Magallana_gigas]|0.81|0.89	GO:0005112|GO:0007219
PRED|XP_065930246.1_fibropellin-3_[Magallana_gigas]|0.71|0.92	GO:0005112|GO:0007219
PRED|XP_065931506.1_histone_H2B-like_[Magallana_gigas]|0.97|0.86	GO:0000786|GO:0003677|GO:0030527|GO:0046982
PRED|XP_065931507.1_histone_H4_[Magallana_gigas]|0.95|0.84	GO:0003677|GO:0030527|GO:0046982
PRED|XP_065931514.1_histone_H2B-like_[Magallana_gigas]|0.97|0.85	GO:0000786|GO:0003677|GO:0030527|GO:0046982
PRED|XP_065931515.1_histone_H4_[Magallana_gigas]|0.95|0.84	GO:0003677|GO:0030527|GO:0046982
PRED|XP_065931518.1_histone_H2B-like_[Magallana_gigas]|0.97|0.85	GO:0000786|GO:0003677|GO:0030527|GO:0046982
PRED|XP_065931519.1_histone_H4_[Magallana_gigas]|0.95|0.83	GO:0003677|GO:0030527|GO:0046982
PRED|XP_065931525.1_histone_H2B-like_[Magallana_gigas]|0.97|0.85	GO:0000786|GO:0003677|GO:0030527|GO:0046982
PRED|XP_065931526.1_histone_H4_[Magallana_gigas]|0.95|0.84	GO:0003677|GO:0030527|GO:0046982
PRED|XP_065931528.1_histone_H2B-like_[Magallana_gigas]|0.97|0.85	GO:0000786|GO:0003677|GO:0030527|GO:0046982
PRED|XP_065931529.1_histone_H4_[Magallana_gigas]|0.95|0.84	GO:0003677|GO:0030527|GO:0046982
PRED|XP_065931536.1_histone_H2B-like_[Magallana_gigas]|0.97|0.85	GO:0000786|GO:0003677|GO:0030527|GO:0046982
PRED|XP_065931537.1_histone_H4_[Magallana_gigas]|0.95|0.84	GO:0003677|GO:0030527|GO:0046982
PRED|XP_065931545.1_histone_H2B-like_[Magallana_gigas]|0.97|0.85	GO:0000786|GO:0003677|GO:0030527|GO:0046982
PRED|XP_065931547.1_histone_H4_[Magallana_gigas]|0.95|0.84	GO:0003677|GO:0030527|GO:0046982
PRED|XP_065931548.1_histone_H4_[Magallana_gigas]|0.95|0.84	GO:0003677|GO:0030527|GO:0046982
PRED|XP_065931550.1_histone_H2B-like_[Magallana_gigas]|0.97|0.85	GO:0000786|GO:0003677|GO:0030527|GO:0046982
PRED|XP_065931551.1_histone_H4_[Magallana_gigas]|0.95|0.84	GO:0003677|GO:0030527|GO:0046982
PRED|XP_065931556.1_histone_H2B-like_[Magallana_gigas]|0.98|0.85	GO:0000786|GO:0003677|GO:0030527|GO:0046982
PRED|XP_065931557.1_histone_H4_[Magallana_gigas]|0.95|0.83	GO:0003677|GO:0030527|GO:0046982
PRED|XP_065931563.1_histone_H2B_[Magallana_gigas]|0.98|0.87	GO:0000786|GO:0003677|GO:0030527|GO:0046982
PRED|XP_065931564.1_histone_H4_[Magallana_gigas]|0.95|0.84	GO:0003677|GO:0030527|GO:0046982
PRED|XP_065931578.1_histone_H2B-like_[Magallana_gigas]|0.98|0.86	GO:0000786|GO:0003677|GO:0030527|GO:0046982
PRED|XP_065931579.1_histone_H4_[Magallana_gigas]|0.95|0.8	GO:0003677|GO:0030527|GO:0046982
PRED|XP_065933210.1_protein_draper_[Magallana_gigas]|0.91|0.8	GO:0005044
PRED|XP_065934191.1_multiple_epidermal_growth_factor-like_domains_protein_10_[Magallana_gigas]|0.55|0.81	GO:0005044
PRED|XP_065934558.1_serine_protease_inhibitor_dipetalogastin_isoform_X2_[Magallana_gigas]|0.99|0.89	GO:0005615
PRED|XP_065935044.1_acidic_phospholipase_A2_isoform_X1_[Magallana_gigas]|0.69|0.86	GO:0004623|GO:0005509|GO:0005543|GO:0006644|GO:0016042|GO:0047498
PRED|XP_065935656.1_histone_H2B-like_[Magallana_gigas]|0.72|0.83	GO:0000786|GO:0003677|GO:0030527|GO:0046982
PRED|XP_065935658.1_histone_H2B-like_[Magallana_gigas]|0.72|0.83	GO:0000786|GO:0003677|GO:0030527|GO:0046982
PRED|XP_065935661.1_histone_H2B-like_[Magallana_gigas]|0.72|0.83	GO:0000786|GO:0003677|GO:0030527|GO:0046982
PRED|XP_065935681.1_histone_H2B-like_[Magallana_gigas]|0.72|0.82	GO:0000786|GO:0003677|GO:0030527|GO:0046982
PRED|XP_065935682.1_histone_H2B-like_[Magallana_gigas]|0.72|0.82	GO:0000786|GO:0003677|GO:0030527|GO:0046982
PRED|XP_065935683.1_histone_H2B_[Magallana_gigas]|0.97|0.87	GO:0000786|GO:0003677|GO:0030527|GO:0046982
PRED|XP_065935684.1_histone_H2B_[Magallana_gigas]|0.97|0.87	GO:0000786|GO:0003677|GO:0030527|GO:0046982
PRED|XP_065935685.1_histone_H2B_[Magallana_gigas]|0.97|0.87	GO:0000786|GO:0003677|GO:0030527|GO:0046982
PRED|XP_065935686.1_histone_H2B_[Magallana_gigas]|0.97|0.87	GO:0000786|GO:0003677|GO:0030527|GO:0046982
PRED|XP_065935705.1_histone_H2B_[Magallana_gigas]|0.97|0.87	GO:0000786|GO:0003677|GO:0030527|GO:0046982
PRED|XP_065935707.1_histone_H4_[Magallana_gigas]|0.95|0.84	GO:0003677|GO:0030527|GO:0046982
PRED|XP_065935708.1_histone_H4_[Magallana_gigas]|0.95|0.84	GO:0003677|GO:0030527|GO:0046982
PRED|XP_065935709.1_histone_H4_[Magallana_gigas]|0.95|0.84	GO:0003677|GO:0030527|GO:0046982
PRED|XP_065935710.1_histone_H4_[Magallana_gigas]|0.95|0.84	GO:0003677|GO:0030527|GO:0046982
PRED|XP_065935711.1_histone_H4_[Magallana_gigas]|0.95|0.83	GO:0003677|GO:0030527|GO:0046982
PRED|XP_065935712.1_histone_H4_[Magallana_gigas]|0.95|0.84	GO:0003677|GO:0030527|GO:0046982
PRED|XP_065935713.1_histone_H4_[Magallana_gigas]|0.95|0.83	GO:0003677|GO:0030527|GO:0046982
PRED|XP_065935714.1_histone_H4_[Magallana_gigas]|0.95|0.84	GO:0003677|GO:0030527|GO:0046982
PRED|XP_065935716.1_histone_H4_[Magallana_gigas]|0.95|0.79	GO:0003677|GO:0030527|GO:0046982
PRED|XP_065935717.1_histone_H4_[Magallana_gigas]|0.95|0.84	GO:0003677|GO:0030527|GO:0046982
PRED|XP_065935718.1_histone_H4_[Magallana_gigas]|0.95|0.84	GO:0003677|GO:0030527|GO:0046982
PRED|XP_065937225.1_multiple_epidermal_growth_factor-like_domains_protein_11_isoform_X3_[Magallana_gigas]|0.72|0.7	GO:0005044
PRED|XP_065937808.1_BPTI/Kunitz_domain-containing_protein-like_[Magallana_gigas]|0.99|0.92	GO:0005615|GO:0010466
PRED|XP_065937826.1_eppin-like_[Magallana_gigas]|1.0|0.93	GO:0005615|GO:0010466
PRED|XP_065938543.1_multiple_epidermal_growth_factor-like_domains_protein_10_isoform_X2_[Magallana_gigas]|0.66|0.81	GO:0005044
PRED|XP_065940930.1_eppin-like_[Magallana_gigas]|0.8|0.93	GO:0005615|GO:0010466
PRED|XP_065941261.1_fibropellin-3-like_[Magallana_gigas]|0.54|0.93	GO:0005112|GO:0007219
PRED|XP_065941967.1_protein_draper-like_[Magallana_gigas]|0.88|0.86	GO:0005044
PRED|XP_066160244.1_ubiquitin-ribosomal_protein_eL40z_fusion_protein-like_[Oryza_sativa_Japonica_Group]|0.99|0.93	GO:0006412
PRED|XP_066160716.1_non-specific_lipid-transfer_protein_2P_[Oryza_sativa_Japonica_Group]|0.99|0.94	GO:0006869
PRED|XP_066160717.1_non-specific_lipid-transfer_protein_2P_[Oryza_sativa_Japonica_Group]|0.99|0.94	GO:0006869
PRED|XP_066160718.1_non-specific_lipid-transfer_protein_2P_[Oryza_sativa_Japonica_Group]|0.99|0.95	GO:0006869
PRED|XP_066160719.1_non-specific_lipid-transfer_protein_2P_[Oryza_sativa_Japonica_Group]|0.99|0.94	GO:0006869
PRED|XP_066160720.1_non-specific_lipid-transfer_protein_2P_[Oryza_sativa_Japonica_Group]|0.99|0.95	GO:0006869
PRED|XP_066160721.1_non-specific_lipid-transfer_protein_2P_[Oryza_sativa_Japonica_Group]|0.99|0.94	GO:0006869
PRED|XP_066160722.1_non-specific_lipid-transfer_protein_2P_[Oryza_sativa_Japonica_Group]|0.99|0.94	GO:0006869
PRED|XP_066160723.1_non-specific_lipid-transfer_protein_2P_[Oryza_sativa_Japonica_Group]|0.99|0.94	GO:0006869
PRED|XP_066160724.1_non-specific_lipid-transfer_protein_2P_[Oryza_sativa_Japonica_Group]|0.99|0.95	GO:0006869
PRED|XP_066160725.1_non-specific_lipid-transfer_protein_2P_[Oryza_sativa_Japonica_Group]|0.99|0.94	GO:0006869
PRED|XP_066160726.1_non-specific_lipid-transfer_protein_2P_[Oryza_sativa_Japonica_Group]|0.99|0.9	GO:0006869
PRED|XP_066160727.1_non-specific_lipid-transfer_protein_2P_[Oryza_sativa_Japonica_Group]|0.96|0.95	GO:0006869
PRED|XP_066161551.1_non-specific_lipid-transfer_protein_1_[Oryza_sativa_Japonica_Group]|1.0|0.93	GO:0006869|GO:0008289
PRED|XP_066161552.1_non-specific_lipid-transfer_protein_1_[Oryza_sativa_Japonica_Group]|1.0|0.93	GO:0006869|GO:0008289
PRED|XP_066161553.1_non-specific_lipid-transfer_protein_1_[Oryza_sativa_Japonica_Group]|1.0|0.93	GO:0006869|GO:0008289
PRED|XP_066161554.1_non-specific_lipid-transfer_protein_1_[Oryza_sativa_Japonica_Group]|1.0|0.93	GO:0006869|GO:0008289
PRED|XP_066167595.1_histone_H2B.1-like_[Oryza_sativa_Japonica_Group]|0.51|0.79	GO:0000786|GO:0003677|GO:0030527|GO:0046982
PRED|XP_066168555.1_non-specific_lipid-transfer_protein_2_[Oryza_sativa_Japonica_Group]|0.64|0.9	GO:0006869
PRED|XP_066168789.1_ubiquitin-ribosomal_protein_eL40_fusion_protein_[Oryza_sativa_Japonica_Group]|0.91|0.72	GO:0006412
PRED|XP_068071663.1_chemokine_(C-C_motif)_ligand_38_duplicate_1_isoform_X1_[Danio_rerio]|0.52|0.74	GO:0005576|GO:0006955|GO:0008009
PRED|XP_068073648.1_chemokine-like_protein_TAFA-5_isoform_X1_[Danio_rerio]|0.74|0.85	GO:0001664|GO:0005615|GO:0007186|GO:0048018
PRED|XP_068073670.1_histone_H2B_1/2-like_[Danio_rerio]|1.0|0.89	GO:0000786|GO:0003677|GO:0030527|GO:0046982
PRED|XP_068073673.1_histone_H2B_1/2-like_isoform_X1_[Danio_rerio]|0.97|0.82	GO:0000786|GO:0003677|GO:0030527|GO:0046982
PRED|XP_068073674.1_histone_H2B_1/2-like_isoform_X2_[Danio_rerio]|1.0|0.89	GO:0000786|GO:0003677|GO:0030527|GO:0046982
PRED|XP_068073684.1_histone_H4_[Danio_rerio]|0.95|0.84	GO:0003677|GO:0030527|GO:0046982
PRED|XP_068073686.2_histone_H4_[Danio_rerio]|0.95|0.84	GO:0003677|GO:0030527|GO:0046982
PRED|XP_068073688.1_histone_H3-like_[Danio_rerio]|0.52|0.7	GO:0000786|GO:0003677|GO:0030527|GO:0046982
PRED|XP_068077912.1_agouti_signaling_protein_1_isoform_X1_[Danio_rerio]|0.72|0.82	GO:0005184|GO:0005576|GO:0005615|GO:0009755|GO:0031779|GO:0032438
PRED|XP_068078556.1_histone_H4_[Danio_rerio]|0.95|0.84	GO:0003677|GO:0030527|GO:0046982
PRED|XP_068078557.1_histone_H4_[Danio_rerio]|0.95|0.84	GO:0003677|GO:0030527|GO:0046982
PRED|XP_068078558.1_histone_H4_[Danio_rerio]|0.95|0.84	GO:0003677|GO:0030527|GO:0046982
PRED|XP_068078619.1_histone_H4_[Danio_rerio]|0.95|0.84	GO:0003677|GO:0030527|GO:0046982
PRED|XP_068078631.1_histone_H4_[Danio_rerio]|0.95|0.83	GO:0003677|GO:0030527|GO:0046982
PRED|XP_068078632.1_histone_H4_[Danio_rerio]|0.95|0.83	GO:0003677|GO:0030527|GO:0046982
PRED|XP_068078633.1_histone_H4_[Danio_rerio]|0.95|0.8	GO:0003677|GO:0030527|GO:0046982
PRED|XP_068078634.1_histone_H4_[Danio_rerio]|0.95|0.83	GO:0003677|GO:0030527|GO:0046982
PRED|XP_068078907.1_histone_H2B_1/2_[Danio_rerio]|1.0|0.89	GO:0000786|GO:0003677|GO:0030527|GO:0046982
PRED|XP_068079761.1_norrin_isoform_X2_[Danio_rerio]|0.78|0.85	GO:0005109|GO:0005125|GO:0005615|GO:0016055|GO:0045893|GO:0062023|GO:0110135
PRED|XP_070660634.1_uncharacterized_protein_[Malus_domestica]|0.73|0.89	GO:0005576|GO:0009567|GO:0031982|GO:0080155|GO:2000008
PRED|XP_070662602.1_translation_initiation_factor_IF3-1_mitochondrial-like_isoform_X1_[Malus_domestica]|0.52|0.9	GO:0003743|GO:0006413
PRED|XP_070662603.1_translation_initiation_factor_IF3-1_mitochondrial-like_isoform_X2_[Malus_domestica]|0.62|0.87	GO:0003743|GO:0006413
PRED|XP_070662604.1_translation_initiation_factor_IF3-1_mitochondrial-like_isoform_X2_[Malus_domestica]|0.62|0.87	GO:0003743|GO:0006413
PRED|XP_070663491.1_probable_histone_H2B.1_[Malus_domestica]|0.75|0.81	GO:0000786|GO:0003677|GO:0030527|GO:0046982
PRED|XP_070664688.1_outer_envelope_pore_protein_16-4_chloroplastic_isoform_X1_[Malus_domestica]|0.61|0.79	GO:0008320|GO:0030943|GO:0042721|GO:0045039
PRED|XP_070666834.1_large_ribosomal_subunit_protein_P1-like_[Malus_domestica]|0.56|0.74	GO:0002181|GO:0003735|GO:0022625|GO:0030295|GO:0043021
PRED|XP_070667984.1_potassium_transporter_3-like_[Malus_domestica]|0.8|0.74	GO:0006813|GO:0015079|GO:0016020|GO:0071805
PRED|XP_070668287.1_blue_copper_protein-like_[Malus_domestica]|0.65|0.85	GO:0005886|GO:0009055
PRED|XP_070670845.1_uncharacterized_protein_[Malus_domestica]|0.7|0.76	GO:0042543
PRED|XP_070671794.1_non-specific_lipid-transfer_protein_2-like_[Malus_domestica]|0.94|0.87	GO:0006869
PRED|XP_070672143.1_uncharacterized_protein_[Malus_domestica]|0.73|0.82	GO:0003676
PRED|XP_070672457.1_non-specific_lipid-transfer_protein_1-like_[Malus_domestica]|0.92|0.84	GO:0006869|GO:0008289
PRED|XP_070672595.1_non-specific_lipid-transfer_protein_2-like_[Malus_domestica]|0.98|0.91	GO:0006869
PRED|XP_070674358.1_probable_histone_H2B.1_[Malus_domestica]|0.62|0.78	GO:0000786|GO:0003677|GO:0030527|GO:0046982
PRED|XP_070674763.1_non-specific_lipid-transfer_protein_1-like_[Malus_domestica]|0.55|0.91	GO:0006869|GO:0008289
PRED|XP_070675563.1_zinc_finger_CCCH_domain-containing_protein_32-like_[Malus_domestica]|0.89|0.73	GO:0046872
PRED|XP_070676692.1_phosphoenolpyruvate_carboxykinase_(ATP)-like_[Malus_domestica]|0.89|0.86	GO:0004611|GO:0004612|GO:0005524|GO:0005829|GO:0006094|GO:0017076
PRED|XP_070677957.1_putative_lipid-transfer_protein_DIR1_[Malus_domestica]|0.98|0.88	GO:0005504|GO:0009627
PRED|XP_070678375.1_polyol_transporter_5-like_[Malus_domestica]|0.52|0.81	GO:0015144|GO:0016020|GO:0022857|GO:0055085
PRED|XP_070678376.1_polyol_transporter_5-like_[Malus_domestica]|0.52|0.81	GO:0015144|GO:0016020|GO:0022857|GO:0055085
PRED|XP_070678377.1_polyol_transporter_5-like_[Malus_domestica]|0.52|0.81	GO:0015144|GO:0016020|GO:0022857|GO:0055085
PRED|XP_070678378.1_polyol_transporter_5-like_[Malus_domestica]|0.52|0.81	GO:0015144|GO:0016020|GO:0022857|GO:0055085
PRED|XP_070679779.1_zinc_finger_CCCH_domain-containing_protein_32-like_isoform_X3_[Malus_domestica]|0.74|0.8	GO:0046872
PRED|XP_070681770.1_probable_histone_H2B.1_[Malus_domestica]|0.55|0.76	GO:0000786|GO:0003677|GO:0030527|GO:0046982
PRED|XP_070682864.1_LOW_QUALITY_PROTEIN:_defensin-like_protein_19_[Malus_domestica]|1.0|0.96	GO:0006952
PRED|XP_070682905.1_uncharacterized_protein_[Malus_domestica]|0.6|0.89	GO:0005739|GO:0033617
PRED|XP_073385391.1_uncharacterized_protein_[Physcomitrium_patens]|0.74|0.72	GO:0000786|GO:0003677|GO:0030527|GO:0046982
PRED|XP_073386141.1_histone_H4-like_[Physcomitrium_patens]|0.97|0.83	GO:0003677|GO:0030527|GO:0046982
PRED|XP_073386993.1_PHD_finger-like_domain-containing_protein_5A_[Physcomitrium_patens]|0.88|0.9	GO:0000398
PRED|XP_073387950.1_histone_H4_[Physcomitrium_patens]|0.96|0.86	GO:0003677|GO:0030527|GO:0046982
PRED|XP_073388054.1_mitochondrial_protein_pet191_homolog_isoform_X1_[Physcomitrium_patens]|0.56|0.85	GO:0005739|GO:0033617
PRED|XP_073388157.1_CASP-like_protein_5A1_[Physcomitrium_patens]|0.91|0.89	GO:0016020
PRED|XP_073388158.1_CASP-like_protein_5A1_[Physcomitrium_patens]|0.91|0.89	GO:0016020
PRED|XP_073388159.1_CASP-like_protein_5A1_[Physcomitrium_patens]|0.91|0.89	GO:0016020
PRED|XP_073388160.1_CASP-like_protein_5A1_[Physcomitrium_patens]|0.91|0.89	GO:0016020
PRED|XP_073388161.1_CASP-like_protein_5A1_[Physcomitrium_patens]|0.91|0.89	GO:0016020
PRED|XP_073388162.1_CASP-like_protein_5A1_[Physcomitrium_patens]|0.91|0.89	GO:0016020
PRED|XP_073388163.1_CASP-like_protein_5A1_[Physcomitrium_patens]|0.91|0.89	GO:0016020
PRED|XP_073390684.1_histone_H4_[Physcomitrium_patens]|0.96|0.87	GO:0003677|GO:0030527|GO:0046982
PRED|XP_073391302.1_wound-induced_protein_WIN1_isoform_X1_[Physcomitrium_patens]|0.5|0.73	GO:0008061
PRED|XP_073391724.1_expansin-A11_[Physcomitrium_patens]|0.99|0.77	GO:0005576|GO:0009664
PRED|XP_073392775.1_NAD(P)H-quinone_oxidoreductase_subunit_N_chloroplastic-like_isoform_X2_[Physcomitrium_patens]|0.87|0.74	GO:0016020|GO:0016655
PRED|XP_073394550.1_histone_H4_[Physcomitrium_patens]|0.96|0.87	GO:0003677|GO:0030527|GO:0046982
PRED|XP_073394993.1_senescence/dehydration-associated_protein_At3g51250-like_[Physcomitrium_patens]|0.82|0.71	GO:0005886
PRED|XP_073395905.1_histone_H4_[Physcomitrium_patens]|0.96|0.87	GO:0003677|GO:0030527|GO:0046982
PRED|XP_073762156.1_glycoprotein_hormone_alpha-2_isoform_X1_[Danio_rerio]|0.81|0.88	GO:0005179|GO:0005576|GO:0005615|GO:0007166|GO:0051427
PRED|XP_073762458.1_follitropin_subunit_beta_isoform_X1_[Danio_rerio]|0.67|0.83	GO:0005179|GO:0005576|GO:0005615|GO:0005737|GO:0007186|GO:0030728
PRED|XP_073762459.1_follitropin_subunit_beta_isoform_X2_[Danio_rerio]|0.79|0.84	GO:0005179|GO:0005576|GO:0005615|GO:0005737|GO:0007186|GO:0030728
PRED|XP_073762460.1_follitropin_subunit_beta_isoform_X3_[Danio_rerio]|0.99|0.81	GO:0005179|GO:0005576|GO:0005615|GO:0005737|GO:0007186|GO:0030728
PRED|XP_073762554.1_serum_amyloid_A_isoform_X1_[Danio_rerio]|1.0|0.85	GO:0005576
PRED|XP_073763828.1_histone_H3_[Danio_rerio]|0.52|0.7	GO:0000786|GO:0003677|GO:0030527|GO:0046982
PRED|XP_073764104.1_histone_H2B_1/2-like_[Danio_rerio]|1.0|0.89	GO:0000786|GO:0003677|GO:0030527|GO:0046982
PRED|XP_073771641.1_CCHC-type_zinc_finger_nucleic_acid_binding_protein_b_isoform_X1_[Danio_rerio]|0.64|0.91	GO:0003676|GO:0008270
PRED|XP_073771723.1_prepro-urotensin_II-beta_isoform_X1_[Danio_rerio]|0.89|0.84	GO:0005179|GO:0005576|GO:0008217|GO:0097746
PRED|XP_073773241.1_acylphosphatase-2_isoform_X2_[Danio_rerio]|0.6|0.78	GO:0003998
PRED|XP_073775697.1_interferon_alpha_inducible_protein_27.6_isoform_X1_[Danio_rerio]|0.94|0.91	GO:0001836|GO:0016020|GO:0031966|GO:0097193
PRED|XP_073777562.1_lysozyme_g-like_isoform_X1_[Danio_rerio]|0.97|0.73	GO:0003796|GO:0005576|GO:0009253|GO:0050830
PRED|XP_073777822.1_trypsin_inhibitor_ClTI-1-like_[Danio_rerio]|0.91|0.83	GO:0004867
PRED|XP_073780860.1_hepcidin-1_isoform_X1_[Danio_rerio]|1.0|0.94	GO:0005576|GO:0006879
PRED|XP_073780861.1_hepcidin-1_isoform_X2_[Danio_rerio]|1.0|0.94	GO:0005576|GO:0006879
PRED|XP_073784666.1_granulysin_[Danio_rerio]|0.99|0.86	GO:0042742
PRED|XP_073786693.1_granulin_2_isoform_X1_[Danio_rerio]|0.6|0.8	GO:0005576
PRED|XP_073789343.1_chemokine_(C-C_motif)_ligand_38_duplicate_1_isoform_X2_[Danio_rerio]|0.8|0.76	GO:0005576|GO:0006955|GO:0008009
PRED|XP_073793246.1_interferon_phi_1_isoform_X1_[Danio_rerio]|0.95|0.81	GO:0005126|GO:0005576|GO:0006952
PRED|XP_073794291.1_H3_histone_family_3A_isoform_X1_[Danio_rerio]|0.5|0.74	GO:0000786|GO:0003677|GO:0030527|GO:0046982
PRED|XP_073796064.1_C-C_motif_chemokine_34b.8_isoform_X1_[Danio_rerio]|0.86|0.9	GO:0005576|GO:0006955|GO:0008009
PRED|XP_073799042.1_C-C_motif_chemokine_22-like_[Danio_rerio]|0.98|0.89	GO:0005576|GO:0006955|GO:0008009
PRED|XP_073799043.1_C-C_motif_chemokine_22-like_[Danio_rerio]|0.98|0.89	GO:0005576|GO:0006955|GO:0008009
PRED|XP_073799374.1_chemokine-like_protein_TAFA-5_isoform_X2_[Danio_rerio]|0.85|0.83	GO:0001664|GO:0005615|GO:0007186|GO:0048018
PRED|XP_073799480.1_histone_H1-like_[Danio_rerio]|0.89|0.84	GO:0000786|GO:0003677|GO:0006334|GO:0030527
PRED|XP_073799481.1_histone_H1-like_[Danio_rerio]|0.89|0.83	GO:0000786|GO:0003677|GO:0006334|GO:0030527
PRED|XP_073799482.1_histone_H1-like_[Danio_rerio]|0.92|0.81	GO:0000786|GO:0003677|GO:0006334|GO:0030527
PRED|XP_073799484.1_histone_H4_[Danio_rerio]|0.95|0.84	GO:0003677|GO:0030527|GO:0046982
PRED|XP_073799537.1_histone_H1-like_[Danio_rerio]|0.84|0.83	GO:0000786|GO:0003677|GO:0006334|GO:0030527
PRED|XP_073799538.1_histone_H1-like_[Danio_rerio]|0.85|0.82	GO:0000786|GO:0003677|GO:0006334|GO:0030527
PRED|XP_073799540.1_histone_H4_[Danio_rerio]|0.95|0.81	GO:0003677|GO:0030527|GO:0046982
PRED|XP_073799541.1_histone_H4_[Danio_rerio]|0.95|0.84	GO:0003677|GO:0030527|GO:0046982
PRED|XP_073799542.1_histone_H2A-like_[Danio_rerio]|1.0|0.74	GO:0000786|GO:0003677|GO:0030527|GO:0046982
PRED|XP_073799584.1_calcitonin_gene-related_peptide_1-like_isoform_X2_[Danio_rerio]|0.76|0.84	GO:0005179|GO:0005576|GO:0005615|GO:0007189|GO:0031716|GO:0051480
PRED|XP_073799585.1_calcitonin_gene-related_peptide_1-like_isoform_X2_[Danio_rerio]|0.76|0.84	GO:0005179|GO:0005576|GO:0005615|GO:0007189|GO:0031716|GO:0051480
PRED|XP_073799586.1_calcitonin_gene-related_peptide_1-like_isoform_X2_[Danio_rerio]|0.76|0.84	GO:0005179|GO:0005576|GO:0005615|GO:0007189|GO:0031716|GO:0051480
PRED|XP_073801616.1_insulin-like_growth_factor_1_isoform_X1_[Danio_rerio]|0.66|0.82	GO:0001932|GO:0005159|GO:0005179|GO:0005576|GO:0005615|GO:0008083|GO:0008283|GO:0008284|GO:0043066|GO:0048009|GO:0051897
PRED|XP_073805053.1_uncharacterized_protein_isoform_X2_[Danio_rerio]|0.51|0.77	GO:0000981|GO:0005634|GO:0006357
PRED|XP_073805055.1_uncharacterized_protein_isoform_X2_[Danio_rerio]|0.51|0.76	GO:0000981|GO:0005634|GO:0006357
PRED|XP_073805056.1_uncharacterized_protein_isoform_X2_[Danio_rerio]|0.51|0.72	GO:0000978|GO:0003700|GO:0006357
PRED|XP_073807277.1_platelet_basic_protein_isoform_X2_[Danio_rerio]|0.99|0.84	GO:0005576|GO:0006955|GO:0008009
PRED|XP_073808084.1_scavenger_receptor_class_F_member_2_[Danio_rerio]|0.97|0.7	GO:0005044|GO:0005925|GO:0007157
PRED|XP_073808506.1_prokineticin-2_isoform_X1_[Danio_rerio]|0.9|0.85	GO:0001935
PRED|XP_073808507.1_prokineticin-2_isoform_X1_[Danio_rerio]|0.9|0.85	GO:0001935
PRED|XP_073808508.1_prokineticin-2_isoform_X1_[Danio_rerio]|0.9|0.85	GO:0001935
PRED|XP_073809520.1_insulin-like_growth_factor-binding_protein_5a_isoform_X1_[Danio_rerio]|0.94|0.75	GO:0001968|GO:0005615|GO:0031994|GO:0031995|GO:0043567
PRED|XP_073809523.1_agouti_signaling_protein_1_isoform_X2_[Danio_rerio]|0.98|0.82	GO:0005184|GO:0005576|GO:0005615|GO:0009755|GO:0031779|GO:0032438
PRED|XP_073809524.1_agouti_signaling_protein_1_isoform_X2_[Danio_rerio]|0.98|0.82	GO:0005184|GO:0005576|GO:0005615|GO:0009755|GO:0031779|GO:0032438
PRED|XP_073809525.1_agouti_signaling_protein_1_isoform_X2_[Danio_rerio]|0.98|0.82	GO:0005184|GO:0005576|GO:0005615|GO:0009755|GO:0031779|GO:0032438
PRED|XP_073809526.1_agouti_signaling_protein_1_isoform_X3_[Danio_rerio]|0.69|0.83	GO:0005184|GO:0005576|GO:0005615|GO:0009755|GO:0031779|GO:0032438
PRED|XP_075911209.1_chymotrypsin-like_elastase_family_member_3A_[Petromyzon_marinus]|0.81|0.72	GO:0004252|GO:0005615|GO:0006508
PRED|XP_075912636.1_lysozyme_g-like_isoform_X1_[Petromyzon_marinus]|0.96|0.83	GO:0003796|GO:0005576|GO:0009253|GO:0050830
PRED|XP_075912637.1_lysozyme_g-like_isoform_X2_[Petromyzon_marinus]|0.96|0.83	GO:0003796|GO:0005576|GO:0009253|GO:0050830
PRED|XP_075913225.1_kremen_protein_2_[Petromyzon_marinus]|0.87|0.81	GO:0005886|GO:0007275
PRED|XP_075914256.1_BPTI/Kunitz_domain-containing_protein-like_[Petromyzon_marinus]|0.89|0.75	GO:0004867|GO:0005615
PRED|XP_075916160.1_anti-apoptotic_protein_NR13-like_[Petromyzon_marinus]|0.71|0.81	GO:0042981
PRED|XP_075916214.1_anti-apoptotic_protein_NR13-like_[Petromyzon_marinus]|0.71|0.81	GO:0042981
PRED|XP_075916222.1_cell_division_cycle_protein_20_homolog_[Petromyzon_marinus]|0.91|0.75	GO:0005680|GO:0010997|GO:0031145|GO:0097027|GO:1904668|GO:1905786|GO:1990757
PRED|XP_075916233.1_cell_division_cycle_protein_20_homolog_[Petromyzon_marinus]|0.91|0.75	GO:0005680|GO:0010997|GO:0031145|GO:0097027|GO:1904668|GO:1905786|GO:1990757
PRED|XP_075916243.1_cell_division_cycle_protein_20_homolog_[Petromyzon_marinus]|0.91|0.75	GO:0005680|GO:0010997|GO:0031145|GO:0097027|GO:1904668|GO:1905786|GO:1990757
PRED|XP_075918260.1_anti-apoptotic_protein_NR13-like_[Petromyzon_marinus]|0.71|0.81	GO:0042981
PRED|XP_075920358.1_ubiquitin-ribosomal_protein_eL40_fusion_protein_isoform_X2_[Petromyzon_marinus]|0.77|0.86	GO:0006412
PRED|XP_075920360.1_ubiquitin-ribosomal_protein_eL40_fusion_protein_isoform_X2_[Petromyzon_marinus]|0.77|0.88	GO:0006412
PRED|XP_075921126.1_ubiquitin-like_FUBI-ribosomal_protein_eS30_fusion_protein_[Petromyzon_marinus]|0.65|0.9	GO:0003735|GO:0005840|GO:0006412|GO:0022627
PRED|XP_075921302.1_LOW_QUALITY_PROTEIN:_pleiotrophin-B_[Petromyzon_marinus]|1.0|0.92	GO:0008083
PRED|XP_075921790.1_ankyrin_repeat_domain-containing_protein_39_[Petromyzon_marinus]|0.68|0.71	GO:0005515
PRED|XP_075921791.1_ankyrin_repeat_domain-containing_protein_39_[Petromyzon_marinus]|0.68|0.71	GO:0005515
PRED|XP_075921829.1_group_XIIB_secretory_phospholipase_A2-like_protein_isoform_X1_[Petromyzon_marinus]|0.52|0.72	GO:0004623|GO:0005509|GO:0005576|GO:0016042|GO:0042632|GO:0070328
PRED|XP_075922164.1_insulin-like_growth_factor-binding_protein_5_[Petromyzon_marinus]|0.76|0.73	GO:0005615|GO:0031994|GO:0031995|GO:0043567
PRED|XP_075922260.1_uncharacterized_protein_LOC116943799_isoform_X1_[Petromyzon_marinus]|0.52|0.72	GO:0005576|GO:0090729
PRED|XP_075924218.1_tissue_factor_pathway_inhibitor_2_isoform_X2_[Petromyzon_marinus]|0.63|0.77	GO:0004867|GO:0005576|GO:0005615|GO:0010466|GO:0030414
PRED|XP_075924762.1_midkine-B-like_[Petromyzon_marinus]|0.99|0.7	GO:0008083
PRED|XP_075926409.1_phospholipase_A2_A2-actitoxin-Cgg2a-like_[Petromyzon_marinus]|0.89|0.84	GO:0004623|GO:0005509|GO:0005543|GO:0006644|GO:0016042|GO:0047498
PRED|XP_075926818.1_chemokine-like_protein_TAFA-5_isoform_X1_[Petromyzon_marinus]|0.54|0.84	GO:0001664|GO:0005615|GO:0007186|GO:0048018
PRED|XP_075926821.1_chemokine-like_protein_TAFA-5_isoform_X1_[Petromyzon_marinus]|0.54|0.84	GO:0001664|GO:0005615|GO:0007186|GO:0048018
PRED|XP_075926822.1_chemokine-like_protein_TAFA-5_isoform_X1_[Petromyzon_marinus]|0.54|0.84	GO:0001664|GO:0005615|GO:0007186|GO:0048018
PRED|XP_075926824.1_chemokine-like_protein_TAFA-5_isoform_X1_[Petromyzon_marinus]|0.54|0.84	GO:0001664|GO:0005615|GO:0007186|GO:0048018
PRED|XP_075926825.1_chemokine-like_protein_TAFA-5_isoform_X1_[Petromyzon_marinus]|0.54|0.84	GO:0001664|GO:0005615|GO:0007186|GO:0048018
PRED|XP_075926826.1_chemokine-like_protein_TAFA-5_isoform_X1_[Petromyzon_marinus]|0.54|0.84	GO:0001664|GO:0005615|GO:0007186|GO:0048018
PRED|XP_075926827.1_chemokine-like_protein_TAFA-5_isoform_X1_[Petromyzon_marinus]|0.54|0.84	GO:0001664|GO:0005615|GO:0007186|GO:0048018
PRED|XP_075926828.1_chemokine-like_protein_TAFA-5_isoform_X1_[Petromyzon_marinus]|0.54|0.84	GO:0001664|GO:0005615|GO:0007186|GO:0048018
PRED|XP_075926829.1_chemokine-like_protein_TAFA-5_isoform_X1_[Petromyzon_marinus]|0.54|0.76	GO:0001664|GO:0005615|GO:0007186|GO:0048018
PRED|XP_075926830.1_chemokine-like_protein_TAFA-5_isoform_X1_[Petromyzon_marinus]|0.54|0.84	GO:0001664|GO:0005615|GO:0007186|GO:0048018
PRED|XP_075926831.1_chemokine-like_protein_TAFA-5_isoform_X1_[Petromyzon_marinus]|0.54|0.84	GO:0001664|GO:0005615|GO:0007186|GO:0048018
PRED|XP_075926832.1_chemokine-like_protein_TAFA-5_isoform_X1_[Petromyzon_marinus]|0.54|0.84	GO:0001664|GO:0005615|GO:0007186|GO:0048018
PRED|XP_075926833.1_chemokine-like_protein_TAFA-5_isoform_X1_[Petromyzon_marinus]|0.54|0.84	GO:0001664|GO:0005615|GO:0007186|GO:0048018
PRED|XP_075926834.1_chemokine-like_protein_TAFA-5_isoform_X1_[Petromyzon_marinus]|0.54|0.84	GO:0001664|GO:0005615|GO:0007186|GO:0048018
PRED|XP_075926835.1_chemokine-like_protein_TAFA-5_isoform_X1_[Petromyzon_marinus]|0.54|0.84	GO:0001664|GO:0005615|GO:0007186|GO:0048018
PRED|XP_075926836.1_chemokine-like_protein_TAFA-5_isoform_X1_[Petromyzon_marinus]|0.54|0.84	GO:0001664|GO:0005615|GO:0007186|GO:0048018
PRED|XP_075926837.1_chemokine-like_protein_TAFA-5_isoform_X2_[Petromyzon_marinus]|0.56|0.85	GO:0001664|GO:0005615|GO:0007186|GO:0048018
PRED|XP_075926928.1_histone_H3-like_[Petromyzon_marinus]|0.95|0.72	GO:0000786|GO:0003677|GO:0030527|GO:0046982
PRED|XP_075926929.1_histone_H4_[Petromyzon_marinus]|0.95|0.83	GO:0003677|GO:0030527|GO:0046982
PRED|XP_075926930.1_histone_H2B_type_3-B-like_[Petromyzon_marinus]|0.87|0.71	GO:0000786|GO:0003677|GO:0030527|GO:0046982
PRED|XP_075926933.1_histone_H3_[Petromyzon_marinus]|0.95|0.72	GO:0000786|GO:0003677|GO:0030527|GO:0046982
PRED|XP_075926938.1_histone_H4-like_[Petromyzon_marinus]|0.94|0.84	GO:0003677|GO:0030527|GO:0046982
PRED|XP_075926940.1_histone_H4-like_[Petromyzon_marinus]|0.79|0.83	GO:0003677|GO:0030527|GO:0046982
PRED|XP_075926941.1_histone_H3_[Petromyzon_marinus]|0.95|0.71	GO:0000786|GO:0003677|GO:0030527|GO:0046982
PRED|XP_075926943.1_histone_H4-like_[Petromyzon_marinus]|0.89|0.83	GO:0003677|GO:0030527|GO:0046982
PRED|XP_075926944.1_histone_H3_[Petromyzon_marinus]|0.95|0.71	GO:0000786|GO:0003677|GO:0030527|GO:0046982
PRED|XP_075926946.1_histone_H3-like_[Petromyzon_marinus]|0.9|0.7	GO:0000786|GO:0003677|GO:0030527|GO:0046982
PRED|XP_075926949.1_histone_H3-like_[Petromyzon_marinus]|0.93|0.71	GO:0000786|GO:0003677|GO:0030527|GO:0046982
PRED|XP_075926953.1_histone_H4-like_[Petromyzon_marinus]|0.95|0.84	GO:0003677|GO:0030527|GO:0046982
PRED|XP_075926956.1_histone_H3-like_[Petromyzon_marinus]|0.89|0.7	GO:0000786|GO:0003677|GO:0030527|GO:0046982
PRED|XP_075926958.1_histone_H4-like_[Petromyzon_marinus]|0.86|0.83	GO:0003677|GO:0030527|GO:0046982
PRED|XP_075926959.1_histone_H2B_1.1-like_[Petromyzon_marinus]|0.95|0.85	GO:0000786|GO:0003677|GO:0030527|GO:0046982
PRED|XP_075926961.1_histone_H4-like_[Petromyzon_marinus]|0.95|0.83	GO:0003677|GO:0030527|GO:0046982
PRED|XP_075926962.1_histone_H3-like_[Petromyzon_marinus]|0.95|0.71	GO:0000786|GO:0003677|GO:0030527|GO:0046982
PRED|XP_075926966.1_histone_H4-like_[Petromyzon_marinus]|0.95|0.84	GO:0003677|GO:0030527|GO:0046982
PRED|XP_075926969.1_histone_H2B_type_1-P-like_[Petromyzon_marinus]|0.93|0.85	GO:0000786|GO:0003677|GO:0030527|GO:0046982
PRED|XP_075926972.1_histone_H2B_type_3-B-like_[Petromyzon_marinus]|0.97|0.85	GO:0000786|GO:0003677|GO:0030527|GO:0046982
PRED|XP_075926973.1_histone_H4_[Petromyzon_marinus]|0.95|0.83	GO:0003677|GO:0030527|GO:0046982
PRED|XP_075926975.1_histone_H4_[Petromyzon_marinus]|0.95|0.84	GO:0003677|GO:0030527|GO:0046982
PRED|XP_075926978.1_histone_H3_[Petromyzon_marinus]|0.95|0.71	GO:0000786|GO:0003677|GO:0030527|GO:0046982
PRED|XP_075926979.1_histone_H2B_type_3-B-like_[Petromyzon_marinus]|0.97|0.85	GO:0000786|GO:0003677|GO:0030527|GO:0046982
PRED|XP_075926980.1_histone_H4_[Petromyzon_marinus]|0.95|0.84	GO:0003677|GO:0030527|GO:0046982
PRED|XP_075926991.1_histone_H3_[Petromyzon_marinus]|0.95|0.71	GO:0000786|GO:0003677|GO:0030527|GO:0046982
PRED|XP_075926992.1_histone_H3_[Petromyzon_marinus]|0.95|0.71	GO:0000786|GO:0003677|GO:0030527|GO:0046982
PRED|XP_075926993.1_histone_H3_[Petromyzon_marinus]|0.95|0.71	GO:0000786|GO:0003677|GO:0030527|GO:0046982
PRED|XP_075926994.1_histone_H3_[Petromyzon_marinus]|0.95|0.71	GO:0000786|GO:0003677|GO:0030527|GO:0046982
PRED|XP_075926995.1_histone_H2B_type_3-B-like_[Petromyzon_marinus]|0.97|0.85	GO:0000786|GO:0003677|GO:0030527|GO:0046982
PRED|XP_075926996.1_histone_H2B_type_3-B-like_[Petromyzon_marinus]|0.97|0.85	GO:0000786|GO:0003677|GO:0030527|GO:0046982
PRED|XP_075926997.1_histone_H2B_type_3-B-like_[Petromyzon_marinus]|0.97|0.75	GO:0000786|GO:0003677|GO:0030527|GO:0046982
PRED|XP_075926998.1_histone_H2B_type_3-B-like_[Petromyzon_marinus]|0.97|0.85	GO:0000786|GO:0003677|GO:0030527|GO:0046982
PRED|XP_075926999.1_histone_H2B_type_3-B-like_[Petromyzon_marinus]|0.97|0.85	GO:0000786|GO:0003677|GO:0030527|GO:0046982
PRED|XP_075927000.1_histone_H4_[Petromyzon_marinus]|0.95|0.84	GO:0003677|GO:0030527|GO:0046982
PRED|XP_075927001.1_histone_H4_[Petromyzon_marinus]|0.95|0.84	GO:0003677|GO:0030527|GO:0046982
PRED|XP_075927002.1_histone_H4_[Petromyzon_marinus]|0.95|0.83	GO:0003677|GO:0030527|GO:0046982
PRED|XP_075927003.1_histone_H4_[Petromyzon_marinus]|0.95|0.84	GO:0003677|GO:0030527|GO:0046982
PRED|XP_075927004.1_histone_H4_[Petromyzon_marinus]|0.95|0.83	GO:0003677|GO:0030527|GO:0046982
PRED|XP_075927005.1_histone_H3_[Petromyzon_marinus]|0.95|0.71	GO:0000786|GO:0003677|GO:0030527|GO:0046982
PRED|XP_075927007.1_histone_H2B_type_3-B_[Petromyzon_marinus]|0.96|0.85	GO:0000786|GO:0003677|GO:0030527|GO:0046982
PRED|XP_075927009.1_histone_H4_[Petromyzon_marinus]|0.95|0.83	GO:0003677|GO:0030527|GO:0046982
PRED|XP_075927011.1_histone_H3_[Petromyzon_marinus]|0.95|0.71	GO:0000786|GO:0003677|GO:0030527|GO:0046982
PRED|XP_075927012.1_histone_H2B_type_3-B-like_[Petromyzon_marinus]|0.97|0.85	GO:0000786|GO:0003677|GO:0030527|GO:0046982
PRED|XP_075927015.1_histone_H4_[Petromyzon_marinus]|0.95|0.83	GO:0003677|GO:0030527|GO:0046982
PRED|XP_075927018.1_histone_H3_[Petromyzon_marinus]|0.95|0.71	GO:0000786|GO:0003677|GO:0030527|GO:0046982
PRED|XP_075927019.1_histone_H3_[Petromyzon_marinus]|0.95|0.71	GO:0000786|GO:0003677|GO:0030527|GO:0046982
PRED|XP_075927020.1_histone_H2B_type_3-B-like_[Petromyzon_marinus]|0.97|0.85	GO:0000786|GO:0003677|GO:0030527|GO:0046982
PRED|XP_075927021.1_histone_H2B_type_3-B-like_[Petromyzon_marinus]|0.97|0.85	GO:0000786|GO:0003677|GO:0030527|GO:0046982
PRED|XP_075927022.1_histone_H4_[Petromyzon_marinus]|0.95|0.84	GO:0003677|GO:0030527|GO:0046982
PRED|XP_075927025.1_histone_H3_[Petromyzon_marinus]|0.95|0.71	GO:0000786|GO:0003677|GO:0030527|GO:0046982
PRED|XP_075927026.1_histone_H2B_type_3-B-like_[Petromyzon_marinus]|0.97|0.75	GO:0000786|GO:0003677|GO:0030527|GO:0046982
PRED|XP_075927028.1_histone_H4_[Petromyzon_marinus]|0.95|0.84	GO:0003677|GO:0030527|GO:0046982
PRED|XP_075927031.1_histone_H2B_type_3-B-like_[Petromyzon_marinus]|0.97|0.85	GO:0000786|GO:0003677|GO:0030527|GO:0046982
PRED|XP_075927032.1_histone_H4_[Petromyzon_marinus]|0.95|0.84	GO:0003677|GO:0030527|GO:0046982
PRED|XP_075927033.1_histone_H3_[Petromyzon_marinus]|0.95|0.71	GO:0000786|GO:0003677|GO:0030527|GO:0046982
PRED|XP_075927037.1_histone_H2B_type_3-B-like_[Petromyzon_marinus]|0.97|0.85	GO:0000786|GO:0003677|GO:0030527|GO:0046982
PRED|XP_075927038.1_histone_H4_[Petromyzon_marinus]|0.95|0.84	GO:0003677|GO:0030527|GO:0046982
PRED|XP_075927042.1_histone_H3_[Petromyzon_marinus]|0.95|0.71	GO:0000786|GO:0003677|GO:0030527|GO:0046982
PRED|XP_075927043.1_histone_H3_[Petromyzon_marinus]|0.95|0.71	GO:0000786|GO:0003677|GO:0030527|GO:0046982
PRED|XP_075927044.1_histone_H2B_type_3-B-like_[Petromyzon_marinus]|0.97|0.85	GO:0000786|GO:0003677|GO:0030527|GO:0046982
PRED|XP_075927045.1_histone_H2B_type_3-B-like_[Petromyzon_marinus]|0.97|0.85	GO:0000786|GO:0003677|GO:0030527|GO:0046982
PRED|XP_075927047.1_histone_H4_[Petromyzon_marinus]|0.95|0.84	GO:0003677|GO:0030527|GO:0046982
PRED|XP_075927048.1_histone_H4_[Petromyzon_marinus]|0.95|0.84	GO:0003677|GO:0030527|GO:0046982
PRED|XP_075927050.1_histone_H3_[Petromyzon_marinus]|0.95|0.71	GO:0000786|GO:0003677|GO:0030527|GO:0046982
PRED|XP_075927051.1_histone_H2B_type_3-B-like_[Petromyzon_marinus]|0.97|0.85	GO:0000786|GO:0003677|GO:0030527|GO:0046982
PRED|XP_075927052.1_histone_H4_[Petromyzon_marinus]|0.95|0.84	GO:0003677|GO:0030527|GO:0046982
PRED|XP_075927054.1_histone_H3_[Petromyzon_marinus]|0.95|0.71	GO:0000786|GO:0003677|GO:0030527|GO:0046982
PRED|XP_075927055.1_histone_H2B_type_3-B-like_[Petromyzon_marinus]|0.97|0.85	GO:0000786|GO:0003677|GO:0030527|GO:0046982
PRED|XP_075927056.1_histone_H4_[Petromyzon_marinus]|0.95|0.84	GO:0003677|GO:0030527|GO:0046982
PRED|XP_075927058.1_histone_H2B_type_3-B-like_[Petromyzon_marinus]|0.97|0.75	GO:0000786|GO:0003677|GO:0030527|GO:0046982
PRED|XP_075927059.1_histone_H4_[Petromyzon_marinus]|0.95|0.84	GO:0003677|GO:0030527|GO:0046982
PRED|XP_075927061.1_histone_H2B_type_3-B-like_[Petromyzon_marinus]|0.97|0.85	GO:0000786|GO:0003677|GO:0030527|GO:0046982
PRED|XP_075927062.1_histone_H4_[Petromyzon_marinus]|0.94|0.89	GO:0003677|GO:0030527|GO:0046982
PRED|XP_075927064.1_histone_H3_[Petromyzon_marinus]|0.95|0.71	GO:0000786|GO:0003677|GO:0030527|GO:0046982
PRED|XP_075927065.1_histone_H2B_type_3-B-like_[Petromyzon_marinus]|0.97|0.85	GO:0000786|GO:0003677|GO:0030527|GO:0046982
PRED|XP_075927066.1_histone_H2B_type_1-P-like_[Petromyzon_marinus]|0.96|0.86	GO:0000786|GO:0003677|GO:0030527|GO:0046982
PRED|XP_075927068.1_histone_H4_[Petromyzon_marinus]|0.95|0.83	GO:0003677|GO:0030527|GO:0046982
PRED|XP_075927073.1_histone_H4_[Petromyzon_marinus]|0.95|0.84	GO:0003677|GO:0030527|GO:0046982
PRED|XP_075927076.1_histone_H3_[Petromyzon_marinus]|0.95|0.71	GO:0000786|GO:0003677|GO:0030527|GO:0046982
PRED|XP_075927077.1_histone_H2B_type_3-B-like_[Petromyzon_marinus]|0.97|0.85	GO:0000786|GO:0003677|GO:0030527|GO:0046982
PRED|XP_075927078.1_histone_H4_[Petromyzon_marinus]|0.95|0.82	GO:0003677|GO:0030527|GO:0046982
PRED|XP_075927079.1_histone_H2B_type_3-B-like_[Petromyzon_marinus]|0.97|0.85	GO:0000786|GO:0003677|GO:0030527|GO:0046982
PRED|XP_075927081.1_histone_H4_[Petromyzon_marinus]|0.95|0.84	GO:0003677|GO:0030527|GO:0046982
PRED|XP_075927082.1_histone_H2B_type_3-B-like_[Petromyzon_marinus]|1.0|0.85	GO:0000786|GO:0003677|GO:0030527|GO:0046982
PRED|XP_075927086.1_histone_H4_[Petromyzon_marinus]|0.95|0.84	GO:0003677|GO:0030527|GO:0046982
PRED|XP_075927087.1_histone_H2B_type_3-B-like_[Petromyzon_marinus]|1.0|0.85	GO:0000786|GO:0003677|GO:0030527|GO:0046982
PRED|XP_075927088.1_histone_H2B_type_3-B-like_[Petromyzon_marinus]|1.0|0.85	GO:0000786|GO:0003677|GO:0030527|GO:0046982
PRED|XP_075927089.1_histone_H3_[Petromyzon_marinus]|0.95|0.71	GO:0000786|GO:0003677|GO:0030527|GO:0046982
PRED|XP_075927093.1_histone_H4_[Petromyzon_marinus]|0.95|0.84	GO:0003677|GO:0030527|GO:0046982
PRED|XP_075927096.1_histone_H3_[Petromyzon_marinus]|0.95|0.77	GO:0000786|GO:0003677|GO:0030527|GO:0046982
PRED|XP_075927097.1_histone_H2B_type_3-B-like_[Petromyzon_marinus]|0.97|0.82	GO:0000786|GO:0003677|GO:0030527|GO:0046982
PRED|XP_075927099.1_histone_H2B_type_3-B-like_[Petromyzon_marinus]|0.97|0.85	GO:0000786|GO:0003677|GO:0030527|GO:0046982
PRED|XP_075927104.1_histone_H2B_1.1-like_[Petromyzon_marinus]|0.96|0.85	GO:0000786|GO:0003677|GO:0030527|GO:0046982
PRED|XP_075927289.1_putative_histone_H2B_4_[Petromyzon_marinus]|0.86|0.82	GO:0000786|GO:0003677|GO:0030527|GO:0046982
PRED|XP_075927290.1_histone_H2B_type_3-B-like_[Petromyzon_marinus]|0.53|0.71	GO:0000786|GO:0003677|GO:0030527|GO:0046982
PRED|XP_075927294.1_histone_H4-like_partial_[Petromyzon_marinus]|0.96|0.83	GO:0003677|GO:0030527|GO:0046982
PRED|XP_075927295.1_histone_H4-like_[Petromyzon_marinus]|0.94|0.84	GO:0003677|GO:0030527|GO:0046982
PRED|XP_075927299.1_histone_H4-like_[Petromyzon_marinus]|0.86|0.84	GO:0003677|GO:0030527|GO:0046982
PRED|XP_075927863.1_low-density_lipoprotein_receptor_class_A_domain-containing_protein_1_[Petromyzon_marinus]|0.93|0.85	GO:0005515
PRED|XP_075929533.1_noggin_[Petromyzon_marinus]|0.81|0.83	GO:0001649|GO:0005615|GO:0009953|GO:0030514|GO:0045596
PRED|XP_075929657.1_kunitz-like_toxin_PcKuz3_[Petromyzon_marinus]|0.95|0.71	GO:0004867|GO:0005615
PRED|XP_075929849.1_E3_ubiquitin-protein_ligase_RBX1_isoform_X2_[Petromyzon_marinus]|0.72|0.92	GO:0008270
PRED|XP_305995.3_histone_H4_[Anopheles_gambiae]|0.96|0.83	GO:0003677|GO:0030527|GO:0046982
PRED|XP_307082.2_histone_H2B_[Anopheles_gambiae]|1.0|0.87	GO:0000786|GO:0003677|GO:0030527|GO:0046982
PRED|XP_307600.4_histone_H4_[Anopheles_gambiae]|0.96|0.84	GO:0003677|GO:0030527|GO:0046982
PRED|XP_307607.3_histone_H4_[Anopheles_gambiae]|0.96|0.83	GO:0003677|GO:0030527|GO:0046982
PRED|XP_308448.3_lysozyme_c-1_[Anopheles_gambiae]|1.0|0.9	GO:0003796
PRED|XP_308481.1_lysozyme_c-1_[Anopheles_gambiae]|1.0|0.92	GO:0003796
PRED|XP_308483.3_lysozyme_c-1-like_[Anopheles_gambiae]|0.99|0.84	GO:0003796
PRED|XP_308892.4_cuticle_protein_19_[Anopheles_gambiae]|0.57|0.77	GO:0005615|GO:0031012
PRED|XP_308896.5_cuticle_protein_19_[Anopheles_gambiae]|0.66|0.77	GO:0005615|GO:0031012
PRED|XP_309352.5_defensin_[Anopheles_gambiae]|1.0|0.95	GO:0005615|GO:0006952|GO:0006959|GO:0042742
PRED|XP_310846.5_lysozyme_[Anopheles_gambiae]|0.63|0.84	GO:0003796
PRED|XP_311222.4_cecropin-C_[Anopheles_gambiae]|1.0|0.92	GO:0005576|GO:0005615|GO:0019731|GO:0050829|GO:0050830
PRED|XP_311223.2_cecropin-A_[Anopheles_gambiae]|1.0|0.93	GO:0005576|GO:0005615|GO:0019731|GO:0050829|GO:0050830
PRED|XP_311224.2_cecropin-B_[Anopheles_gambiae]|1.0|0.93	GO:0005576|GO:0005615|GO:0019731|GO:0050829|GO:0050830
PRED|XP_313276.4_mitochondrial_import_inner_membrane_translocase_subunit_TIM14_[Anopheles_gambiae]|0.59|0.7	GO:0001405|GO:0001671|GO:0030150
PRED|XP_315566.3_RING-box_protein_2_[Anopheles_gambiae]|0.93|0.74	GO:0008270
PRED|XP_315691.3_uncharacterized_protein_LOC1276354_isoform_X3_[Anopheles_gambiae]|0.99|0.81	GO:0005576|GO:0008201|GO:0048332
PRED|XP_316012.3_cuticle_protein_19_[Anopheles_gambiae]|0.57|0.8	GO:0005615|GO:0031012
PRED|XP_316359.1_peptidoglycan-recognition_protein_SC2_[Anopheles_gambiae]|0.61|0.92	GO:0042834|GO:0045087
PRED|XP_316360.1_peptidoglycan-recognition_protein_SC2_[Anopheles_gambiae]|0.53|0.91	GO:0042834|GO:0045087
PRED|XP_317182.3_37_kDa_salivary_gland_allergen_Aed_a_2_[Anopheles_gambiae]|0.53|0.86	GO:0005549
PRED|XP_317486.3_uncharacterized_protein_LOC1277968_[Anopheles_gambiae]|0.88|0.91	GO:0042302
PRED|XP_317555.2_ubiquitin-ribosomal_protein_eL40_fusion_protein_[Anopheles_gambiae]|0.96|0.89	GO:0006412
PRED|XP_317798.5_uncharacterized_protein_LOC1278237_[Anopheles_gambiae]|0.53|0.91	GO:0003723|GO:0003735|GO:0005840|GO:0006412|GO:0022625
PRED|XP_317819.5_trypsin_inhibitor_ClTI-1_[Anopheles_gambiae]|1.0|0.85	GO:0005615
PRED|XP_318332.5_uncharacterized_protein_LOC1278706_[Anopheles_gambiae]|0.63|0.8	GO:0006491|GO:0017177
PRED|XP_320334.2_histone_H2B_[Anopheles_gambiae]|1.0|0.87	GO:0000786|GO:0003677|GO:0030527|GO:0046982
PRED|XP_320383.2_reactive_oxygen_species_modulator_1_[Anopheles_gambiae]|0.82|0.75	GO:0005744|GO:0030150|GO:0045039
PRED|XP_321242.1_histone_H3.3A_[Anopheles_gambiae]|0.5|0.74	GO:0000786|GO:0003677|GO:0030527|GO:0046982
PRED|XP_321755.3_diuretic_hormone_class_2_[Anopheles_gambiae]|0.68|0.78	GO:0001664|GO:0005615|GO:0007589|GO:0008613
PRED|XP_552323.3_chymotrypsin-2_[Anopheles_gambiae]|0.52|0.77	GO:0004252
PRED|XP_553610.4_amyloid-beta_A4_protein_[Anopheles_gambiae]|0.53|0.86	GO:0004867|GO:0005615
PRED|XP_563757.1_adipokinetic_hormone/corazonin-related_peptide_[Anopheles_gambiae]|0.58|0.76	GO:0005179
PRED|XP_565460.3_uncharacterized_protein_LOC3290220_[Anopheles_gambiae]|0.85|0.77	GO:0004867
PRED|XP_623813.1_60S_ribosomal_protein_L13a_[Apis_mellifera]|0.54|0.82	GO:0003729|GO:0003735|GO:0005840|GO:0006412|GO:0015934|GO:0017148|GO:0022625
PRED|XP_624499.1_histone_H3.3_[Apis_mellifera]|0.5|0.73	GO:0000786|GO:0003677|GO:0030527|GO:0046982
PRED|XP_624700.1_histone_H2A_[Apis_mellifera]|0.98|0.7	GO:0000786|GO:0003677|GO:0030527|GO:0046982
PRED|XP_628748.1_hypothetical_protein_DDB_G0294298_partial_[Dictyostelium_discoideum_AX4]|0.89|0.82	GO:0003676
PRED|XP_629011.1_glycoside_hydrolase_family_25_protein_[Dictyostelium_discoideum_AX4]|0.94|0.82	GO:0003796|GO:0007165|GO:0009253|GO:0016998
PRED|XP_629111.1_glycoside_hydrolase_family_25_protein_[Dictyostelium_discoideum_AX4]|0.77|0.78	GO:0007165
PRED|XP_636160.1_hypothetical_protein_DDB_G0289565_[Dictyostelium_discoideum_AX4]|0.91|0.8	GO:0008270
PRED|XP_637455.1_anaphase_promoting_complex_subunit_11_[Dictyostelium_discoideum_AX4]|0.84|0.91	GO:0005680|GO:0008270|GO:0031145|GO:0061630|GO:0097602
PRED|XP_638517.2_speract/scavenger_receptor_domain-containing_protein_[Dictyostelium_discoideum_AX4]|0.62|0.76	GO:0004867|GO:0004869
PRED|XP_638653.2_copper_transport_protein_[Dictyostelium_discoideum_AX4]|0.54|0.77	GO:0005829|GO:0006825|GO:0016531
PRED|XP_638956.1_granulin_domain-containing_protein_[Dictyostelium_discoideum_AX4]|0.89|0.89	GO:0005576
PRED|XP_640900.1_cellulose-binding_domain-containing_protein_[Dictyostelium_discoideum_AX4]|0.98|0.72	GO:0005201|GO:0030198|GO:0031012
PRED|XP_641020.1_ubiquitin/ribosomal_protein_L40_fusion_protein_[Dictyostelium_discoideum_AX4]|0.92|0.93	GO:0006412
PRED|XP_641036.1_hypothetical_protein_DDB_G0280799_[Dictyostelium_discoideum_AX4]|0.77|0.91	GO:0003735|GO:0005840|GO:0006412
PRED|XP_642357.1_hypothetical_protein_DDB_G0278421_[Dictyostelium_discoideum_AX4]|0.7|0.88	GO:0005201|GO:0030198|GO:0031012
PRED|XP_642358.1_hypothetical_protein_DDB_G0278423_[Dictyostelium_discoideum_AX4]|0.86|0.83	GO:0005201|GO:0030198|GO:0031012
PRED|XP_642365.1_hypothetical_protein_DDB_G0278437_[Dictyostelium_discoideum_AX4]|0.87|0.81	GO:0005201|GO:0030198|GO:0031012
PRED|XP_642366.1_hypothetical_protein_DDB_G0278439_[Dictyostelium_discoideum_AX4]|0.84|0.8	GO:0005201|GO:0030198|GO:0031012
PRED|XP_642718.1_cellulose-binding_domain-containing_protein_[Dictyostelium_discoideum_AX4]|0.99|0.84	GO:0005201|GO:0030198|GO:0031012
PRED|XP_642815.1_ubiquitin/ribosomal_protein_S27a_fusion_protein_[Dictyostelium_discoideum_AX4]|0.65|0.78	GO:0003735|GO:0005840|GO:0006412
PRED|XP_644029.1_hypothetical_protein_DDB_G0274249_[Dictyostelium_discoideum_AX4]|0.71|0.77	GO:0005737
PRED|XP_644041.1_random_cDNA_clone_veg113_[Dictyostelium_discoideum_AX4]|0.91|0.75	GO:0003796
PRED|XP_644488.1_40S_ribosomal_protein_S30_[Dictyostelium_discoideum_AX4]|0.96|0.8	GO:0003735|GO:0005840|GO:0006412|GO:0022627
PRED|XP_644762.1_40S_ribosomal_protein_S30_[Dictyostelium_discoideum_AX4]|0.96|0.81	GO:0003735|GO:0005840|GO:0006412|GO:0022627
PRED|XP_646321.1_acyl-CoA_binding_protein_[Dictyostelium_discoideum_AX4]|0.91|0.77	GO:0000062|GO:0006631
PRED|XP_646355.2_hypothetical_protein_DDB_G0270978_[Dictyostelium_discoideum_AX4]|0.55|0.77	GO:0016020
PRED|XP_647345.1_hypothetical_protein_DDB_G0268360_[Dictyostelium_discoideum_AX4]|0.71|0.78	GO:0015078|GO:0015986
PRED|XP_658572.1_uncharacterized_protein_ANIA_00968_[Aspergillus_nidulans_FGSC_A4]|0.64|0.77	GO:0003723|GO:0033897
PRED|XP_660030.1_histone_H4.2_[Aspergillus_nidulans_FGSC_A4]|0.92|0.77	GO:0003677|GO:0030527|GO:0046982
PRED|XP_661073.1_histone_H2B_[Aspergillus_nidulans_FGSC_A4]|0.72|0.78	GO:0000786|GO:0003677|GO:0030527|GO:0046982
PRED|XP_662334.2_mitochondrial_37S_ribosomal_protein_uS12m_[Aspergillus_nidulans_FGSC_A4]|0.65|0.81	GO:0003735|GO:0005840|GO:0006412|GO:0015935
PRED|XP_662650.1_protein_Anisin-1_[Aspergillus_nidulans_FGSC_A4]|1.0|0.93	GO:0005615|GO:0006952|GO:0034599
PRED|XP_688877.3_histone_H4_[Danio_rerio]|0.96|0.78	GO:0003677|GO:0030527|GO:0046982
PRED|XP_693710.3_histone_H1-like_[Danio_rerio]|0.9|0.83	GO:0000786|GO:0003677|GO:0006334|GO:0030527
PRED|XP_696046.1_C-X-C_motif_chemokine_11-6-like_[Danio_rerio]|0.86|0.75	GO:0005576|GO:0006955|GO:0008009
PRED|XP_698647.3_LOW_QUALITY_PROTEIN:_uncharacterized_protein_[Danio_rerio]|1.0|0.75	GO:0046982
PRED|XP_711083.1_histone_[Candida_albicans_SC5314]|0.87|0.75	GO:0003677|GO:0030527|GO:0046982
PRED|XP_711696.1_uncharacterized_protein_CAALFM_CR05800CA_[Candida_albicans_SC5314]|0.66|0.83	GO:0036503
PRED|XP_713663.1_histone_[Candida_albicans_SC5314]|0.87|0.75	GO:0003677|GO:0030527|GO:0046982
PRED|XP_746794.1_anaphase_promoting_complex_subunit_11_[Aspergillus_fumigatus_Af293]|0.76|0.72	GO:0005680|GO:0008270|GO:0031145|GO:0061630|GO:0097602
PRED|XP_747134.2_putative_secreted_antimicrobial_peptide_[Aspergillus_fumigatus_Af293]|0.98|0.83	GO:0006952|GO:0045926
PRED|XP_747940.1_protein_lcl2_[Aspergillus_fumigatus_Af293]|0.98|0.81	GO:0036503
PRED|XP_748616.1_putative_allergen_[Aspergillus_fumigatus_Af293]|0.66|0.74	GO:0005576|GO:0019863
PRED|XP_748991.1_Defensin_domain_protein_[Aspergillus_fumigatus_Af293]|0.77|0.78	GO:0006952
PRED|XP_750079.1_Myo-inositol_transporter_1_[Aspergillus_fumigatus_Af293]|0.71|0.84	GO:0005351|GO:0008643|GO:0016020|GO:0022857|GO:0055085
PRED|XP_752748.1_histone_H4_[Aspergillus_fumigatus_Af293]|0.95|0.79	GO:0003677|GO:0030527|GO:0046982
PRED|XP_753093.1_hydrophobin_family_protein_[Aspergillus_fumigatus_Af293]|0.53|0.9	GO:0005199|GO:0009277
PRED|XP_755066.1_histone_H2B_family_protein_[Aspergillus_fumigatus_Af293]|0.62|0.8	GO:0000786|GO:0003677|GO:0030527|GO:0046982
PRED|XP_780128.1_phospholipase_A2_AP-PLA2-II_[Strongylocentrotus_purpuratus]|0.94|0.92	GO:0004623|GO:0005509|GO:0005543|GO:0006644|GO:0016042|GO:0047498
PRED|XP_780502.1_reactive_oxygen_species_modulator_1_[Strongylocentrotus_purpuratus]|0.94|0.79	GO:0005744|GO:0030150|GO:0045039
PRED|XP_781938.1_late_histone_H2B.L4-like_[Strongylocentrotus_purpuratus]|0.78|0.78	GO:0000786|GO:0003677|GO:0030527|GO:0046982
PRED|XP_787992.1_barrier-to-autointegration_factor_[Strongylocentrotus_purpuratus]|0.91|0.83	GO:0003677
PRED|XP_791271.1_late_histone_H2B.L4_[Strongylocentrotus_purpuratus]|0.96|0.83	GO:0000786|GO:0003677|GO:0030527|GO:0046982
PRED|XP_792095.1_lysozyme_[Strongylocentrotus_purpuratus]|0.73|0.93	GO:0003796
PRED|XP_792239.1_late_histone_H2B.L3_[Strongylocentrotus_purpuratus]|0.96|0.79	GO:0000786|GO:0003677|GO:0030527|GO:0046982
PRED|XP_801926.1_phospholipase_A2_AP-PLA2-II_[Strongylocentrotus_purpuratus]|0.94|0.92	GO:0004623|GO:0005509|GO:0005543|GO:0006644|GO:0016042|GO:0047498
PRED|XP_823253.1_dynein_light_chain_putative_[Trypanosoma_brucei_brucei_TREU927]|0.59|0.8	GO:0005737|GO:0005868|GO:0007018|GO:0045505
PRED|XP_845331.1_40S_ribosomal_protein_S30_putative_[Trypanosoma_brucei_brucei_TREU927]|0.51|0.83	GO:0003735|GO:0005840|GO:0006412|GO:0022627
PRED|XP_845332.1_40S_ribosomal_protein_S30_putative_[Trypanosoma_brucei_brucei_TREU927]|0.52|0.83	GO:0003735|GO:0005840|GO:0006412|GO:0022627
PRED|XP_845621.1_ribosomal_protein_L15_putative_[Trypanosoma_brucei_brucei_TREU927]|0.55|0.73	GO:0002181|GO:0003723|GO:0003735|GO:0005840|GO:0006412|GO:0022625
PRED|XP_845991.1_ubiquitin/ribosomal_protein_S27a_putative_[Trypanosoma_brucei_brucei_TREU927]|0.58|0.73	GO:0003735|GO:0005840|GO:0006412
PRED|XP_956002.2_histone_h4_[Neurospora_crassa_OR74A]|0.95|0.75	GO:0003677|GO:0030527|GO:0046982
PRED|XP_956597.1_histone_h4_[Neurospora_crassa_OR74A]|0.95|0.79	GO:0003677|GO:0030527|GO:0046982
PRED|XP_959282.2_hydrophobin_[Neurospora_crassa_OR74A]|0.53|0.9	GO:0005576
PRED|XP_960990.1_hypothetical_protein_NCU08860_[Neurospora_crassa_OR74A]|0.98|0.86	GO:0036503
PRED|XP_961912.3_ubiquitin-60S_ribosomal_protein_L40_fusion_protein_[Neurospora_crassa_OR74A]|0.93|0.87	GO:0006412
PRED|XP_966163.1_histone_H2A_[Plasmodium_falciparum_3D7]|0.98|0.71	GO:0000786|GO:0003677|GO:0030527|GO:0046982
PRED|XP_966487.2_LOW_QUALITY_PROTEIN:_histone_H3_[Tribolium_castaneum]|0.56|0.7	GO:0000786|GO:0003677|GO:0030527|GO:0046982
PRED|XP_967194.2_holotricin-1_[Tribolium_castaneum]|1.0|0.84	GO:0005615|GO:0006952|GO:0006959|GO:0042742
PRED|XP_967411.1_histone_H2A_[Tribolium_castaneum]|0.99|0.73	GO:0046982
PRED|XP_968442.3_U8-agatoxin-Ao1a_isoform_X2_[Tribolium_castaneum]|1.0|0.86	GO:0005576|GO:0008200
PRED|XP_968519.1_ubiquitin-ribosomal_protein_eL40_fusion_protein_[Tribolium_castaneum]|0.95|0.9	GO:0006412
PRED|XP_971390.1_pleiotrophin_isoform_X3_[Tribolium_castaneum]|1.0|0.79	GO:0005576|GO:0008201|GO:0048332
PRED|XP_971638.1_mesencephalic_astrocyte-derived_neurotrophic_factor_homolog_[Tribolium_castaneum]|0.51|0.75	GO:0005615|GO:0005783|GO:0031175|GO:0071542
PRED|XP_974824.1_putative_acyl-CoA-binding_protein_[Tribolium_castaneum]|0.9|0.84	GO:0000062|GO:0006631
PRED|XP_975684.1_general_odorant-binding_protein_56d_[Tribolium_castaneum]|0.6|0.78	GO:0005549|GO:0005615|GO:0007608
PRED|YP_001109536.1_ribosomal_protein_L36_(chloroplast)_[Populus_trichocarpa]|0.95|0.89	GO:0003735|GO:0005840|GO:0006412
PRED|YP_001381695.1_ribosomal_protein_L36_(chloroplast)_[Medicago_truncatula]|0.99|0.9	GO:0003735|GO:0005840|GO:0006412
PRED|YP_002000507.1_ribosomal_protein_S18_(chloroplast)_[Brachypodium_distachyon]|0.54|0.82	GO:0003735|GO:0005763|GO:0005840|GO:0006412|GO:0070181
PRED|YP_002000519.1_ribosomal_protein_L36_(chloroplast)_[Brachypodium_distachyon]|0.97|0.88	GO:0003735|GO:0005840|GO:0006412
PRED|YP_002608404.1_ribosomal_protein_L36_(mitochondrion)_[Vitis_vinifera]|0.87|0.89	GO:0003735|GO:0005840|GO:0006412
PRED|YP_004021343.1_photosystem_II_protein_T_(chloroplast)_[Theobroma_cacao]|0.85|0.81	GO:0009523|GO:0009539|GO:0015979|GO:0016020
PRED|YP_004021350.1_ribosomal_protein_L36_(chloroplast)_[Theobroma_cacao]|0.93|0.89	GO:0003735|GO:0005840|GO:0006412
PRED|YP_010304192.1_ribosomal_protein_L36_(chloroplast)_[Malus_domestica]|0.93|0.89	GO:0003735|GO:0005840|GO:0006412
PRED|YP_247620.1_ribosomal_protein_L33_(chloroplast)_[Cucumis_sativus]|0.82|0.88	GO:0003735|GO:0005840|GO:0006412
PRED|YP_247634.1_ribosomal_protein_L36_(chloroplast)_[Cucumis_sativus]|0.89|0.88	GO:0003735|GO:0005840|GO:0006412
PRED|YP_538799.1_ribosomal_protein_L36_(chloroplast)_[Glycine_max]|0.93|0.89	GO:0003735|GO:0005840|GO:0006412
PRED|YP_567111.1_ribosomal_protein_L36_(chloroplast)_[Vitis_vinifera]|0.87|0.89	GO:0003735|GO:0005840|GO:0006412
PRED|YP_588287.1_hypothetical_protein_ZeamMp023_(mitochondrion)_[Zea_mays_subsp._mays]|0.53|0.73	GO:0003735|GO:0005840|GO:0006412|GO:0015935
PRED|YP_588399.1_hypothetical_protein_ZeamMp152_(mitochondrion)_[Zea_mays_subsp._mays]|0.83|0.73	GO:0003676|GO:0008270
PRED|YP_635673.1_ribosomal_protein_L36_(chloroplast)_[Solanum_tuberosum]|0.93|0.88	GO:0003735|GO:0005840|GO:0006412
PRED|YP_899428.1_ribosomal_protein_L33_(chloroplast)_[Sorghum_bicolor]|0.58|0.79	GO:0003735|GO:0005840|GO:0006412
PRED|YP_899429.1_ribosomal_protein_S18_(chloroplast)_[Sorghum_bicolor]|0.74|0.84	GO:0003735|GO:0005763|GO:0005840|GO:0006412|GO:0070181
PRED|YP_899441.1_ribosomal_protein_L36_(chloroplast)_[Sorghum_bicolor]|0.97|0.88	GO:0003735|GO:0005840|GO:0006412
