GO	pred_count	db_count	N_pred	N_db	oddsratio	p_uncorrected	p_fdr_bh	Name
GO:0003677	2720	65	10923	4714	23.7161	0	0	NA
GO:0046982	2643	58	10923	4714	25.6243	0	0	NA
GO:0030527	2669	57	10923	4714	26.4189	0	0	NA
GO:0000786	1981	51	10923	4714	20.2556	5.24145e-257	2.56569e-254	NA
GO:0006412	473	8	10923	4714	26.6261	5.14068e-63	2.01309e-60	NA
GO:0003735	427	8	10923	4714	23.9313	5.95088e-56	1.94197e-53	NA
GO:0005840	367	7	10923	4714	23.3783	5.29678e-48	1.48158e-45	NA
GO:0016020	528	38	10923	4714	6.25029	1.45164e-44	3.55289e-42	NA
GO:0005886	391	19	10923	4714	9.17377	7.44612e-40	1.61994e-37	NA
GO:0009664	181	0	10923	4714	inf	3.99041e-29	7.81323e-27	NA
GO:0005829	245	9	10923	4714	11.9948	7.84483e-28	1.39638e-25	NA
GO:0006006	188	4	10923	4714	20.6213	1.55875e-24	2.18003e-22	NA
GO:0050661	188	4	10923	4714	20.6213	1.55875e-24	2.18003e-22	NA
GO:0051287	188	4	10923	4714	20.6213	1.55875e-24	2.18003e-22	NA
GO:0016620	199	6	10923	4714	14.5607	4.72296e-24	6.16504e-22	NA
GO:0006096	193	6	10923	4714	14.1138	3.50707e-23	4.29178e-21	NA
GO:0004365	191	6	10923	4714	13.9649	6.83236e-23	7.86927e-21	NA
GO:0005515	202	9	10923	4714	9.84993	9.35635e-22	1.01776e-19	NA
GO:0022627	137	2	10923	4714	29.9251	3.18919e-19	3.28655e-17	NA
GO:0007186	144	3	10923	4714	20.9786	4.207e-19	3.92357e-17	NA
GO:0005179	376	52	10923	4714	3.19615	4.20812e-19	3.92357e-17	NA
GO:0009627	111	0	10923	4714	inf	4.27884e-18	3.80817e-16	NA
GO:0005504	118	1	10923	4714	51.4701	1.25128e-17	1.06522e-15	NA
GO:0006955	500	91	10923	4714	2.43702	2.11698e-17	1.7271e-15	NA
GO:0006869	301	38	10923	4714	3.48699	4.73315e-17	3.707e-15	NA
GO:0008270	120	2	10923	4714	26.1705	1.16457e-16	8.77015e-15	NA
GO:0008083	159	8	10923	4714	8.68931	1.24701e-16	9.04316e-15	NA
GO:0005634	199	21	10923	4714	4.14694	1.2406e-13	8.67537e-12	NA
GO:0008009	419	82	10923	4714	2.25327	4.02227e-13	2.71572e-11	NA
GO:0005044	75	0	10923	4714	inf	1.90874e-12	1.24577e-10	NA
GO:0004867	222	30	10923	4714	3.2391	4.3836e-12	2.76874e-10	NA
GO:0006508	129	9	10923	4714	6.24776	6.31986e-12	3.86697e-10	NA
GO:0019722	80	1	10923	4714	34.7727	7.92787e-12	4.70387e-10	NA
GO:0005789	78	1	10923	4714	33.8971	1.59245e-11	9.17062e-10	NA
GO:0003723	74	1	10923	4714	32.1469	6.41113e-11	3.58657e-09	NA
GO:0061630	86	3	10923	4714	12.4618	1.2331e-10	6.70672e-09	NA
GO:0009986	78	2	10923	4714	16.945	1.98737e-10	1.0517e-08	NA
GO:0005184	194	27	10923	4714	3.13887	2.05794e-10	1.06038e-08	NA
GO:0022625	68	1	10923	4714	29.5241	5.14817e-10	2.58464e-08	NA
GO:0009506	81	3	10923	4714	11.7319	6.31815e-10	3.09274e-08	NA
GO:0006355	74	2	10923	4714	16.0701	7.61126e-10	3.63484e-08	NA
GO:0048018	58	0	10923	4714	inf	8.77123e-10	4.08906e-08	NA
GO:0009055	57	0	10923	4714	inf	1.25765e-09	5.72667e-08	NA
GO:0015979	56	0	10923	4714	inf	1.8032e-09	8.02424e-08	NA
GO:0001664	99	7	10923	4714	6.15026	2.23683e-09	9.73269e-08	NA
GO:0043235	55	0	10923	4714	inf	2.58534e-09	1.10046e-07	NA
GO:0055085	51	0	10923	4714	inf	1.09217e-08	4.54994e-07	NA
GO:0005743	50	0	10923	4714	inf	1.56568e-08	6.25635e-07	NA
GO:0009523	50	0	10923	4714	inf	1.56568e-08	6.25635e-07	NA
GO:0005549	49	0	10923	4714	inf	2.24443e-08	8.78917e-07	NA
GO:0007275	69	3	10923	4714	9.98277	3.04154e-08	1.16771e-06	NA
GO:0006357	48	0	10923	4714	inf	3.21732e-08	1.21144e-06	NA
GO:0000981	47	0	10923	4714	inf	4.61181e-08	1.70376e-06	NA
GO:0008201	46	0	10923	4714	inf	6.61052e-08	2.39693e-06	NA
GO:0005739	133	18	10923	4714	3.21578	9.26254e-08	3.29746e-06	NA
GO:0009539	45	0	10923	4714	inf	9.47521e-08	3.31294e-06	NA
GO:0005509	271	58	10923	4714	2.04232	1.11617e-07	3.83415e-06	NA
GO:0007219	44	0	10923	4714	inf	1.35809e-07	4.58473e-06	NA
GO:0009755	43	0	10923	4714	inf	1.94652e-07	6.45979e-06	NA
GO:0006954	159	26	10923	4714	2.66341	2.32013e-07	7.57135e-06	NA
GO:0008284	50	1	10923	4714	21.673	2.52413e-07	8.10204e-06	NA
GO:0005783	56	2	10923	4714	12.141	2.95745e-07	9.33983e-06	NA
GO:0005794	61	3	10923	4714	8.81885	3.84662e-07	1.19551e-05	NA
GO:0000978	41	0	10923	4714	inf	3.99833e-07	1.22324e-05	NA
GO:0008289	231	49	10923	4714	2.05688	7.49573e-07	2.25794e-05	NA
GO:0008283	39	0	10923	4714	inf	8.21206e-07	2.43624e-05	NA
GO:0030334	80	8	10923	4714	4.34013	1.83022e-06	5.3486e-05	NA
GO:0005737	344	88	10923	4714	1.70937	2.20227e-06	6.34124e-05	NA
GO:0005199	36	0	10923	4714	inf	2.41669e-06	6.66462e-05	NA
GO:0031145	36	0	10923	4714	inf	2.41669e-06	6.66462e-05	NA
GO:0033617	36	0	10923	4714	inf	2.41669e-06	6.66462e-05	NA
GO:0031779	35	0	10923	4714	inf	3.463e-06	9.41744e-05	NA
GO:0046872	48	2	10923	4714	10.3989	3.9584e-06	0.000106172	NA
GO:0005747	34	0	10923	4714	inf	4.96219e-06	0.000129546	NA
GO:0009277	34	0	10923	4714	inf	4.96219e-06	0.000129546	NA
GO:0005730	33	0	10923	4714	inf	7.11019e-06	0.000180802	NA
GO:0015031	33	0	10923	4714	inf	7.11019e-06	0.000180802	NA
GO:0043269	32	0	10923	4714	inf	1.01877e-05	0.000249344	NA
GO:0097602	32	0	10923	4714	inf	1.01877e-05	0.000249344	NA
GO:0099106	32	0	10923	4714	inf	1.01877e-05	0.000249344	NA
GO:0005112	31	0	10923	4714	inf	1.45969e-05	0.000328514	NA
GO:0007157	31	0	10923	4714	inf	1.45969e-05	0.000328514	NA
GO:0017080	31	0	10923	4714	inf	1.45969e-05	0.000328514	NA
GO:0032543	31	0	10923	4714	inf	1.45969e-05	0.000328514	NA
GO:0046961	31	0	10923	4714	inf	1.45969e-05	0.000328514	NA
GO:1902600	31	0	10923	4714	inf	1.45969e-05	0.000328514	NA
GO:2000649	31	0	10923	4714	inf	1.45969e-05	0.000328514	NA
GO:0000028	30	0	10923	4714	inf	2.09138e-05	0.000465332	NA
GO:0007015	70	8	10923	4714	3.79411	2.54731e-05	0.000560409	NA
GO:0005680	36	1	10923	4714	15.5845	2.87049e-05	0.000624134	NA
GO:0016192	29	0	10923	4714	inf	2.99635e-05	0.000624134	NA
GO:0032438	29	0	10923	4714	inf	2.99635e-05	0.000624134	NA
GO:0033179	29	0	10923	4714	inf	2.99635e-05	0.000624134	NA
GO:0044548	29	0	10923	4714	inf	2.99635e-05	0.000624134	NA
GO:0005125	41	2	10923	4714	8.87668	3.68012e-05	0.000758491	NA
GO:0004252	137	27	10923	4714	2.20491	3.88703e-05	0.000792792	NA
GO:0003785	68	8	10923	4714	3.68503	4.24855e-05	0.000857594	NA
GO:0050482	28	0	10923	4714	inf	4.2928e-05	0.000857684	NA
GO:0042989	67	8	10923	4714	3.6305	5.47535e-05	0.0010829	NA
GO:0000902	27	0	10923	4714	inf	6.15002e-05	0.00115786	NA
GO:0005765	27	0	10923	4714	inf	6.15002e-05	0.00115786	NA
GO:0030134	27	0	10923	4714	inf	6.15002e-05	0.00115786	NA
GO:0030154	27	0	10923	4714	inf	6.15002e-05	0.00115786	NA
GO:0048332	27	0	10923	4714	inf	6.15002e-05	0.00115786	NA
GO:0005200	26	0	10923	4714	inf	8.81049e-05	0.00152663	NA
GO:0005882	26	0	10923	4714	inf	8.81049e-05	0.00152663	NA
GO:0006364	26	0	10923	4714	inf	8.81049e-05	0.00152663	NA
GO:0006886	26	0	10923	4714	inf	8.81049e-05	0.00152663	NA
GO:0007018	26	0	10923	4714	inf	8.81049e-05	0.00152663	NA
GO:0007608	26	0	10923	4714	inf	8.81049e-05	0.00152663	NA
GO:0015986	26	0	10923	4714	inf	8.81049e-05	0.00152663	NA
GO:0043086	26	0	10923	4714	inf	8.81049e-05	0.00152663	NA
GO:0045271	26	0	10923	4714	inf	8.81049e-05	0.00152663	NA
GO:0016042	173	40	10923	4714	1.88047	0.000103256	0.00177348	NA
GO:0003924	83	13	10923	4714	2.76883	0.000117294	0.00199705	NA
GO:0005213	25	0	10923	4714	inf	0.000126215	0.00207672	NA
GO:0007304	25	0	10923	4714	inf	0.000126215	0.00207672	NA
GO:0034198	25	0	10923	4714	inf	0.000126215	0.00207672	NA
GO:0042600	25	0	10923	4714	inf	0.000126215	0.00207672	NA
GO:0030550	36	2	10923	4714	7.79058	0.000175633	0.00278754	NA
GO:0007411	24	0	10923	4714	inf	0.000180806	0.00278754	NA
GO:0010508	24	0	10923	4714	inf	0.000180806	0.00278754	NA
GO:0016324	24	0	10923	4714	inf	0.000180806	0.00278754	NA
GO:0030198	24	0	10923	4714	inf	0.000180806	0.00278754	NA
GO:0030515	24	0	10923	4714	inf	0.000180806	0.00278754	NA
GO:0031639	24	0	10923	4714	inf	0.000180806	0.00278754	NA
GO:0032511	24	0	10923	4714	inf	0.000180806	0.00278754	NA
GO:0008343	30	1	10923	4714	12.9799	0.00021042	0.00319382	NA
GO:0043410	30	1	10923	4714	12.9799	0.00021042	0.00319382	NA
GO:0004857	23	0	10923	4714	inf	0.000259	0.00381294	NA
GO:0008250	23	0	10923	4714	inf	0.000259	0.00381294	NA
GO:0008320	23	0	10923	4714	inf	0.000259	0.00381294	NA
GO:0045944	23	0	10923	4714	inf	0.000259	0.00381294	NA
GO:0030335	110	22	10923	4714	2.16961	0.00027035	0.00395034	NA
GO:0043547	109	22	10923	4714	2.14969	0.000325217	0.00464799	NA
GO:0048020	109	22	10923	4714	2.14969	0.000325217	0.00464799	NA
GO:0070098	109	22	10923	4714	2.14969	0.000325217	0.00464799	NA
GO:0001836	22	0	10923	4714	inf	0.000371001	0.00511563	NA
GO:0006898	22	0	10923	4714	inf	0.000371001	0.00511563	NA
GO:0007017	22	0	10923	4714	inf	0.000371001	0.00511563	NA
GO:0008285	22	0	10923	4714	inf	0.000371001	0.00511563	NA
GO:0016358	22	0	10923	4714	inf	0.000371001	0.00511563	NA
GO:0030150	55	7	10923	4714	3.40298	0.000404233	0.0054815	NA
GO:0005520	28	1	10923	4714	12.1123	0.000405934	0.0054815	NA
GO:0015934	28	1	10923	4714	12.1123	0.000405934	0.0054815	NA
GO:0005154	21	0	10923	4714	inf	0.000531421	0.00667001	NA
GO:0005654	21	0	10923	4714	inf	0.000531421	0.00667001	NA
GO:0007173	21	0	10923	4714	inf	0.000531421	0.00667001	NA
GO:0018279	21	0	10923	4714	inf	0.000531421	0.00667001	NA
GO:0030199	21	0	10923	4714	inf	0.000531421	0.00667001	NA
GO:0031721	21	0	10923	4714	inf	0.000531421	0.00667001	NA
GO:0032040	21	0	10923	4714	inf	0.000531421	0.00667001	NA
GO:0034457	21	0	10923	4714	inf	0.000531421	0.00667001	NA
GO:0042134	21	0	10923	4714	inf	0.000531421	0.00667001	NA
GO:0042562	21	0	10923	4714	inf	0.000531421	0.00667001	NA
GO:0048471	21	0	10923	4714	inf	0.000531421	0.00667001	NA
GO:0004623	162	40	10923	4714	1.7591	0.000559007	0.00697156	NA
GO:0007586	27	1	10923	4714	11.6787	0.000562949	0.0069763	NA
GO:0000003	20	0	10923	4714	inf	0.000761185	0.0092	NA
GO:0005183	20	0	10923	4714	inf	0.000761185	0.0092	NA
GO:0009512	20	0	10923	4714	inf	0.000761185	0.0092	NA
GO:0031530	20	0	10923	4714	inf	0.000761185	0.0092	NA
GO:0005102	56	8	10923	4714	3.03138	0.000803627	0.00965339	NA
GO:0005868	19	0	10923	4714	inf	0.00109026	0.0125572	NA
GO:0006182	19	0	10923	4714	inf	0.00109026	0.0125572	NA
GO:0007168	19	0	10923	4714	inf	0.00109026	0.0125572	NA
GO:0007217	19	0	10923	4714	inf	0.00109026	0.0125572	NA
GO:0015078	19	0	10923	4714	inf	0.00109026	0.0125572	NA
GO:0031763	19	0	10923	4714	inf	0.00109026	0.0125572	NA
GO:0045505	19	0	10923	4714	inf	0.00109026	0.0125572	NA
GO:0045039	50	7	10923	4714	3.09219	0.00135927	0.015564	NA
GO:0010466	42	5	10923	4714	3.63529	0.00143919	0.0163834	NA
GO:0009267	24	1	10923	4714	10.3782	0.00149097	0.0167777	NA
GO:0032099	24	1	10923	4714	10.3782	0.00149097	0.0167777	NA
GO:0006486	18	0	10923	4714	inf	0.00156156	0.0168924	NA
GO:0006816	18	0	10923	4714	inf	0.00156156	0.0168924	NA
GO:0008017	18	0	10923	4714	inf	0.00156156	0.0168924	NA
GO:0009897	18	0	10923	4714	inf	0.00156156	0.0168924	NA
GO:0030234	18	0	10923	4714	inf	0.00156156	0.0168924	NA
GO:0045840	18	0	10923	4714	inf	0.00156156	0.0168924	NA
GO:0050793	18	0	10923	4714	inf	0.00156156	0.0168924	NA
GO:0031982	37	4	10923	4714	4.00216	0.00183782	0.0197718	NA
GO:0003700	28	2	10923	4714	6.05489	0.00199533	0.0212329	NA
GO:0006888	28	2	10923	4714	6.05489	0.00199533	0.0212329	NA
GO:0006644	147	38	10923	4714	1.67861	0.00204964	0.0216929	NA
GO:0000278	17	0	10923	4714	inf	0.00223652	0.022457	NA
GO:0005761	17	0	10923	4714	inf	0.00223652	0.022457	NA
GO:0007155	17	0	10923	4714	inf	0.00223652	0.022457	NA
GO:0007166	17	0	10923	4714	inf	0.00223652	0.022457	NA
GO:0007507	17	0	10923	4714	inf	0.00223652	0.022457	NA
GO:0022857	17	0	10923	4714	inf	0.00223652	0.022457	NA
GO:0030968	17	0	10923	4714	inf	0.00223652	0.022457	NA
GO:0031966	17	0	10923	4714	inf	0.00223652	0.022457	NA
GO:0043433	17	0	10923	4714	inf	0.00223652	0.022457	NA
GO:0051427	17	0	10923	4714	inf	0.00223652	0.022457	NA
GO:0048245	88	19	10923	4714	2.00695	0.00246994	0.0246742	NA
GO:0030424	22	1	10923	4714	9.5116	0.00283503	0.0281776	NA
GO:0042744	64	12	10923	4714	2.30936	0.00306298	0.0298655	NA
GO:0004869	50	8	10923	4714	2.7051	0.00316244	0.0298655	NA
GO:0001709	16	0	10923	4714	inf	0.00320314	0.0298655	NA
GO:0002181	16	0	10923	4714	inf	0.00320314	0.0298655	NA
GO:0006122	16	0	10923	4714	inf	0.00320314	0.0298655	NA
GO:0007204	16	0	10923	4714	inf	0.00320314	0.0298655	NA
GO:0015630	16	0	10923	4714	inf	0.00320314	0.0298655	NA
GO:0033628	16	0	10923	4714	inf	0.00320314	0.0298655	NA
GO:0038023	16	0	10923	4714	inf	0.00320314	0.0298655	NA
GO:0042127	16	0	10923	4714	inf	0.00320314	0.0298655	NA
GO:0045259	16	0	10923	4714	inf	0.00320314	0.0298655	NA
GO:0095500	16	0	10923	4714	inf	0.00320314	0.0298655	NA
GO:0097193	16	0	10923	4714	inf	0.00320314	0.0298655	NA
GO:0005543	143	38	10923	4714	1.63233	0.00354377	0.0327298	NA
GO:0047498	143	38	10923	4714	1.63233	0.00354377	0.0327298	NA
GO:0004930	21	1	10923	4714	9.07843	0.00390024	0.0356854	NA
GO:0006633	21	1	10923	4714	9.07843	0.00390024	0.0356854	NA
GO:0005744	45	7	10923	4714	2.7817	0.0043348	0.0394769	NA
GO:0015671	72	15	10923	4714	2.07863	0.00436819	0.0395968	NA
GO:0005741	15	0	10923	4714	inf	0.00458741	0.0400989	NA
GO:0005768	15	0	10923	4714	inf	0.00458741	0.0400989	NA
GO:0006605	15	0	10923	4714	inf	0.00458741	0.0400989	NA
GO:0007059	15	0	10923	4714	inf	0.00458741	0.0400989	NA
GO:0032469	15	0	10923	4714	inf	0.00458741	0.0400989	NA
GO:0032991	15	0	10923	4714	inf	0.00458741	0.0400989	NA
GO:0043953	15	0	10923	4714	inf	0.00458741	0.0400989	NA
GO:0051382	15	0	10923	4714	inf	0.00458741	0.0400989	NA
GO:0001669	29	3	10923	4714	4.18025	0.00519019	0.0451376	NA
GO:2000117	33	4	10923	4714	3.56818	0.00520996	0.0451376	NA
GO:0043123	24	2	10923	4714	5.188	0.00643493	0.0536617	NA
GO:0000776	14	0	10923	4714	inf	0.00656973	0.0536617	NA
GO:0001649	14	0	10923	4714	inf	0.00656973	0.0536617	NA
GO:0001935	14	0	10923	4714	inf	0.00656973	0.0536617	NA
GO:0003777	14	0	10923	4714	inf	0.00656973	0.0536617	NA
GO:0005096	14	0	10923	4714	inf	0.00656973	0.0536617	NA
GO:0005762	14	0	10923	4714	inf	0.00656973	0.0536617	NA
GO:0005925	14	0	10923	4714	inf	0.00656973	0.0536617	NA
GO:0007623	14	0	10923	4714	inf	0.00656973	0.0536617	NA
GO:0017004	14	0	10923	4714	inf	0.00656973	0.0536617	NA
GO:0031835	14	0	10923	4714	inf	0.00656973	0.0536617	NA
GO:0045879	14	0	10923	4714	inf	0.00656973	0.0536617	NA
GO:0060170	14	0	10923	4714	inf	0.00656973	0.0536617	NA
GO:0005344	60	12	10923	4714	2.16423	0.00665975	0.0536617	NA
GO:0031720	60	12	10923	4714	2.16423	0.00665975	0.0536617	NA
GO:0031838	60	12	10923	4714	2.16423	0.00665975	0.0536617	NA
GO:0043177	60	12	10923	4714	2.16423	0.00665975	0.0536617	NA
GO:0007218	99	25	10923	4714	1.71549	0.00807627	0.0648088	NA
GO:0006334	42	7	10923	4714	2.59553	0.00844097	0.0674589	NA
GO:0050786	23	2	10923	4714	4.97138	0.00857218	0.0682289	NA
GO:0003998	13	0	10923	4714	inf	0.00940838	0.0722416	NA
GO:0005742	13	0	10923	4714	inf	0.00940838	0.0722416	NA
GO:0008147	13	0	10923	4714	inf	0.00940838	0.0722416	NA
GO:0008380	13	0	10923	4714	inf	0.00940838	0.0722416	NA
GO:0016651	13	0	10923	4714	inf	0.00940838	0.0722416	NA
GO:0032571	13	0	10923	4714	inf	0.00940838	0.0722416	NA
GO:0046910	13	0	10923	4714	inf	0.00940838	0.0722416	NA
GO:0060348	13	0	10923	4714	inf	0.00940838	0.0722416	NA
GO:1900076	13	0	10923	4714	inf	0.00940838	0.0722416	NA
GO:0031994	18	1	10923	4714	7.77937	0.0100449	0.0762321	NA
GO:0031995	18	1	10923	4714	7.77937	0.0100449	0.0762321	NA
GO:0043567	18	1	10923	4714	7.77937	0.0100449	0.0762321	NA
GO:0048306	64	14	10923	4714	1.97861	0.0103255	0.0780595	NA
GO:0005975	67	15	10923	4714	1.93339	0.0105572	0.0795038	NA
GO:0000139	30	4	10923	4714	3.24291	0.0110711	0.0830544	NA
GO:0007342	26	3	10923	4714	3.74678	0.011543	0.0862644	NA
GO:0004568	63	14	10923	4714	1.94751	0.0122878	0.0914808	NA
GO:0001848	12	0	10923	4714	inf	0.0134732	0.0980688	NA
GO:0001971	12	0	10923	4714	inf	0.0134732	0.0980688	NA
GO:0005178	12	0	10923	4714	inf	0.0134732	0.0980688	NA
GO:0008047	12	0	10923	4714	inf	0.0134732	0.0980688	NA
GO:0016757	12	0	10923	4714	inf	0.0134732	0.0980688	NA
GO:0045197	12	0	10923	4714	inf	0.0134732	0.0980688	NA
GO:0048146	17	1	10923	4714	7.34651	0.0137109	0.0990628	NA
GO:0048856	17	1	10923	4714	7.34651	0.0137109	0.0990628	NA
GO:0000977	11	0	10923	4714	inf	0.0192936	0.13117	NA
GO:0003729	11	0	10923	4714	inf	0.0192936	0.13117	NA
GO:0005758	11	0	10923	4714	inf	0.0192936	0.13117	NA
GO:0005819	11	0	10923	4714	inf	0.0192936	0.13117	NA
GO:0007154	11	0	10923	4714	inf	0.0192936	0.13117	NA
GO:0007267	11	0	10923	4714	inf	0.0192936	0.13117	NA
GO:0008556	11	0	10923	4714	inf	0.0192936	0.13117	NA
GO:0009898	11	0	10923	4714	inf	0.0192936	0.13117	NA
GO:0019838	11	0	10923	4714	inf	0.0192936	0.13117	NA
GO:0030532	11	0	10923	4714	inf	0.0192936	0.13117	NA
GO:0031267	11	0	10923	4714	inf	0.0192936	0.13117	NA
GO:0042543	11	0	10923	4714	inf	0.0192936	0.13117	NA
GO:0043565	11	0	10923	4714	inf	0.0192936	0.13117	NA
GO:0044306	11	0	10923	4714	inf	0.0192936	0.13117	NA
GO:0060183	11	0	10923	4714	inf	0.0192936	0.13117	NA
GO:0090630	11	0	10923	4714	inf	0.0192936	0.13117	NA
GO:2000123	11	0	10923	4714	inf	0.0192936	0.13117	NA
GO:0005833	60	14	10923	4714	1.85426	0.0204079	0.138266	NA
GO:0004601	71	18	10923	4714	1.70688	0.0237842	0.160584	NA
GO:0005201	15	1	10923	4714	6.48102	0.0253515	0.169994	NA
GO:0048019	15	1	10923	4714	6.48102	0.0253515	0.169994	NA
GO:0016567	19	2	10923	4714	4.10528	0.0262116	0.171731	NA
GO:0000930	10	0	10923	4714	inf	0.0276277	0.171731	NA
GO:0000931	10	0	10923	4714	inf	0.0276277	0.171731	NA
GO:0002223	10	0	10923	4714	inf	0.0276277	0.171731	NA
GO:0003713	10	0	10923	4714	inf	0.0276277	0.171731	NA
GO:0005579	10	0	10923	4714	inf	0.0276277	0.171731	NA
GO:0005750	10	0	10923	4714	inf	0.0276277	0.171731	NA
GO:0005770	10	0	10923	4714	inf	0.0276277	0.171731	NA
GO:0006606	10	0	10923	4714	inf	0.0276277	0.171731	NA
GO:0006913	10	0	10923	4714	inf	0.0276277	0.171731	NA
GO:0007420	10	0	10923	4714	inf	0.0276277	0.171731	NA
GO:0008255	10	0	10923	4714	inf	0.0276277	0.171731	NA
GO:0009966	10	0	10923	4714	inf	0.0276277	0.171731	NA
GO:0018990	10	0	10923	4714	inf	0.0276277	0.171731	NA
GO:0030001	10	0	10923	4714	inf	0.0276277	0.171731	NA
GO:0030277	10	0	10923	4714	inf	0.0276277	0.171731	NA
GO:0031021	10	0	10923	4714	inf	0.0276277	0.171731	NA
GO:0033566	10	0	10923	4714	inf	0.0276277	0.171731	NA
GO:0035036	10	0	10923	4714	inf	0.0276277	0.171731	NA
GO:0043065	10	0	10923	4714	inf	0.0276277	0.171731	NA
GO:0051415	10	0	10923	4714	inf	0.0276277	0.171731	NA
GO:0090307	10	0	10923	4714	inf	0.0276277	0.171731	NA
GO:2000253	10	0	10923	4714	inf	0.0276277	0.171731	NA
GO:0062023	26	4	10923	4714	2.80949	0.0289263	0.179233	NA
GO:0036094	18	2	10923	4714	3.88886	0.0343648	0.212259	NA
GO:0000815	9	0	10923	4714	inf	0.0395608	0.226661	NA
GO:0001558	9	0	10923	4714	inf	0.0395608	0.226661	NA
GO:0003743	9	0	10923	4714	inf	0.0395608	0.226661	NA
GO:0005159	9	0	10923	4714	inf	0.0395608	0.226661	NA
GO:0005185	9	0	10923	4714	inf	0.0395608	0.226661	NA
GO:0005375	9	0	10923	4714	inf	0.0395608	0.226661	NA
GO:0006900	9	0	10923	4714	inf	0.0395608	0.226661	NA
GO:0007034	9	0	10923	4714	inf	0.0395608	0.226661	NA
GO:0009306	9	0	10923	4714	inf	0.0395608	0.226661	NA
GO:0009507	9	0	10923	4714	inf	0.0395608	0.226661	NA
GO:0016055	9	0	10923	4714	inf	0.0395608	0.226661	NA
GO:0030964	9	0	10923	4714	inf	0.0395608	0.226661	NA
GO:0031643	9	0	10923	4714	inf	0.0395608	0.226661	NA
GO:0033612	9	0	10923	4714	inf	0.0395608	0.226661	NA
GO:0035434	9	0	10923	4714	inf	0.0395608	0.226661	NA
GO:0043462	9	0	10923	4714	inf	0.0395608	0.226661	NA
GO:0045275	9	0	10923	4714	inf	0.0395608	0.226661	NA
GO:0046873	9	0	10923	4714	inf	0.0395608	0.226661	NA
GO:0046933	9	0	10923	4714	inf	0.0395608	0.226661	NA
GO:0050840	9	0	10923	4714	inf	0.0395608	0.226661	NA
GO:0070181	9	0	10923	4714	inf	0.0395608	0.226661	NA
GO:0071555	9	0	10923	4714	inf	0.0395608	0.226661	NA
GO:0097340	9	0	10923	4714	inf	0.0395608	0.226661	NA
GO:1903979	9	0	10923	4714	inf	0.0395608	0.226661	NA
GO:0036126	28	5	10923	4714	2.42041	0.0397063	0.226661	NA
GO:0043231	28	5	10923	4714	2.42041	0.0397063	0.226661	NA
GO:0006511	21	3	10923	4714	3.02486	0.0409626	0.233153	NA
GO:0031716	17	2	10923	4714	3.67247	0.0448723	0.253931	NA
GO:0051480	17	2	10923	4714	3.67247	0.0448723	0.253931	NA
GO:0045954	13	1	10923	4714	5.61586	0.0463109	0.261316	NA
GO:0000398	8	0	10923	4714	inf	0.0566464	0.294983	NA
GO:0004521	8	0	10923	4714	inf	0.0566464	0.294983	NA
GO:0004725	8	0	10923	4714	inf	0.0566464	0.294983	NA
GO:0005813	8	0	10923	4714	inf	0.0566464	0.294983	NA
GO:0006413	8	0	10923	4714	inf	0.0566464	0.294983	NA
GO:0006506	8	0	10923	4714	inf	0.0566464	0.294983	NA
GO:0008010	8	0	10923	4714	inf	0.0566464	0.294983	NA
GO:0008097	8	0	10923	4714	inf	0.0566464	0.294983	NA
GO:0009555	8	0	10923	4714	inf	0.0566464	0.294983	NA
GO:0009636	8	0	10923	4714	inf	0.0566464	0.294983	NA
GO:0009846	8	0	10923	4714	inf	0.0566464	0.294983	NA
GO:0009860	8	0	10923	4714	inf	0.0566464	0.294983	NA
GO:0014909	8	0	10923	4714	inf	0.0566464	0.294983	NA
GO:0016477	8	0	10923	4714	inf	0.0566464	0.294983	NA
GO:0030286	8	0	10923	4714	inf	0.0566464	0.294983	NA
GO:0031554	8	0	10923	4714	inf	0.0566464	0.294983	NA
GO:0031556	8	0	10923	4714	inf	0.0566464	0.294983	NA
GO:0033185	8	0	10923	4714	inf	0.0566464	0.294983	NA
GO:0034097	8	0	10923	4714	inf	0.0566464	0.294983	NA
GO:0034551	8	0	10923	4714	inf	0.0566464	0.294983	NA
GO:0039706	8	0	10923	4714	inf	0.0566464	0.294983	NA
GO:0042254	8	0	10923	4714	inf	0.0566464	0.294983	NA
GO:0042773	8	0	10923	4714	inf	0.0566464	0.294983	NA
GO:0042776	8	0	10923	4714	inf	0.0566464	0.294983	NA
GO:0042981	8	0	10923	4714	inf	0.0566464	0.294983	NA
GO:0051897	8	0	10923	4714	inf	0.0566464	0.294983	NA
GO:0052793	8	0	10923	4714	inf	0.0566464	0.294983	NA
GO:0062129	8	0	10923	4714	inf	0.0566464	0.294983	NA
GO:0090090	8	0	10923	4714	inf	0.0566464	0.294983	NA
GO:0006729	16	2	10923	4714	3.45613	0.0583346	0.302167	NA
GO:0008124	16	2	10923	4714	3.45613	0.0583346	0.302167	NA
GO:0003682	19	3	10923	4714	2.73627	0.0660664	0.340416	NA
GO:0005764	19	3	10923	4714	2.73627	0.0660664	0.340416	NA
GO:0002020	7	0	10923	4714	inf	0.0811087	0.389242	NA
GO:0005109	7	0	10923	4714	inf	0.0811087	0.389242	NA
GO:0005158	7	0	10923	4714	inf	0.0811087	0.389242	NA
GO:0005507	7	0	10923	4714	inf	0.0811087	0.389242	NA
GO:0005763	7	0	10923	4714	inf	0.0811087	0.389242	NA
GO:0006465	7	0	10923	4714	inf	0.0811087	0.389242	NA
GO:0006874	7	0	10923	4714	inf	0.0811087	0.389242	NA
GO:0006974	7	0	10923	4714	inf	0.0811087	0.389242	NA
GO:0007160	7	0	10923	4714	inf	0.0811087	0.389242	NA
GO:0007286	7	0	10923	4714	inf	0.0811087	0.389242	NA
GO:0009725	7	0	10923	4714	inf	0.0811087	0.389242	NA
GO:0010374	7	0	10923	4714	inf	0.0811087	0.389242	NA
GO:0019867	7	0	10923	4714	inf	0.0811087	0.389242	NA
GO:0030250	7	0	10923	4714	inf	0.0811087	0.389242	NA
GO:0030728	7	0	10923	4714	inf	0.0811087	0.389242	NA
GO:0031861	7	0	10923	4714	inf	0.0811087	0.389242	NA
GO:0032094	7	0	10923	4714	inf	0.0811087	0.389242	NA
GO:0033130	7	0	10923	4714	inf	0.0811087	0.389242	NA
GO:0042302	7	0	10923	4714	inf	0.0811087	0.389242	NA
GO:0043066	7	0	10923	4714	inf	0.0811087	0.389242	NA
GO:0043434	7	0	10923	4714	inf	0.0811087	0.389242	NA
GO:0045263	7	0	10923	4714	inf	0.0811087	0.389242	NA
GO:0045893	7	0	10923	4714	inf	0.0811087	0.389242	NA
GO:0046849	7	0	10923	4714	inf	0.0811087	0.389242	NA
GO:0048364	7	0	10923	4714	inf	0.0811087	0.389242	NA
GO:0051045	7	0	10923	4714	inf	0.0811087	0.389242	NA
GO:0071542	7	0	10923	4714	inf	0.0811087	0.389242	NA
GO:1900004	7	0	10923	4714	inf	0.0811087	0.389242	NA
GO:0031704	18	3	10923	4714	2.59202	0.0832839	0.396928	NA
GO:0001968	11	1	10923	4714	4.75101	0.0833184	0.396928	NA
GO:0050714	11	1	10923	4714	4.75101	0.0833184	0.396928	NA
GO:0019825	72	22	10923	4714	1.41514	0.0919594	0.43703	NA
GO:0005771	14	2	10923	4714	3.02356	0.0971168	0.460423	NA
GO:0004866	20	4	10923	4714	2.15996	0.10805	0.497562	NA
GO:0006032	73	23	10923	4714	1.37224	0.11087	0.497562	NA
GO:0004674	10	1	10923	4714	4.3187	0.110969	0.497562	NA
GO:0016787	10	1	10923	4714	4.3187	0.110969	0.497562	NA
GO:0042730	10	1	10923	4714	4.3187	0.110969	0.497562	NA
GO:0000302	6	0	10923	4714	inf	0.116132	0.497562	NA
GO:0000793	6	0	10923	4714	inf	0.116132	0.497562	NA
GO:0001503	6	0	10923	4714	inf	0.116132	0.497562	NA
GO:0001671	6	0	10923	4714	inf	0.116132	0.497562	NA
GO:0002161	6	0	10923	4714	inf	0.116132	0.497562	NA
GO:0004714	6	0	10923	4714	inf	0.116132	0.497562	NA
GO:0005753	6	0	10923	4714	inf	0.116132	0.497562	NA
GO:0006123	6	0	10923	4714	inf	0.116132	0.497562	NA
GO:0006488	6	0	10923	4714	inf	0.116132	0.497562	NA
GO:0006850	6	0	10923	4714	inf	0.116132	0.497562	NA
GO:0007169	6	0	10923	4714	inf	0.116132	0.497562	NA
GO:0007229	6	0	10923	4714	inf	0.116132	0.497562	NA
GO:0008305	6	0	10923	4714	inf	0.116132	0.497562	NA
GO:0008528	6	0	10923	4714	inf	0.116132	0.497562	NA
GO:0010052	6	0	10923	4714	inf	0.116132	0.497562	NA
GO:0010098	6	0	10923	4714	inf	0.116132	0.497562	NA
GO:0015918	6	0	10923	4714	inf	0.116132	0.497562	NA
GO:0015935	6	0	10923	4714	inf	0.116132	0.497562	NA
GO:0031395	6	0	10923	4714	inf	0.116132	0.497562	NA
GO:0032934	6	0	10923	4714	inf	0.116132	0.497562	NA
GO:0032981	6	0	10923	4714	inf	0.116132	0.497562	NA
GO:0033554	6	0	10923	4714	inf	0.116132	0.497562	NA
GO:0033627	6	0	10923	4714	inf	0.116132	0.497562	NA
GO:0033674	6	0	10923	4714	inf	0.116132	0.497562	NA
GO:0038061	6	0	10923	4714	inf	0.116132	0.497562	NA
GO:0042721	6	0	10923	4714	inf	0.116132	0.497562	NA
GO:0045277	6	0	10923	4714	inf	0.116132	0.497562	NA
GO:0048008	6	0	10923	4714	inf	0.116132	0.497562	NA
GO:0050728	6	0	10923	4714	inf	0.116132	0.497562	NA
GO:0050776	6	0	10923	4714	inf	0.116132	0.497562	NA
GO:0051015	6	0	10923	4714	inf	0.116132	0.497562	NA
GO:0051092	6	0	10923	4714	inf	0.116132	0.497562	NA
GO:0070996	6	0	10923	4714	inf	0.116132	0.497562	NA
GO:0071944	6	0	10923	4714	inf	0.116132	0.497562	NA
GO:0110135	6	0	10923	4714	inf	0.116132	0.497562	NA
GO:1901371	6	0	10923	4714	inf	0.116132	0.497562	NA
GO:1902025	6	0	10923	4714	inf	0.116132	0.497562	NA
GO:1903575	6	0	10923	4714	inf	0.116132	0.497562	NA
GO:2000280	6	0	10923	4714	inf	0.116132	0.497562	NA
GO:0000062	13	2	10923	4714	2.80733	0.124238	0.531129	NA
GO:0098609	16	3	10923	4714	2.3036	0.130133	0.555121	NA
GO:0010951	19	4	10923	4714	2.05177	0.132199	0.562708	NA
GO:0042803	12	2	10923	4714	2.59115	0.157891	0.622492	NA
GO:0048167	21	5	10923	4714	1.81414	0.158482	0.622492	NA
GO:0007631	51	16	10923	4714	1.37738	0.161947	0.622492	NA
GO:0000105	5	0	10923	4714	inf	0.166273	0.622492	NA
GO:0001228	5	0	10923	4714	inf	0.166273	0.622492	NA
GO:0001405	5	0	10923	4714	inf	0.166273	0.622492	NA
GO:0001568	5	0	10923	4714	inf	0.166273	0.622492	NA
GO:0003100	5	0	10923	4714	inf	0.166273	0.622492	NA
GO:0005031	5	0	10923	4714	inf	0.166273	0.622492	NA
GO:0005635	5	0	10923	4714	inf	0.166273	0.622492	NA
GO:0005751	5	0	10923	4714	inf	0.166273	0.622492	NA
GO:0005787	5	0	10923	4714	inf	0.166273	0.622492	NA
GO:0005856	5	0	10923	4714	inf	0.166273	0.622492	NA
GO:0006281	5	0	10923	4714	inf	0.166273	0.622492	NA
GO:0006915	5	0	10923	4714	inf	0.166273	0.622492	NA
GO:0006919	5	0	10923	4714	inf	0.166273	0.622492	NA
GO:0007190	5	0	10923	4714	inf	0.166273	0.622492	NA
GO:0007193	5	0	10923	4714	inf	0.166273	0.622492	NA
GO:0008033	5	0	10923	4714	inf	0.166273	0.622492	NA
GO:0008045	5	0	10923	4714	inf	0.166273	0.622492	NA
GO:0008168	5	0	10923	4714	inf	0.166273	0.622492	NA
GO:0008234	5	0	10923	4714	inf	0.166273	0.622492	NA
GO:0008630	5	0	10923	4714	inf	0.166273	0.622492	NA
GO:0009088	5	0	10923	4714	inf	0.166273	0.622492	NA
GO:0009658	5	0	10923	4714	inf	0.166273	0.622492	NA
GO:0009790	5	0	10923	4714	inf	0.166273	0.622492	NA
GO:0010027	5	0	10923	4714	inf	0.166273	0.622492	NA
GO:0010997	5	0	10923	4714	inf	0.166273	0.622492	NA
GO:0014826	5	0	10923	4714	inf	0.166273	0.622492	NA
GO:0016322	5	0	10923	4714	inf	0.166273	0.622492	NA
GO:0016531	5	0	10923	4714	inf	0.166273	0.622492	NA
GO:0019229	5	0	10923	4714	inf	0.166273	0.622492	NA
GO:0019843	5	0	10923	4714	inf	0.166273	0.622492	NA
GO:0030020	5	0	10923	4714	inf	0.166273	0.622492	NA
GO:0030155	5	0	10923	4714	inf	0.166273	0.622492	NA
GO:0030169	5	0	10923	4714	inf	0.166273	0.622492	NA
GO:0030178	5	0	10923	4714	inf	0.166273	0.622492	NA
GO:0030182	5	0	10923	4714	inf	0.166273	0.622492	NA
GO:0030943	5	0	10923	4714	inf	0.166273	0.622492	NA
GO:0031708	5	0	10923	4714	inf	0.166273	0.622492	NA
GO:0033209	5	0	10923	4714	inf	0.166273	0.622492	NA
GO:0042104	5	0	10923	4714	inf	0.166273	0.622492	NA
GO:0042910	5	0	10923	4714	inf	0.166273	0.622492	NA
GO:0043022	5	0	10923	4714	inf	0.166273	0.622492	NA
GO:0043539	5	0	10923	4714	inf	0.166273	0.622492	NA
GO:0043952	5	0	10923	4714	inf	0.166273	0.622492	NA
GO:0044183	5	0	10923	4714	inf	0.166273	0.622492	NA
GO:0045047	5	0	10923	4714	inf	0.166273	0.622492	NA
GO:0045332	5	0	10923	4714	inf	0.166273	0.622492	NA
GO:0046628	5	0	10923	4714	inf	0.166273	0.622492	NA
GO:0051147	5	0	10923	4714	inf	0.166273	0.622492	NA
GO:0051276	5	0	10923	4714	inf	0.166273	0.622492	NA
GO:0051400	5	0	10923	4714	inf	0.166273	0.622492	NA
GO:0051499	5	0	10923	4714	inf	0.166273	0.622492	NA
GO:0051537	5	0	10923	4714	inf	0.166273	0.622492	NA
GO:0060585	5	0	10923	4714	inf	0.166273	0.622492	NA
GO:0070328	5	0	10923	4714	inf	0.166273	0.622492	NA
GO:0080143	5	0	10923	4714	inf	0.166273	0.622492	NA
GO:0090304	5	0	10923	4714	inf	0.166273	0.622492	NA
GO:0097192	5	0	10923	4714	inf	0.166273	0.622492	NA
GO:0098632	5	0	10923	4714	inf	0.166273	0.622492	NA
GO:1905564	5	0	10923	4714	inf	0.166273	0.622492	NA
GO:1990050	5	0	10923	4714	inf	0.166273	0.622492	NA
GO:0033500	20	5	10923	4714	1.7276	0.189004	0.706239	NA
GO:0005518	8	1	10923	4714	3.45433	0.193331	0.715582	NA
GO:0008191	8	1	10923	4714	3.45433	0.193331	0.715582	NA
GO:0034361	8	1	10923	4714	3.45433	0.193331	0.715582	NA
GO:0034364	8	1	10923	4714	3.45433	0.193331	0.715582	NA
GO:0045121	8	1	10923	4714	3.45433	0.193331	0.715582	NA
GO:0050994	17	4	10923	4714	1.83546	0.194223	0.717526	NA
GO:0006325	14	3	10923	4714	2.01528	0.198139	0.730615	NA
GO:0006631	11	2	10923	4714	2.375	0.19919	0.733109	NA
GO:0046914	19	5	10923	4714	1.64107	0.223964	0.746982	NA
GO:0030141	48	16	10923	4714	1.296	0.225253	0.746982	NA
GO:0000122	4	0	10923	4714	inf	0.238058	0.746982	NA
GO:0001054	4	0	10923	4714	inf	0.238058	0.746982	NA
GO:0001056	4	0	10923	4714	inf	0.238058	0.746982	NA
GO:0001666	4	0	10923	4714	inf	0.238058	0.746982	NA
GO:0001775	4	0	10923	4714	inf	0.238058	0.746982	NA
GO:0001932	4	0	10923	4714	inf	0.238058	0.746982	NA
GO:0001934	4	0	10923	4714	inf	0.238058	0.746982	NA
GO:0001938	4	0	10923	4714	inf	0.238058	0.746982	NA
GO:0002040	4	0	10923	4714	inf	0.238058	0.746982	NA
GO:0004843	4	0	10923	4714	inf	0.238058	0.746982	NA
GO:0005041	4	0	10923	4714	inf	0.238058	0.746982	NA
GO:0005172	4	0	10923	4714	inf	0.238058	0.746982	NA
GO:0005666	4	0	10923	4714	inf	0.238058	0.746982	NA
GO:0005686	4	0	10923	4714	inf	0.238058	0.746982	NA
GO:0005736	4	0	10923	4714	inf	0.238058	0.746982	NA
GO:0005746	4	0	10923	4714	inf	0.238058	0.746982	NA
GO:0005786	4	0	10923	4714	inf	0.238058	0.746982	NA
GO:0006120	4	0	10923	4714	inf	0.238058	0.746982	NA
GO:0006399	4	0	10923	4714	inf	0.238058	0.746982	NA
GO:0006614	4	0	10923	4714	inf	0.238058	0.746982	NA
GO:0006887	4	0	10923	4714	inf	0.238058	0.746982	NA
GO:0006970	4	0	10923	4714	inf	0.238058	0.746982	NA
GO:0006995	4	0	10923	4714	inf	0.238058	0.746982	NA
GO:0007368	4	0	10923	4714	inf	0.238058	0.746982	NA
GO:0007399	4	0	10923	4714	inf	0.238058	0.746982	NA
GO:0007548	4	0	10923	4714	inf	0.238058	0.746982	NA
GO:0007610	4	0	10923	4714	inf	0.238058	0.746982	NA
GO:0008016	4	0	10923	4714	inf	0.238058	0.746982	NA
GO:0008053	4	0	10923	4714	inf	0.238058	0.746982	NA
GO:0008195	4	0	10923	4714	inf	0.238058	0.746982	NA
GO:0009535	4	0	10923	4714	inf	0.238058	0.746982	NA
GO:0009952	4	0	10923	4714	inf	0.238058	0.746982	NA
GO:0010227	4	0	10923	4714	inf	0.238058	0.746982	NA
GO:0010543	4	0	10923	4714	inf	0.238058	0.746982	NA
GO:0010575	4	0	10923	4714	inf	0.238058	0.746982	NA
GO:0010759	4	0	10923	4714	inf	0.238058	0.746982	NA
GO:0012505	4	0	10923	4714	inf	0.238058	0.746982	NA
GO:0015267	4	0	10923	4714	inf	0.238058	0.746982	NA
GO:0015627	4	0	10923	4714	inf	0.238058	0.746982	NA
GO:0015628	4	0	10923	4714	inf	0.238058	0.746982	NA
GO:0016012	4	0	10923	4714	inf	0.238058	0.746982	NA
GO:0016579	4	0	10923	4714	inf	0.238058	0.746982	NA
GO:0018105	4	0	10923	4714	inf	0.238058	0.746982	NA
GO:0018107	4	0	10923	4714	inf	0.238058	0.746982	NA
GO:0019955	4	0	10923	4714	inf	0.238058	0.746982	NA
GO:0022407	4	0	10923	4714	inf	0.238058	0.746982	NA
GO:0022900	4	0	10923	4714	inf	0.238058	0.746982	NA
GO:0030036	4	0	10923	4714	inf	0.238058	0.746982	NA
GO:0030296	4	0	10923	4714	inf	0.238058	0.746982	NA
GO:0030677	4	0	10923	4714	inf	0.238058	0.746982	NA
GO:0031854	4	0	10923	4714	inf	0.238058	0.746982	NA
GO:0034599	4	0	10923	4714	inf	0.238058	0.746982	NA
GO:0035723	4	0	10923	4714	inf	0.238058	0.746982	NA
GO:0038084	4	0	10923	4714	inf	0.238058	0.746982	NA
GO:0038092	4	0	10923	4714	inf	0.238058	0.746982	NA
GO:0038100	4	0	10923	4714	inf	0.238058	0.746982	NA
GO:0042010	4	0	10923	4714	inf	0.238058	0.746982	NA
GO:0042246	4	0	10923	4714	inf	0.238058	0.746982	NA
GO:0042269	4	0	10923	4714	inf	0.238058	0.746982	NA
GO:0043001	4	0	10923	4714	inf	0.238058	0.746982	NA
GO:0043548	4	0	10923	4714	inf	0.238058	0.746982	NA
GO:0045217	4	0	10923	4714	inf	0.238058	0.746982	NA
GO:0045667	4	0	10923	4714	inf	0.238058	0.746982	NA
GO:0045766	4	0	10923	4714	inf	0.238058	0.746982	NA
GO:0045780	4	0	10923	4714	inf	0.238058	0.746982	NA
GO:0045892	4	0	10923	4714	inf	0.238058	0.746982	NA
GO:0046839	4	0	10923	4714	inf	0.238058	0.746982	NA
GO:0048009	4	0	10923	4714	inf	0.238058	0.746982	NA
GO:0048010	4	0	10923	4714	inf	0.238058	0.746982	NA
GO:0048500	4	0	10923	4714	inf	0.238058	0.746982	NA
GO:0048535	4	0	10923	4714	inf	0.238058	0.746982	NA
GO:0048706	4	0	10923	4714	inf	0.238058	0.746982	NA
GO:0048730	4	0	10923	4714	inf	0.238058	0.746982	NA
GO:0050930	4	0	10923	4714	inf	0.238058	0.746982	NA
GO:0051500	4	0	10923	4714	inf	0.238058	0.746982	NA
GO:0051918	4	0	10923	4714	inf	0.238058	0.746982	NA
GO:0051968	4	0	10923	4714	inf	0.238058	0.746982	NA
GO:0060754	4	0	10923	4714	inf	0.238058	0.746982	NA
GO:0070555	4	0	10923	4714	inf	0.238058	0.746982	NA
GO:0070684	4	0	10923	4714	inf	0.238058	0.746982	NA
GO:0070697	4	0	10923	4714	inf	0.238058	0.746982	NA
GO:0071011	4	0	10923	4714	inf	0.238058	0.746982	NA
GO:0072674	4	0	10923	4714	inf	0.238058	0.746982	NA
GO:0090575	4	0	10923	4714	inf	0.238058	0.746982	NA
GO:0097027	4	0	10923	4714	inf	0.238058	0.746982	NA
GO:1904668	4	0	10923	4714	inf	0.238058	0.746982	NA
GO:1905786	4	0	10923	4714	inf	0.238058	0.746982	NA
GO:1990138	4	0	10923	4714	inf	0.238058	0.746982	NA
GO:1990757	4	0	10923	4714	inf	0.238058	0.746982	NA
GO:1990961	4	0	10923	4714	inf	0.238058	0.746982	NA
GO:0020037	90	33	10923	4714	1.17847	0.242114	0.758495	NA
GO:0035375	10	2	10923	4714	2.15889	0.249221	0.778098	NA
GO:0004859	7	1	10923	4714	3.02226	0.252345	0.778098	NA
GO:0006641	7	1	10923	4714	3.02226	0.252345	0.778098	NA
GO:0007417	7	1	10923	4714	3.02226	0.252345	0.778098	NA
GO:0010033	7	1	10923	4714	3.02226	0.252345	0.778098	NA
GO:0010916	7	1	10923	4714	3.02226	0.252345	0.778098	NA
GO:0032375	7	1	10923	4714	3.02226	0.252345	0.778098	NA
GO:0034447	7	1	10923	4714	3.02226	0.252345	0.778098	NA
GO:0050995	7	1	10923	4714	3.02226	0.252345	0.778098	NA
GO:0051005	7	1	10923	4714	3.02226	0.252345	0.778098	NA
GO:0031841	39	13	10923	4714	1.29576	0.258943	0.797186	NA
GO:0042593	15	4	10923	4714	1.61922	0.277425	0.826924	NA
GO:0007596	9	2	10923	4714	1.94283	0.30891	0.826924	NA
GO:0030425	9	2	10923	4714	1.94283	0.30891	0.826924	NA
GO:0090501	9	2	10923	4714	1.94283	0.30891	0.826924	NA
GO:0006351	6	1	10923	4714	2.59027	0.32627	0.826924	NA
GO:0006457	6	1	10923	4714	2.59027	0.32627	0.826924	NA
GO:0007179	6	1	10923	4714	2.59027	0.32627	0.826924	NA
GO:0009733	6	1	10923	4714	2.59027	0.32627	0.826924	NA
GO:0050431	6	1	10923	4714	2.59027	0.32627	0.826924	NA
GO:0050921	14	4	10923	4714	1.51114	0.32763	0.826924	NA
GO:0000287	3	0	10923	4714	inf	0.340823	0.826924	NA
GO:0000340	3	0	10923	4714	inf	0.340823	0.826924	NA
GO:0000463	3	0	10923	4714	inf	0.340823	0.826924	NA
GO:0000976	3	0	10923	4714	inf	0.340823	0.826924	NA
GO:0001522	3	0	10923	4714	inf	0.340823	0.826924	NA
GO:0001580	3	0	10923	4714	inf	0.340823	0.826924	NA
GO:0001659	3	0	10923	4714	inf	0.340823	0.826924	NA
GO:0001916	3	0	10923	4714	inf	0.340823	0.826924	NA
GO:0002155	3	0	10923	4714	inf	0.340823	0.826924	NA
GO:0003779	3	0	10923	4714	inf	0.340823	0.826924	NA
GO:0004024	3	0	10923	4714	inf	0.340823	0.826924	NA
GO:0004175	3	0	10923	4714	inf	0.340823	0.826924	NA
GO:0004722	3	0	10923	4714	inf	0.340823	0.826924	NA
GO:0004777	3	0	10923	4714	inf	0.340823	0.826924	NA
GO:0004879	3	0	10923	4714	inf	0.340823	0.826924	NA
GO:0005171	3	0	10923	4714	inf	0.340823	0.826924	NA
GO:0005253	3	0	10923	4714	inf	0.340823	0.826924	NA
GO:0005385	3	0	10923	4714	inf	0.340823	0.826924	NA
GO:0005516	3	0	10923	4714	inf	0.340823	0.826924	NA
GO:0005525	3	0	10923	4714	inf	0.340823	0.826924	NA
GO:0005689	3	0	10923	4714	inf	0.340823	0.826924	NA
GO:0005740	3	0	10923	4714	inf	0.340823	0.826924	NA
GO:0005777	3	0	10923	4714	inf	0.340823	0.826924	NA
GO:0005784	3	0	10923	4714	inf	0.340823	0.826924	NA
GO:0005874	3	0	10923	4714	inf	0.340823	0.826924	NA
GO:0005901	3	0	10923	4714	inf	0.340823	0.826924	NA
GO:0006807	3	0	10923	4714	inf	0.340823	0.826924	NA
GO:0006812	3	0	10923	4714	inf	0.340823	0.826924	NA
GO:0006813	3	0	10923	4714	inf	0.340823	0.826924	NA
GO:0006882	3	0	10923	4714	inf	0.340823	0.826924	NA
GO:0007021	3	0	10923	4714	inf	0.340823	0.826924	NA
GO:0007023	3	0	10923	4714	inf	0.340823	0.826924	NA
GO:0007156	3	0	10923	4714	inf	0.340823	0.826924	NA
GO:0007589	3	0	10923	4714	inf	0.340823	0.826924	NA
GO:0007605	3	0	10923	4714	inf	0.340823	0.826924	NA
GO:0008277	3	0	10923	4714	inf	0.340823	0.826924	NA
GO:0008312	3	0	10923	4714	inf	0.340823	0.826924	NA
GO:0008324	3	0	10923	4714	inf	0.340823	0.826924	NA
GO:0008613	3	0	10923	4714	inf	0.340823	0.826924	NA
GO:0008982	3	0	10923	4714	inf	0.340823	0.826924	NA
GO:0009401	3	0	10923	4714	inf	0.340823	0.826924	NA
GO:0009432	3	0	10923	4714	inf	0.340823	0.826924	NA
GO:0009450	3	0	10923	4714	inf	0.340823	0.826924	NA
GO:0009567	3	0	10923	4714	inf	0.340823	0.826924	NA
GO:0009723	3	0	10923	4714	inf	0.340823	0.826924	NA
GO:0009734	3	0	10923	4714	inf	0.340823	0.826924	NA
GO:0009736	3	0	10923	4714	inf	0.340823	0.826924	NA
GO:0009737	3	0	10923	4714	inf	0.340823	0.826924	NA
GO:0009887	3	0	10923	4714	inf	0.340823	0.826924	NA
GO:0010104	3	0	10923	4714	inf	0.340823	0.826924	NA
GO:0010256	3	0	10923	4714	inf	0.340823	0.826924	NA
GO:0010427	3	0	10923	4714	inf	0.340823	0.826924	NA
GO:0010918	3	0	10923	4714	inf	0.340823	0.826924	NA
GO:0015026	3	0	10923	4714	inf	0.340823	0.826924	NA
GO:0015450	3	0	10923	4714	inf	0.340823	0.826924	NA
GO:0015491	3	0	10923	4714	inf	0.340823	0.826924	NA
GO:0015631	3	0	10923	4714	inf	0.340823	0.826924	NA
GO:0016281	3	0	10923	4714	inf	0.340823	0.826924	NA
GO:0016409	3	0	10923	4714	inf	0.340823	0.826924	NA
GO:0016460	3	0	10923	4714	inf	0.340823	0.826924	NA
GO:0016529	3	0	10923	4714	inf	0.340823	0.826924	NA
GO:0016616	3	0	10923	4714	inf	0.340823	0.826924	NA
GO:0016740	3	0	10923	4714	inf	0.340823	0.826924	NA
GO:0019899	3	0	10923	4714	inf	0.340823	0.826924	NA
GO:0022611	3	0	10923	4714	inf	0.340823	0.826924	NA
GO:0022618	3	0	10923	4714	inf	0.340823	0.826924	NA
GO:0030431	3	0	10923	4714	inf	0.340823	0.826924	NA
GO:0030510	3	0	10923	4714	inf	0.340823	0.826924	NA
GO:0030667	3	0	10923	4714	inf	0.340823	0.826924	NA
GO:0031118	3	0	10923	4714	inf	0.340823	0.826924	NA
GO:0031120	3	0	10923	4714	inf	0.340823	0.826924	NA
GO:0031297	3	0	10923	4714	inf	0.340823	0.826924	NA
GO:0031429	3	0	10923	4714	inf	0.340823	0.826924	NA
GO:0031531	3	0	10923	4714	inf	0.340823	0.826924	NA
GO:0031623	3	0	10923	4714	inf	0.340823	0.826924	NA
GO:0031771	3	0	10923	4714	inf	0.340823	0.826924	NA
GO:0031772	3	0	10923	4714	inf	0.340823	0.826924	NA
GO:0032790	3	0	10923	4714	inf	0.340823	0.826924	NA
GO:0032870	3	0	10923	4714	inf	0.340823	0.826924	NA
GO:0034109	3	0	10923	4714	inf	0.340823	0.826924	NA
GO:0034553	3	0	10923	4714	inf	0.340823	0.826924	NA
GO:0035275	3	0	10923	4714	inf	0.340823	0.826924	NA
GO:0035721	3	0	10923	4714	inf	0.340823	0.826924	NA
GO:0035725	3	0	10923	4714	inf	0.340823	0.826924	NA
GO:0036122	3	0	10923	4714	inf	0.340823	0.826924	NA
GO:0036211	3	0	10923	4714	inf	0.340823	0.826924	NA
GO:0036462	3	0	10923	4714	inf	0.340823	0.826924	NA
GO:0042048	3	0	10923	4714	inf	0.340823	0.826924	NA
GO:0042278	3	0	10923	4714	inf	0.340823	0.826924	NA
GO:0042288	3	0	10923	4714	inf	0.340823	0.826924	NA
GO:0042549	3	0	10923	4714	inf	0.340823	0.826924	NA
GO:0042755	3	0	10923	4714	inf	0.340823	0.826924	NA
GO:0043067	3	0	10923	4714	inf	0.340823	0.826924	NA
GO:0043154	3	0	10923	4714	inf	0.340823	0.826924	NA
GO:0045048	3	0	10923	4714	inf	0.340823	0.826924	NA
GO:0045165	3	0	10923	4714	inf	0.340823	0.826924	NA
GO:0045490	3	0	10923	4714	inf	0.340823	0.826924	NA
GO:0045900	3	0	10923	4714	inf	0.340823	0.826924	NA
GO:0046294	3	0	10923	4714	inf	0.340823	0.826924	NA
GO:0046928	3	0	10923	4714	inf	0.340823	0.826924	NA
GO:0048487	3	0	10923	4714	inf	0.340823	0.826924	NA
GO:0051006	3	0	10923	4714	inf	0.340823	0.826924	NA
GO:0051087	3	0	10923	4714	inf	0.340823	0.826924	NA
GO:0051284	3	0	10923	4714	inf	0.340823	0.826924	NA
GO:0051726	3	0	10923	4714	inf	0.340823	0.826924	NA
GO:0051902	3	0	10923	4714	inf	0.340823	0.826924	NA
GO:0051903	3	0	10923	4714	inf	0.340823	0.826924	NA
GO:0051971	3	0	10923	4714	inf	0.340823	0.826924	NA
GO:0052689	3	0	10923	4714	inf	0.340823	0.826924	NA
GO:0060070	3	0	10923	4714	inf	0.340823	0.826924	NA
GO:0060090	3	0	10923	4714	inf	0.340823	0.826924	NA
GO:0065002	3	0	10923	4714	inf	0.340823	0.826924	NA
GO:0070034	3	0	10923	4714	inf	0.340823	0.826924	NA
GO:0070836	3	0	10923	4714	inf	0.340823	0.826924	NA
GO:0072659	3	0	10923	4714	inf	0.340823	0.826924	NA
GO:0072683	3	0	10923	4714	inf	0.340823	0.826924	NA
GO:0080155	3	0	10923	4714	inf	0.340823	0.826924	NA
GO:0097345	3	0	10923	4714	inf	0.340823	0.826924	NA
GO:0140291	3	0	10923	4714	inf	0.340823	0.826924	NA
GO:0140293	3	0	10923	4714	inf	0.340823	0.826924	NA
GO:1902204	3	0	10923	4714	inf	0.340823	0.826924	NA
GO:1903955	3	0	10923	4714	inf	0.340823	0.826924	NA
GO:1904306	3	0	10923	4714	inf	0.340823	0.826924	NA
GO:1904874	3	0	10923	4714	inf	0.340823	0.826924	NA
GO:2000008	3	0	10923	4714	inf	0.340823	0.826924	NA
GO:2000391	3	0	10923	4714	inf	0.340823	0.826924	NA
GO:2001240	3	0	10923	4714	inf	0.340823	0.826924	NA
GO:0004222	11	3	10923	4714	1.583	0.35062	0.826924	NA
GO:0042834	21	7	10923	4714	1.29527	0.358318	0.826924	NA
GO:0072562	72	28	10923	4714	1.11047	0.364255	0.826924	NA
GO:0003899	5	1	10923	4714	2.15836	0.416981	0.826924	NA
GO:0006470	5	1	10923	4714	2.15836	0.416981	0.826924	NA
GO:0045926	17	6	10923	4714	1.22312	0.433788	0.826924	NA
GO:0005139	7	2	10923	4714	1.51081	0.458894	0.826924	NA
GO:0007600	7	2	10923	4714	1.51081	0.458894	0.826924	NA
GO:0031628	7	2	10923	4714	1.51081	0.458894	0.826924	NA
GO:0000035	2	0	10923	4714	inf	0.487938	0.826924	NA
GO:0000036	2	0	10923	4714	inf	0.487938	0.826924	NA
GO:0000049	2	0	10923	4714	inf	0.487938	0.826924	NA
GO:0000123	2	0	10923	4714	inf	0.487938	0.826924	NA
GO:0000149	2	0	10923	4714	inf	0.487938	0.826924	NA
GO:0000266	2	0	10923	4714	inf	0.487938	0.826924	NA
GO:0000276	2	0	10923	4714	inf	0.487938	0.826924	NA
GO:0000413	2	0	10923	4714	inf	0.487938	0.826924	NA
GO:0000422	2	0	10923	4714	inf	0.487938	0.826924	NA
GO:0000492	2	0	10923	4714	inf	0.487938	0.826924	NA
GO:0000712	2	0	10923	4714	inf	0.487938	0.826924	NA
GO:0000724	2	0	10923	4714	inf	0.487938	0.826924	NA
GO:0000974	2	0	10923	4714	inf	0.487938	0.826924	NA
GO:0001099	2	0	10923	4714	inf	0.487938	0.826924	NA
GO:0001227	2	0	10923	4714	inf	0.487938	0.826924	NA
GO:0001682	2	0	10923	4714	inf	0.487938	0.826924	NA
GO:0001731	2	0	10923	4714	inf	0.487938	0.826924	NA
GO:0002079	2	0	10923	4714	inf	0.487938	0.826924	NA
GO:0002182	2	0	10923	4714	inf	0.487938	0.826924	NA
GO:0002244	2	0	10923	4714	inf	0.487938	0.826924	NA
GO:0002250	2	0	10923	4714	inf	0.487938	0.826924	NA
GO:0002415	2	0	10923	4714	inf	0.487938	0.826924	NA
GO:0002476	2	0	10923	4714	inf	0.487938	0.826924	NA
GO:0002486	2	0	10923	4714	inf	0.487938	0.826924	NA
GO:0003697	2	0	10923	4714	inf	0.487938	0.826924	NA
GO:0003712	2	0	10923	4714	inf	0.487938	0.826924	NA
GO:0003755	2	0	10923	4714	inf	0.487938	0.826924	NA
GO:0004176	2	0	10923	4714	inf	0.487938	0.826924	NA
GO:0004197	2	0	10923	4714	inf	0.487938	0.826924	NA
GO:0004364	2	0	10923	4714	inf	0.487938	0.826924	NA
GO:0004402	2	0	10923	4714	inf	0.487938	0.826924	NA
GO:0004526	2	0	10923	4714	inf	0.487938	0.826924	NA
GO:0004566	2	0	10923	4714	inf	0.487938	0.826924	NA
GO:0004602	2	0	10923	4714	inf	0.487938	0.826924	NA
GO:0004803	2	0	10923	4714	inf	0.487938	0.826924	NA
GO:0004932	2	0	10923	4714	inf	0.487938	0.826924	NA
GO:0005085	2	0	10923	4714	inf	0.487938	0.826924	NA
GO:0005133	2	0	10923	4714	inf	0.487938	0.826924	NA
GO:0005245	2	0	10923	4714	inf	0.487938	0.826924	NA
GO:0005496	2	0	10923	4714	inf	0.487938	0.826924	NA
GO:0005604	2	0	10923	4714	inf	0.487938	0.826924	NA
GO:0005643	2	0	10923	4714	inf	0.487938	0.826924	NA
GO:0005655	2	0	10923	4714	inf	0.487938	0.826924	NA
GO:0005667	2	0	10923	4714	inf	0.487938	0.826924	NA
GO:0005681	2	0	10923	4714	inf	0.487938	0.826924	NA
GO:0005694	2	0	10923	4714	inf	0.487938	0.826924	NA
GO:0005759	2	0	10923	4714	inf	0.487938	0.826924	NA
GO:0005788	2	0	10923	4714	inf	0.487938	0.826924	NA
GO:0005811	2	0	10923	4714	inf	0.487938	0.826924	NA
GO:0005839	2	0	10923	4714	inf	0.487938	0.826924	NA
GO:0005884	2	0	10923	4714	inf	0.487938	0.826924	NA
GO:0005930	2	0	10923	4714	inf	0.487938	0.826924	NA
GO:0006268	2	0	10923	4714	inf	0.487938	0.826924	NA
GO:0006310	2	0	10923	4714	inf	0.487938	0.826924	NA
GO:0006313	2	0	10923	4714	inf	0.487938	0.826924	NA
GO:0006368	2	0	10923	4714	inf	0.487938	0.826924	NA
GO:0006378	2	0	10923	4714	inf	0.487938	0.826924	NA
GO:0006487	2	0	10923	4714	inf	0.487938	0.826924	NA
GO:0006515	2	0	10923	4714	inf	0.487938	0.826924	NA
GO:0006612	2	0	10923	4714	inf	0.487938	0.826924	NA
GO:0006627	2	0	10923	4714	inf	0.487938	0.826924	NA
GO:0006679	2	0	10923	4714	inf	0.487938	0.826924	NA
GO:0006689	2	0	10923	4714	inf	0.487938	0.826924	NA
GO:0006811	2	0	10923	4714	inf	0.487938	0.826924	NA
GO:0006825	2	0	10923	4714	inf	0.487938	0.826924	NA
GO:0006878	2	0	10923	4714	inf	0.487938	0.826924	NA
GO:0007005	2	0	10923	4714	inf	0.487938	0.826924	NA
GO:0007339	2	0	10923	4714	inf	0.487938	0.826924	NA
GO:0007613	2	0	10923	4714	inf	0.487938	0.826924	NA
GO:0008080	2	0	10923	4714	inf	0.487938	0.826924	NA
GO:0008120	2	0	10923	4714	inf	0.487938	0.826924	NA
GO:0008137	2	0	10923	4714	inf	0.487938	0.826924	NA
GO:0008138	2	0	10923	4714	inf	0.487938	0.826924	NA
GO:0008236	2	0	10923	4714	inf	0.487938	0.826924	NA
GO:0008379	2	0	10923	4714	inf	0.487938	0.826924	NA
GO:0008988	2	0	10923	4714	inf	0.487938	0.826924	NA
GO:0009082	2	0	10923	4714	inf	0.487938	0.826924	NA
GO:0009098	2	0	10923	4714	inf	0.487938	0.826924	NA
GO:0009103	2	0	10923	4714	inf	0.487938	0.826924	NA
GO:0009143	2	0	10923	4714	inf	0.487938	0.826924	NA
GO:0009416	2	0	10923	4714	inf	0.487938	0.826924	NA
GO:0009451	2	0	10923	4714	inf	0.487938	0.826924	NA
GO:0010039	2	0	10923	4714	inf	0.487938	0.826924	NA
GO:0010087	2	0	10923	4714	inf	0.487938	0.826924	NA
GO:0010089	2	0	10923	4714	inf	0.487938	0.826924	NA
GO:0010158	2	0	10923	4714	inf	0.487938	0.826924	NA
GO:0010890	2	0	10923	4714	inf	0.487938	0.826924	NA
GO:0012501	2	0	10923	4714	inf	0.487938	0.826924	NA
GO:0015075	2	0	10923	4714	inf	0.487938	0.826924	NA
GO:0015081	2	0	10923	4714	inf	0.487938	0.826924	NA
GO:0015293	2	0	10923	4714	inf	0.487938	0.826924	NA
GO:0015297	2	0	10923	4714	inf	0.487938	0.826924	NA
GO:0015385	2	0	10923	4714	inf	0.487938	0.826924	NA
GO:0016174	2	0	10923	4714	inf	0.487938	0.826924	NA
GO:0016247	2	0	10923	4714	inf	0.487938	0.826924	NA
GO:0016298	2	0	10923	4714	inf	0.487938	0.826924	NA
GO:0016301	2	0	10923	4714	inf	0.487938	0.826924	NA
GO:0016310	2	0	10923	4714	inf	0.487938	0.826924	NA
GO:0016311	2	0	10923	4714	inf	0.487938	0.826924	NA
GO:0016471	2	0	10923	4714	inf	0.487938	0.826924	NA
GO:0016602	2	0	10923	4714	inf	0.487938	0.826924	NA
GO:0016791	2	0	10923	4714	inf	0.487938	0.826924	NA
GO:0016887	2	0	10923	4714	inf	0.487938	0.826924	NA
GO:0016971	2	0	10923	4714	inf	0.487938	0.826924	NA
GO:0017147	2	0	10923	4714	inf	0.487938	0.826924	NA
GO:0017187	2	0	10923	4714	inf	0.487938	0.826924	NA
GO:0018230	2	0	10923	4714	inf	0.487938	0.826924	NA
GO:0019221	2	0	10923	4714	inf	0.487938	0.826924	NA
GO:0019226	2	0	10923	4714	inf	0.487938	0.826924	NA
GO:0019706	2	0	10923	4714	inf	0.487938	0.826924	NA
GO:0019902	2	0	10923	4714	inf	0.487938	0.826924	NA
GO:0030098	2	0	10923	4714	inf	0.487938	0.826924	NA
GO:0030298	2	0	10923	4714	inf	0.487938	0.826924	NA
GO:0030420	2	0	10923	4714	inf	0.487938	0.826924	NA
GO:0030490	2	0	10923	4714	inf	0.487938	0.826924	NA
GO:0030514	2	0	10923	4714	inf	0.487938	0.826924	NA
GO:0030833	2	0	10923	4714	inf	0.487938	0.826924	NA
GO:0030890	2	0	10923	4714	inf	0.487938	0.826924	NA
GO:0031083	2	0	10923	4714	inf	0.487938	0.826924	NA
GO:0031167	2	0	10923	4714	inf	0.487938	0.826924	NA
GO:0031464	2	0	10923	4714	inf	0.487938	0.826924	NA
GO:0031505	2	0	10923	4714	inf	0.487938	0.826924	NA
GO:0031894	2	0	10923	4714	inf	0.487938	0.826924	NA
GO:0032230	2	0	10923	4714	inf	0.487938	0.826924	NA
GO:0032233	2	0	10923	4714	inf	0.487938	0.826924	NA
GO:0032281	2	0	10923	4714	inf	0.487938	0.826924	NA
GO:0032875	2	0	10923	4714	inf	0.487938	0.826924	NA
GO:0032922	2	0	10923	4714	inf	0.487938	0.826924	NA
GO:0032993	2	0	10923	4714	inf	0.487938	0.826924	NA
GO:0033108	2	0	10923	4714	inf	0.487938	0.826924	NA
GO:0033549	2	0	10923	4714	inf	0.487938	0.826924	NA
GO:0033897	2	0	10923	4714	inf	0.487938	0.826924	NA
GO:0034975	2	0	10923	4714	inf	0.487938	0.826924	NA
GO:0035082	2	0	10923	4714	inf	0.487938	0.826924	NA
GO:0035102	2	0	10923	4714	inf	0.487938	0.826924	NA
GO:0035267	2	0	10923	4714	inf	0.487938	0.826924	NA
GO:0035473	2	0	10923	4714	inf	0.487938	0.826924	NA
GO:0035478	2	0	10923	4714	inf	0.487938	0.826924	NA
GO:0035497	2	0	10923	4714	inf	0.487938	0.826924	NA
GO:0035556	2	0	10923	4714	inf	0.487938	0.826924	NA
GO:0035567	2	0	10923	4714	inf	0.487938	0.826924	NA
GO:0035861	2	0	10923	4714	inf	0.487938	0.826924	NA
GO:0036376	2	0	10923	4714	inf	0.487938	0.826924	NA
GO:0038098	2	0	10923	4714	inf	0.487938	0.826924	NA
GO:0042102	2	0	10923	4714	inf	0.487938	0.826924	NA
GO:0042373	2	0	10923	4714	inf	0.487938	0.826924	NA
GO:0042393	2	0	10923	4714	inf	0.487938	0.826924	NA
GO:0042597	2	0	10923	4714	inf	0.487938	0.826924	NA
GO:0042720	2	0	10923	4714	inf	0.487938	0.826924	NA
GO:0042780	2	0	10923	4714	inf	0.487938	0.826924	NA
GO:0042781	2	0	10923	4714	inf	0.487938	0.826924	NA
GO:0042813	2	0	10923	4714	inf	0.487938	0.826924	NA
GO:0043139	2	0	10923	4714	inf	0.487938	0.826924	NA
GO:0043240	2	0	10923	4714	inf	0.487938	0.826924	NA
GO:0043409	2	0	10923	4714	inf	0.487938	0.826924	NA
GO:0044458	2	0	10923	4714	inf	0.487938	0.826924	NA
GO:0045095	2	0	10923	4714	inf	0.487938	0.826924	NA
GO:0045494	2	0	10923	4714	inf	0.487938	0.826924	NA
GO:0045597	2	0	10923	4714	inf	0.487938	0.826924	NA
GO:0045600	2	0	10923	4714	inf	0.487938	0.826924	NA
GO:0045760	2	0	10923	4714	inf	0.487938	0.826924	NA
GO:0046008	2	0	10923	4714	inf	0.487938	0.826924	NA
GO:0046677	2	0	10923	4714	inf	0.487938	0.826924	NA
GO:0046983	2	0	10923	4714	inf	0.487938	0.826924	NA
GO:0047057	2	0	10923	4714	inf	0.487938	0.826924	NA
GO:0047429	2	0	10923	4714	inf	0.487938	0.826924	NA
GO:0048046	2	0	10923	4714	inf	0.487938	0.826924	NA
GO:0048205	2	0	10923	4714	inf	0.487938	0.826924	NA
GO:0048254	2	0	10923	4714	inf	0.487938	0.826924	NA
GO:0048316	2	0	10923	4714	inf	0.487938	0.826924	NA
GO:0048666	2	0	10923	4714	inf	0.487938	0.826924	NA
GO:0048812	2	0	10923	4714	inf	0.487938	0.826924	NA
GO:0050790	2	0	10923	4714	inf	0.487938	0.826924	NA
GO:0051118	2	0	10923	4714	inf	0.487938	0.826924	NA
GO:0051131	2	0	10923	4714	inf	0.487938	0.826924	NA
GO:0051301	2	0	10923	4714	inf	0.487938	0.826924	NA
GO:0051603	2	0	10923	4714	inf	0.487938	0.826924	NA
GO:0051980	2	0	10923	4714	inf	0.487938	0.826924	NA
GO:0060079	2	0	10923	4714	inf	0.487938	0.826924	NA
GO:0060271	2	0	10923	4714	inf	0.487938	0.826924	NA
GO:0061077	2	0	10923	4714	inf	0.487938	0.826924	NA
GO:0061617	2	0	10923	4714	inf	0.487938	0.826924	NA
GO:0070180	2	0	10923	4714	inf	0.487938	0.826924	NA
GO:0070378	2	0	10923	4714	inf	0.487938	0.826924	NA
GO:0070492	2	0	10923	4714	inf	0.487938	0.826924	NA
GO:0070761	2	0	10923	4714	inf	0.487938	0.826924	NA
GO:0070840	2	0	10923	4714	inf	0.487938	0.826924	NA
GO:0070888	2	0	10923	4714	inf	0.487938	0.826924	NA
GO:0071230	2	0	10923	4714	inf	0.487938	0.826924	NA
GO:0071577	2	0	10923	4714	inf	0.487938	0.826924	NA
GO:0071805	2	0	10923	4714	inf	0.487938	0.826924	NA
GO:0071821	2	0	10923	4714	inf	0.487938	0.826924	NA
GO:0071986	2	0	10923	4714	inf	0.487938	0.826924	NA
GO:0072344	2	0	10923	4714	inf	0.487938	0.826924	NA
GO:0072546	2	0	10923	4714	inf	0.487938	0.826924	NA
GO:0097225	2	0	10923	4714	inf	0.487938	0.826924	NA
GO:0097250	2	0	10923	4714	inf	0.487938	0.826924	NA
GO:0097484	2	0	10923	4714	inf	0.487938	0.826924	NA
GO:0098789	2	0	10923	4714	inf	0.487938	0.826924	NA
GO:0098803	2	0	10923	4714	inf	0.487938	0.826924	NA
GO:0098839	2	0	10923	4714	inf	0.487938	0.826924	NA
GO:0098943	2	0	10923	4714	inf	0.487938	0.826924	NA
GO:0098970	2	0	10923	4714	inf	0.487938	0.826924	NA
GO:0099590	2	0	10923	4714	inf	0.487938	0.826924	NA
GO:0180047	2	0	10923	4714	inf	0.487938	0.826924	NA
GO:1901505	2	0	10923	4714	inf	0.487938	0.826924	NA
GO:1901981	2	0	10923	4714	inf	0.487938	0.826924	NA
GO:1990513	2	0	10923	4714	inf	0.487938	0.826924	NA
GO:2000311	2	0	10923	4714	inf	0.487938	0.826924	NA
GO:0000785	16	6	10923	4714	1.15107	0.488088	0.826924	NA
GO:0003676	122	52	10923	4714	1.01266	0.507294	0.826924	NA
GO:0001525	20	8	10923	4714	1.07906	0.520693	0.826924	NA
GO:0007409	4	1	10923	4714	1.72653	0.525195	0.826924	NA
GO:0015144	4	1	10923	4714	1.72653	0.525195	0.826924	NA
GO:0016671	4	1	10923	4714	1.72653	0.525195	0.826924	NA
GO:0030414	4	1	10923	4714	1.72653	0.525195	0.826924	NA
GO:0030546	4	1	10923	4714	1.72653	0.525195	0.826924	NA
GO:0030971	4	1	10923	4714	1.72653	0.525195	0.826924	NA
GO:0036503	4	1	10923	4714	1.72653	0.525195	0.826924	NA
GO:0048246	4	1	10923	4714	1.72653	0.525195	0.826924	NA
GO:0051082	4	1	10923	4714	1.72653	0.525195	0.826924	NA
GO:0007189	31	13	10923	4714	1.0292	0.539465	0.826924	NA
GO:0006979	15	6	10923	4714	1.07902	0.544621	0.826924	NA
GO:0004553	6	2	10923	4714	1.29486	0.548045	0.826924	NA
GO:0005524	6	2	10923	4714	1.29486	0.548045	0.826924	NA
GO:0006665	8	3	10923	4714	1.15095	0.565263	0.826924	NA
GO:0009505	18	8	10923	4714	0.970977	0.621172	0.826924	NA
GO:0004888	5	2	10923	4714	1.07895	0.643758	0.826924	NA
GO:0009611	5	2	10923	4714	1.07895	0.643758	0.826924	NA
GO:0035673	5	2	10923	4714	1.07895	0.643758	0.826924	NA
GO:0042531	5	2	10923	4714	1.07895	0.643758	0.826924	NA
GO:0042612	5	2	10923	4714	1.07895	0.643758	0.826924	NA
GO:0003073	7	3	10923	4714	1.00699	0.645724	0.826924	NA
GO:0003690	7	3	10923	4714	1.00699	0.645724	0.826924	NA
GO:0001055	3	1	10923	4714	1.29478	0.649121	0.826924	NA
GO:0005665	3	1	10923	4714	1.29478	0.649121	0.826924	NA
GO:0006468	3	1	10923	4714	1.29478	0.649121	0.826924	NA
GO:0030599	3	1	10923	4714	1.29478	0.649121	0.826924	NA
GO:0042545	3	1	10923	4714	1.29478	0.649121	0.826924	NA
GO:0042594	3	1	10923	4714	1.29478	0.649121	0.826924	NA
GO:0050839	3	1	10923	4714	1.29478	0.649121	0.826924	NA
GO:0071949	3	1	10923	4714	1.29478	0.649121	0.826924	NA
GO:0007249	9	4	10923	4714	0.971001	0.649944	0.826924	NA
GO:0043025	9	4	10923	4714	0.971001	0.649944	0.826924	NA
GO:0043679	9	4	10923	4714	0.971001	0.649944	0.826924	NA
GO:0046848	15	7	10923	4714	0.924682	0.665762	0.826924	NA
GO:0006935	17	8	10923	4714	0.916949	0.671139	0.826924	NA
GO:0031492	19	9	10923	4714	0.91093	0.676423	0.826924	NA
GO:0000014	1	0	10923	4714	inf	0.698536	0.826924	NA
GO:0000015	1	0	10923	4714	inf	0.698536	0.826924	NA
GO:0000045	1	0	10923	4714	inf	0.698536	0.826924	NA
GO:0000079	1	0	10923	4714	inf	0.698536	0.826924	NA
GO:0000086	1	0	10923	4714	inf	0.698536	0.826924	NA
GO:0000118	1	0	10923	4714	inf	0.698536	0.826924	NA
GO:0000146	1	0	10923	4714	inf	0.698536	0.826924	NA
GO:0000151	1	0	10923	4714	inf	0.698536	0.826924	NA
GO:0000155	1	0	10923	4714	inf	0.698536	0.826924	NA
GO:0000156	1	0	10923	4714	inf	0.698536	0.826924	NA
GO:0000160	1	0	10923	4714	inf	0.698536	0.826924	NA
GO:0000165	1	0	10923	4714	inf	0.698536	0.826924	NA
GO:0000225	1	0	10923	4714	inf	0.698536	0.826924	NA
GO:0000272	1	0	10923	4714	inf	0.698536	0.826924	NA
GO:0000281	1	0	10923	4714	inf	0.698536	0.826924	NA
GO:0000285	1	0	10923	4714	inf	0.698536	0.826924	NA
GO:0000325	1	0	10923	4714	inf	0.698536	0.826924	NA
GO:0000444	1	0	10923	4714	inf	0.698536	0.826924	NA
GO:0000447	1	0	10923	4714	inf	0.698536	0.826924	NA
GO:0000462	1	0	10923	4714	inf	0.698536	0.826924	NA
GO:0000472	1	0	10923	4714	inf	0.698536	0.826924	NA
GO:0000480	1	0	10923	4714	inf	0.698536	0.826924	NA
GO:0000723	1	0	10923	4714	inf	0.698536	0.826924	NA
GO:0000727	1	0	10923	4714	inf	0.698536	0.826924	NA
GO:0000729	1	0	10923	4714	inf	0.698536	0.826924	NA
GO:0000752	1	0	10923	4714	inf	0.698536	0.826924	NA
GO:0000772	1	0	10923	4714	inf	0.698536	0.826924	NA
GO:0000813	1	0	10923	4714	inf	0.698536	0.826924	NA
GO:0000922	1	0	10923	4714	inf	0.698536	0.826924	NA
GO:0000956	1	0	10923	4714	inf	0.698536	0.826924	NA
GO:0000967	1	0	10923	4714	inf	0.698536	0.826924	NA
GO:0000987	1	0	10923	4714	inf	0.698536	0.826924	NA
GO:0001006	1	0	10923	4714	inf	0.698536	0.826924	NA
GO:0001147	1	0	10923	4714	inf	0.698536	0.826924	NA
GO:0001217	1	0	10923	4714	inf	0.698536	0.826924	NA
GO:0001502	1	0	10923	4714	inf	0.698536	0.826924	NA
GO:0001518	1	0	10923	4714	inf	0.698536	0.826924	NA
GO:0001696	1	0	10923	4714	inf	0.698536	0.826924	NA
GO:0001726	1	0	10923	4714	inf	0.698536	0.826924	NA
GO:0001786	1	0	10923	4714	inf	0.698536	0.826924	NA
GO:0001819	1	0	10923	4714	inf	0.698536	0.826924	NA
GO:0001942	1	0	10923	4714	inf	0.698536	0.826924	NA
GO:0002143	1	0	10923	4714	inf	0.698536	0.826924	NA
GO:0002188	1	0	10923	4714	inf	0.698536	0.826924	NA
GO:0002282	1	0	10923	4714	inf	0.698536	0.826924	NA
GO:0002283	1	0	10923	4714	inf	0.698536	0.826924	NA
GO:0002367	1	0	10923	4714	inf	0.698536	0.826924	NA
GO:0002429	1	0	10923	4714	inf	0.698536	0.826924	NA
GO:0002437	1	0	10923	4714	inf	0.698536	0.826924	NA
GO:0002682	1	0	10923	4714	inf	0.698536	0.826924	NA
GO:0002940	1	0	10923	4714	inf	0.698536	0.826924	NA
GO:0003680	1	0	10923	4714	inf	0.698536	0.826924	NA
GO:0003681	1	0	10923	4714	inf	0.698536	0.826924	NA
GO:0003714	1	0	10923	4714	inf	0.698536	0.826924	NA
GO:0003724	1	0	10923	4714	inf	0.698536	0.826924	NA
GO:0003756	1	0	10923	4714	inf	0.698536	0.826924	NA
GO:0003950	1	0	10923	4714	inf	0.698536	0.826924	NA
GO:0003954	1	0	10923	4714	inf	0.698536	0.826924	NA
GO:0003978	1	0	10923	4714	inf	0.698536	0.826924	NA
GO:0004016	1	0	10923	4714	inf	0.698536	0.826924	NA
GO:0004035	1	0	10923	4714	inf	0.698536	0.826924	NA
GO:0004045	1	0	10923	4714	inf	0.698536	0.826924	NA
GO:0004108	1	0	10923	4714	inf	0.698536	0.826924	NA
GO:0004114	1	0	10923	4714	inf	0.698536	0.826924	NA
GO:0004128	1	0	10923	4714	inf	0.698536	0.826924	NA
GO:0004298	1	0	10923	4714	inf	0.698536	0.826924	NA
GO:0004315	1	0	10923	4714	inf	0.698536	0.826924	NA
GO:0004338	1	0	10923	4714	inf	0.698536	0.826924	NA
GO:0004439	1	0	10923	4714	inf	0.698536	0.826924	NA
GO:0004464	1	0	10923	4714	inf	0.698536	0.826924	NA
GO:0004470	1	0	10923	4714	inf	0.698536	0.826924	NA
GO:0004471	1	0	10923	4714	inf	0.698536	0.826924	NA
GO:0004611	1	0	10923	4714	inf	0.698536	0.826924	NA
GO:0004612	1	0	10923	4714	inf	0.698536	0.826924	NA
GO:0004620	1	0	10923	4714	inf	0.698536	0.826924	NA
GO:0004634	1	0	10923	4714	inf	0.698536	0.826924	NA
GO:0004635	1	0	10923	4714	inf	0.698536	0.826924	NA
GO:0004642	1	0	10923	4714	inf	0.698536	0.826924	NA
GO:0004663	1	0	10923	4714	inf	0.698536	0.826924	NA
GO:0004672	1	0	10923	4714	inf	0.698536	0.826924	NA
GO:0004721	1	0	10923	4714	inf	0.698536	0.826924	NA
GO:0004743	1	0	10923	4714	inf	0.698536	0.826924	NA
GO:0004767	1	0	10923	4714	inf	0.698536	0.826924	NA
GO:0004809	1	0	10923	4714	inf	0.698536	0.826924	NA
GO:0004813	1	0	10923	4714	inf	0.698536	0.826924	NA
GO:0004864	1	0	10923	4714	inf	0.698536	0.826924	NA
GO:0004896	1	0	10923	4714	inf	0.698536	0.826924	NA
GO:0004911	1	0	10923	4714	inf	0.698536	0.826924	NA
GO:0004984	1	0	10923	4714	inf	0.698536	0.826924	NA
GO:0005136	1	0	10923	4714	inf	0.698536	0.826924	NA
GO:0005164	1	0	10923	4714	inf	0.698536	0.826924	NA
GO:0005248	1	0	10923	4714	inf	0.698536	0.826924	NA
GO:0005261	1	0	10923	4714	inf	0.698536	0.826924	NA
GO:0005262	1	0	10923	4714	inf	0.698536	0.826924	NA
GO:0005283	1	0	10923	4714	inf	0.698536	0.826924	NA
GO:0005313	1	0	10923	4714	inf	0.698536	0.826924	NA
GO:0005326	1	0	10923	4714	inf	0.698536	0.826924	NA
GO:0005337	1	0	10923	4714	inf	0.698536	0.826924	NA
GO:0005351	1	0	10923	4714	inf	0.698536	0.826924	NA
GO:0005355	1	0	10923	4714	inf	0.698536	0.826924	NA
GO:0005366	1	0	10923	4714	inf	0.698536	0.826924	NA
GO:0005415	1	0	10923	4714	inf	0.698536	0.826924	NA
GO:0005436	1	0	10923	4714	inf	0.698536	0.826924	NA
GO:0005484	1	0	10923	4714	inf	0.698536	0.826924	NA
GO:0005539	1	0	10923	4714	inf	0.698536	0.826924	NA
GO:0005544	1	0	10923	4714	inf	0.698536	0.826924	NA
GO:0005587	1	0	10923	4714	inf	0.698536	0.826924	NA
GO:0005688	1	0	10923	4714	inf	0.698536	0.826924	NA
GO:0005773	1	0	10923	4714	inf	0.698536	0.826924	NA
GO:0005778	1	0	10923	4714	inf	0.698536	0.826924	NA
GO:0005791	1	0	10923	4714	inf	0.698536	0.826924	NA
GO:0005847	1	0	10923	4714	inf	0.698536	0.826924	NA
GO:0005903	1	0	10923	4714	inf	0.698536	0.826924	NA
GO:0005911	1	0	10923	4714	inf	0.698536	0.826924	NA
GO:0005918	1	0	10923	4714	inf	0.698536	0.826924	NA
GO:0005923	1	0	10923	4714	inf	0.698536	0.826924	NA
GO:0005929	1	0	10923	4714	inf	0.698536	0.826924	NA
GO:0005968	1	0	10923	4714	inf	0.698536	0.826924	NA
GO:0005996	1	0	10923	4714	inf	0.698536	0.826924	NA
GO:0006000	1	0	10923	4714	inf	0.698536	0.826924	NA
GO:0006090	1	0	10923	4714	inf	0.698536	0.826924	NA
GO:0006094	1	0	10923	4714	inf	0.698536	0.826924	NA
GO:0006099	1	0	10923	4714	inf	0.698536	0.826924	NA
GO:0006108	1	0	10923	4714	inf	0.698536	0.826924	NA
GO:0006164	1	0	10923	4714	inf	0.698536	0.826924	NA
GO:0006265	1	0	10923	4714	inf	0.698536	0.826924	NA
GO:0006270	1	0	10923	4714	inf	0.698536	0.826924	NA
GO:0006271	1	0	10923	4714	inf	0.698536	0.826924	NA
GO:0006303	1	0	10923	4714	inf	0.698536	0.826924	NA
GO:0006338	1	0	10923	4714	inf	0.698536	0.826924	NA
GO:0006360	1	0	10923	4714	inf	0.698536	0.826924	NA
GO:0006362	1	0	10923	4714	inf	0.698536	0.826924	NA
GO:0006366	1	0	10923	4714	inf	0.698536	0.826924	NA
GO:0006369	1	0	10923	4714	inf	0.698536	0.826924	NA
GO:0006383	1	0	10923	4714	inf	0.698536	0.826924	NA
GO:0006396	1	0	10923	4714	inf	0.698536	0.826924	NA
GO:0006397	1	0	10923	4714	inf	0.698536	0.826924	NA
GO:0006400	1	0	10923	4714	inf	0.698536	0.826924	NA
GO:0006401	1	0	10923	4714	inf	0.698536	0.826924	NA
GO:0006402	1	0	10923	4714	inf	0.698536	0.826924	NA
GO:0006405	1	0	10923	4714	inf	0.698536	0.826924	NA
GO:0006419	1	0	10923	4714	inf	0.698536	0.826924	NA
GO:0006473	1	0	10923	4714	inf	0.698536	0.826924	NA
GO:0006491	1	0	10923	4714	inf	0.698536	0.826924	NA
GO:0006509	1	0	10923	4714	inf	0.698536	0.826924	NA
GO:0006520	1	0	10923	4714	inf	0.698536	0.826924	NA
GO:0006574	1	0	10923	4714	inf	0.698536	0.826924	NA
GO:0006620	1	0	10923	4714	inf	0.698536	0.826924	NA
GO:0006688	1	0	10923	4714	inf	0.698536	0.826924	NA
GO:0006814	1	0	10923	4714	inf	0.698536	0.826924	NA
GO:0006829	1	0	10923	4714	inf	0.698536	0.826924	NA
GO:0006865	1	0	10923	4714	inf	0.698536	0.826924	NA
GO:0006884	1	0	10923	4714	inf	0.698536	0.826924	NA
GO:0006885	1	0	10923	4714	inf	0.698536	0.826924	NA
GO:0006890	1	0	10923	4714	inf	0.698536	0.826924	NA
GO:0006891	1	0	10923	4714	inf	0.698536	0.826924	NA
GO:0006895	1	0	10923	4714	inf	0.698536	0.826924	NA
GO:0006896	1	0	10923	4714	inf	0.698536	0.826924	NA
GO:0006897	1	0	10923	4714	inf	0.698536	0.826924	NA
GO:0006906	1	0	10923	4714	inf	0.698536	0.826924	NA
GO:0006950	1	0	10923	4714	inf	0.698536	0.826924	NA
GO:0007008	1	0	10923	4714	inf	0.698536	0.826924	NA
GO:0007040	1	0	10923	4714	inf	0.698536	0.826924	NA
GO:0007088	1	0	10923	4714	inf	0.698536	0.826924	NA
GO:0007129	1	0	10923	4714	inf	0.698536	0.826924	NA
GO:0007188	1	0	10923	4714	inf	0.698536	0.826924	NA
GO:0007220	1	0	10923	4714	inf	0.698536	0.826924	NA
GO:0007224	1	0	10923	4714	inf	0.698536	0.826924	NA
GO:0007264	1	0	10923	4714	inf	0.698536	0.826924	NA
GO:0007271	1	0	10923	4714	inf	0.698536	0.826924	NA
GO:0007276	1	0	10923	4714	inf	0.698536	0.826924	NA
GO:0007283	1	0	10923	4714	inf	0.698536	0.826924	NA
GO:0007423	1	0	10923	4714	inf	0.698536	0.826924	NA
GO:0007601	1	0	10923	4714	inf	0.698536	0.826924	NA
GO:0008021	1	0	10923	4714	inf	0.698536	0.826924	NA
GO:0008023	1	0	10923	4714	inf	0.698536	0.826924	NA
GO:0008092	1	0	10923	4714	inf	0.698536	0.826924	NA
GO:0008093	1	0	10923	4714	inf	0.698536	0.826924	NA
GO:0008094	1	0	10923	4714	inf	0.698536	0.826924	NA
GO:0008139	1	0	10923	4714	inf	0.698536	0.826924	NA
GO:0008146	1	0	10923	4714	inf	0.698536	0.826924	NA
GO:0008175	1	0	10923	4714	inf	0.698536	0.826924	NA
GO:0008198	1	0	10923	4714	inf	0.698536	0.826924	NA
GO:0008202	1	0	10923	4714	inf	0.698536	0.826924	NA
GO:0008217	1	0	10923	4714	inf	0.698536	0.826924	NA
GO:0008237	1	0	10923	4714	inf	0.698536	0.826924	NA
GO:0008307	1	0	10923	4714	inf	0.698536	0.826924	NA
GO:0008308	1	0	10923	4714	inf	0.698536	0.826924	NA
GO:0008318	1	0	10923	4714	inf	0.698536	0.826924	NA
GO:0008333	1	0	10923	4714	inf	0.698536	0.826924	NA
GO:0008373	1	0	10923	4714	inf	0.698536	0.826924	NA
GO:0008395	1	0	10923	4714	inf	0.698536	0.826924	NA
GO:0008408	1	0	10923	4714	inf	0.698536	0.826924	NA
GO:0008409	1	0	10923	4714	inf	0.698536	0.826924	NA
GO:0008422	1	0	10923	4714	inf	0.698536	0.826924	NA
GO:0008442	1	0	10923	4714	inf	0.698536	0.826924	NA
GO:0008449	1	0	10923	4714	inf	0.698536	0.826924	NA
GO:0008511	1	0	10923	4714	inf	0.698536	0.826924	NA
GO:0008535	1	0	10923	4714	inf	0.698536	0.826924	NA
GO:0008579	1	0	10923	4714	inf	0.698536	0.826924	NA
GO:0008615	1	0	10923	4714	inf	0.698536	0.826924	NA
GO:0008653	1	0	10923	4714	inf	0.698536	0.826924	NA
GO:0008658	1	0	10923	4714	inf	0.698536	0.826924	NA
GO:0008705	1	0	10923	4714	inf	0.698536	0.826924	NA
GO:0008817	1	0	10923	4714	inf	0.698536	0.826924	NA
GO:0008865	1	0	10923	4714	inf	0.698536	0.826924	NA
GO:0008897	1	0	10923	4714	inf	0.698536	0.826924	NA
GO:0008922	1	0	10923	4714	inf	0.698536	0.826924	NA
GO:0008935	1	0	10923	4714	inf	0.698536	0.826924	NA
GO:0009060	1	0	10923	4714	inf	0.698536	0.826924	NA
GO:0009086	1	0	10923	4714	inf	0.698536	0.826924	NA
GO:0009190	1	0	10923	4714	inf	0.698536	0.826924	NA
GO:0009234	1	0	10923	4714	inf	0.698536	0.826924	NA
GO:0009245	1	0	10923	4714	inf	0.698536	0.826924	NA
GO:0009251	1	0	10923	4714	inf	0.698536	0.826924	NA
GO:0009271	1	0	10923	4714	inf	0.698536	0.826924	NA
GO:0009279	1	0	10923	4714	inf	0.698536	0.826924	NA
GO:0009289	1	0	10923	4714	inf	0.698536	0.826924	NA
GO:0009378	1	0	10923	4714	inf	0.698536	0.826924	NA
GO:0009408	1	0	10923	4714	inf	0.698536	0.826924	NA
GO:0009409	1	0	10923	4714	inf	0.698536	0.826924	NA
GO:0009414	1	0	10923	4714	inf	0.698536	0.826924	NA
GO:0009522	1	0	10923	4714	inf	0.698536	0.826924	NA
GO:0009570	1	0	10923	4714	inf	0.698536	0.826924	NA
GO:0009651	1	0	10923	4714	inf	0.698536	0.826924	NA
GO:0009653	1	0	10923	4714	inf	0.698536	0.826924	NA
GO:0009654	1	0	10923	4714	inf	0.698536	0.826924	NA
GO:0009690	1	0	10923	4714	inf	0.698536	0.826924	NA
GO:0009691	1	0	10923	4714	inf	0.698536	0.826924	NA
GO:0009706	1	0	10923	4714	inf	0.698536	0.826924	NA
GO:0009738	1	0	10923	4714	inf	0.698536	0.826924	NA
GO:0009786	1	0	10923	4714	inf	0.698536	0.826924	NA
GO:0009793	1	0	10923	4714	inf	0.698536	0.826924	NA
GO:0009834	1	0	10923	4714	inf	0.698536	0.826924	NA
GO:0009877	1	0	10923	4714	inf	0.698536	0.826924	NA
GO:0009913	1	0	10923	4714	inf	0.698536	0.826924	NA
GO:0009927	1	0	10923	4714	inf	0.698536	0.826924	NA
GO:0009941	1	0	10923	4714	inf	0.698536	0.826924	NA
GO:0009953	1	0	10923	4714	inf	0.698536	0.826924	NA
GO:0009982	1	0	10923	4714	inf	0.698536	0.826924	NA
GO:0010008	1	0	10923	4714	inf	0.698536	0.826924	NA
GO:0010045	1	0	10923	4714	inf	0.698536	0.826924	NA
GO:0010273	1	0	10923	4714	inf	0.698536	0.826924	NA
GO:0010459	1	0	10923	4714	inf	0.698536	0.826924	NA
GO:0010484	1	0	10923	4714	inf	0.698536	0.826924	NA
GO:0010497	1	0	10923	4714	inf	0.698536	0.826924	NA
GO:0010507	1	0	10923	4714	inf	0.698536	0.826924	NA
GO:0010518	1	0	10923	4714	inf	0.698536	0.826924	NA
GO:0010564	1	0	10923	4714	inf	0.698536	0.826924	NA
GO:0010628	1	0	10923	4714	inf	0.698536	0.826924	NA
GO:0010737	1	0	10923	4714	inf	0.698536	0.826924	NA
GO:0010811	1	0	10923	4714	inf	0.698536	0.826924	NA
GO:0010818	1	0	10923	4714	inf	0.698536	0.826924	NA
GO:0010824	1	0	10923	4714	inf	0.698536	0.826924	NA
GO:0010976	1	0	10923	4714	inf	0.698536	0.826924	NA
GO:0010991	1	0	10923	4714	inf	0.698536	0.826924	NA
GO:0012507	1	0	10923	4714	inf	0.698536	0.826924	NA
GO:0015074	1	0	10923	4714	inf	0.698536	0.826924	NA
GO:0015079	1	0	10923	4714	inf	0.698536	0.826924	NA
GO:0015093	1	0	10923	4714	inf	0.698536	0.826924	NA
GO:0015095	1	0	10923	4714	inf	0.698536	0.826924	NA
GO:0015097	1	0	10923	4714	inf	0.698536	0.826924	NA
GO:0015199	1	0	10923	4714	inf	0.698536	0.826924	NA
GO:0015220	1	0	10923	4714	inf	0.698536	0.826924	NA
GO:0015275	1	0	10923	4714	inf	0.698536	0.826924	NA
GO:0015377	1	0	10923	4714	inf	0.698536	0.826924	NA
GO:0015379	1	0	10923	4714	inf	0.698536	0.826924	NA
GO:0015661	1	0	10923	4714	inf	0.698536	0.826924	NA
GO:0015693	1	0	10923	4714	inf	0.698536	0.826924	NA
GO:0015694	1	0	10923	4714	inf	0.698536	0.826924	NA
GO:0015798	1	0	10923	4714	inf	0.698536	0.826924	NA
GO:0015871	1	0	10923	4714	inf	0.698536	0.826924	NA
GO:0015996	1	0	10923	4714	inf	0.698536	0.826924	NA
GO:0016004	1	0	10923	4714	inf	0.698536	0.826924	NA
GO:0016018	1	0	10923	4714	inf	0.698536	0.826924	NA
GO:0016036	1	0	10923	4714	inf	0.698536	0.826924	NA
GO:0016075	1	0	10923	4714	inf	0.698536	0.826924	NA
GO:0016079	1	0	10923	4714	inf	0.698536	0.826924	NA
GO:0016151	1	0	10923	4714	inf	0.698536	0.826924	NA
GO:0016172	1	0	10923	4714	inf	0.698536	0.826924	NA
GO:0016197	1	0	10923	4714	inf	0.698536	0.826924	NA
GO:0016226	1	0	10923	4714	inf	0.698536	0.826924	NA
GO:0016236	1	0	10923	4714	inf	0.698536	0.826924	NA
GO:0016272	1	0	10923	4714	inf	0.698536	0.826924	NA
GO:0016320	1	0	10923	4714	inf	0.698536	0.826924	NA
GO:0016405	1	0	10923	4714	inf	0.698536	0.826924	NA
GO:0016413	1	0	10923	4714	inf	0.698536	0.826924	NA
GO:0016423	1	0	10923	4714	inf	0.698536	0.826924	NA
GO:0016559	1	0	10923	4714	inf	0.698536	0.826924	NA
GO:0016573	1	0	10923	4714	inf	0.698536	0.826924	NA
GO:0016604	1	0	10923	4714	inf	0.698536	0.826924	NA
GO:0016608	1	0	10923	4714	inf	0.698536	0.826924	NA
GO:0016655	1	0	10923	4714	inf	0.698536	0.826924	NA
GO:0016712	1	0	10923	4714	inf	0.698536	0.826924	NA
GO:0016746	1	0	10923	4714	inf	0.698536	0.826924	NA
GO:0016758	1	0	10923	4714	inf	0.698536	0.826924	NA
GO:0016772	1	0	10923	4714	inf	0.698536	0.826924	NA
GO:0016779	1	0	10923	4714	inf	0.698536	0.826924	NA
GO:0016788	1	0	10923	4714	inf	0.698536	0.826924	NA
GO:0016811	1	0	10923	4714	inf	0.698536	0.826924	NA
GO:0016843	1	0	10923	4714	inf	0.698536	0.826924	NA
GO:0016849	1	0	10923	4714	inf	0.698536	0.826924	NA
GO:0016853	1	0	10923	4714	inf	0.698536	0.826924	NA
GO:0016913	1	0	10923	4714	inf	0.698536	0.826924	NA
GO:0016972	1	0	10923	4714	inf	0.698536	0.826924	NA
GO:0017025	1	0	10923	4714	inf	0.698536	0.826924	NA
GO:0017046	1	0	10923	4714	inf	0.698536	0.826924	NA
GO:0017053	1	0	10923	4714	inf	0.698536	0.826924	NA
GO:0017056	1	0	10923	4714	inf	0.698536	0.826924	NA
GO:0017076	1	0	10923	4714	inf	0.698536	0.826924	NA
GO:0017116	1	0	10923	4714	inf	0.698536	0.826924	NA
GO:0017121	1	0	10923	4714	inf	0.698536	0.826924	NA
GO:0017128	1	0	10923	4714	inf	0.698536	0.826924	NA
GO:0017177	1	0	10923	4714	inf	0.698536	0.826924	NA
GO:0018120	1	0	10923	4714	inf	0.698536	0.826924	NA
GO:0018189	1	0	10923	4714	inf	0.698536	0.826924	NA
GO:0018342	1	0	10923	4714	inf	0.698536	0.826924	NA
GO:0018344	1	0	10923	4714	inf	0.698536	0.826924	NA
GO:0019005	1	0	10923	4714	inf	0.698536	0.826924	NA
GO:0019185	1	0	10923	4714	inf	0.698536	0.826924	NA
GO:0019208	1	0	10923	4714	inf	0.698536	0.826924	NA
GO:0019228	1	0	10923	4714	inf	0.698536	0.826924	NA
GO:0019350	1	0	10923	4714	inf	0.698536	0.826924	NA
GO:0019370	1	0	10923	4714	inf	0.698536	0.826924	NA
GO:0019856	1	0	10923	4714	inf	0.698536	0.826924	NA
GO:0019898	1	0	10923	4714	inf	0.698536	0.826924	NA
GO:0019901	1	0	10923	4714	inf	0.698536	0.826924	NA
GO:0019915	1	0	10923	4714	inf	0.698536	0.826924	NA
GO:0019976	1	0	10923	4714	inf	0.698536	0.826924	NA
GO:0019991	1	0	10923	4714	inf	0.698536	0.826924	NA
GO:0022848	1	0	10923	4714	inf	0.698536	0.826924	NA
GO:0022877	1	0	10923	4714	inf	0.698536	0.826924	NA
GO:0030018	1	0	10923	4714	inf	0.698536	0.826924	NA
GO:0030027	1	0	10923	4714	inf	0.698536	0.826924	NA
GO:0030163	1	0	10923	4714	inf	0.698536	0.826924	NA
GO:0030175	1	0	10923	4714	inf	0.698536	0.826924	NA
GO:0030244	1	0	10923	4714	inf	0.698536	0.826924	NA
GO:0030282	1	0	10923	4714	inf	0.698536	0.826924	NA
GO:0030295	1	0	10923	4714	inf	0.698536	0.826924	NA
GO:0030297	1	0	10923	4714	inf	0.698536	0.826924	NA
GO:0030307	1	0	10923	4714	inf	0.698536	0.826924	NA
GO:0030314	1	0	10923	4714	inf	0.698536	0.826924	NA
GO:0030488	1	0	10923	4714	inf	0.698536	0.826924	NA
GO:0030496	1	0	10923	4714	inf	0.698536	0.826924	NA
GO:0030497	1	0	10923	4714	inf	0.698536	0.826924	NA
GO:0030512	1	0	10923	4714	inf	0.698536	0.826924	NA
GO:0030513	1	0	10923	4714	inf	0.698536	0.826924	NA
GO:0030521	1	0	10923	4714	inf	0.698536	0.826924	NA
GO:0030544	1	0	10923	4714	inf	0.698536	0.826924	NA
GO:0030553	1	0	10923	4714	inf	0.698536	0.826924	NA
GO:0030574	1	0	10923	4714	inf	0.698536	0.826924	NA
GO:0030641	1	0	10923	4714	inf	0.698536	0.826924	NA
GO:0030643	1	0	10923	4714	inf	0.698536	0.826924	NA
GO:0030659	1	0	10923	4714	inf	0.698536	0.826924	NA
GO:0030672	1	0	10923	4714	inf	0.698536	0.826924	NA
GO:0030686	1	0	10923	4714	inf	0.698536	0.826924	NA
GO:0030883	1	0	10923	4714	inf	0.698536	0.826924	NA
GO:0030884	1	0	10923	4714	inf	0.698536	0.826924	NA
GO:0030889	1	0	10923	4714	inf	0.698536	0.826924	NA
GO:0030955	1	0	10923	4714	inf	0.698536	0.826924	NA
GO:0030970	1	0	10923	4714	inf	0.698536	0.826924	NA
GO:0030991	1	0	10923	4714	inf	0.698536	0.826924	NA
GO:0031090	1	0	10923	4714	inf	0.698536	0.826924	NA
GO:0031122	1	0	10923	4714	inf	0.698536	0.826924	NA
GO:0031123	1	0	10923	4714	inf	0.698536	0.826924	NA
GO:0031146	1	0	10923	4714	inf	0.698536	0.826924	NA
GO:0031201	1	0	10923	4714	inf	0.698536	0.826924	NA
GO:0031295	1	0	10923	4714	inf	0.698536	0.826924	NA
GO:0031296	1	0	10923	4714	inf	0.698536	0.826924	NA
GO:0031409	1	0	10923	4714	inf	0.698536	0.826924	NA
GO:0031410	1	0	10923	4714	inf	0.698536	0.826924	NA
GO:0031436	1	0	10923	4714	inf	0.698536	0.826924	NA
GO:0031460	1	0	10923	4714	inf	0.698536	0.826924	NA
GO:0031463	1	0	10923	4714	inf	0.698536	0.826924	NA
GO:0031490	1	0	10923	4714	inf	0.698536	0.826924	NA
GO:0031519	1	0	10923	4714	inf	0.698536	0.826924	NA
GO:0031591	1	0	10923	4714	inf	0.698536	0.826924	NA
GO:0031594	1	0	10923	4714	inf	0.698536	0.826924	NA
GO:0031669	1	0	10923	4714	inf	0.698536	0.826924	NA
GO:0031768	1	0	10923	4714	inf	0.698536	0.826924	NA
GO:0031855	1	0	10923	4714	inf	0.698536	0.826924	NA
GO:0031901	1	0	10923	4714	inf	0.698536	0.826924	NA
GO:0031902	1	0	10923	4714	inf	0.698536	0.826924	NA
GO:0032008	1	0	10923	4714	inf	0.698536	0.826924	NA
GO:0032039	1	0	10923	4714	inf	0.698536	0.826924	NA
GO:0032095	1	0	10923	4714	inf	0.698536	0.826924	NA
GO:0032259	1	0	10923	4714	inf	0.698536	0.826924	NA
GO:0032418	1	0	10923	4714	inf	0.698536	0.826924	NA
GO:0032437	1	0	10923	4714	inf	0.698536	0.826924	NA
GO:0032467	1	0	10923	4714	inf	0.698536	0.826924	NA
GO:0032502	1	0	10923	4714	inf	0.698536	0.826924	NA
GO:0032508	1	0	10923	4714	inf	0.698536	0.826924	NA
GO:0032509	1	0	10923	4714	inf	0.698536	0.826924	NA
GO:0032587	1	0	10923	4714	inf	0.698536	0.826924	NA
GO:0032588	1	0	10923	4714	inf	0.698536	0.826924	NA
GO:0032602	1	0	10923	4714	inf	0.698536	0.826924	NA
GO:0032816	1	0	10923	4714	inf	0.698536	0.826924	NA
GO:0032911	1	0	10923	4714	inf	0.698536	0.826924	NA
GO:0033176	1	0	10923	4714	inf	0.698536	0.826924	NA
GO:0033234	1	0	10923	4714	inf	0.698536	0.826924	NA
GO:0034067	1	0	10923	4714	inf	0.698536	0.826924	NA
GO:0034241	1	0	10923	4714	inf	0.698536	0.826924	NA
GO:0034341	1	0	10923	4714	inf	0.698536	0.826924	NA
GO:0034451	1	0	10923	4714	inf	0.698536	0.826924	NA
GO:0034462	1	0	10923	4714	inf	0.698536	0.826924	NA
GO:0034464	1	0	10923	4714	inf	0.698536	0.826924	NA
GO:0034472	1	0	10923	4714	inf	0.698536	0.826924	NA
GO:0034612	1	0	10923	4714	inf	0.698536	0.826924	NA
GO:0035064	1	0	10923	4714	inf	0.698536	0.826924	NA
GO:0035092	1	0	10923	4714	inf	0.698536	0.826924	NA
GO:0035145	1	0	10923	4714	inf	0.698536	0.826924	NA
GO:0035151	1	0	10923	4714	inf	0.698536	0.826924	NA
GO:0035194	1	0	10923	4714	inf	0.698536	0.826924	NA
GO:0035249	1	0	10923	4714	inf	0.698536	0.826924	NA
GO:0035256	1	0	10923	4714	inf	0.698536	0.826924	NA
GO:0035735	1	0	10923	4714	inf	0.698536	0.826924	NA
GO:0035771	1	0	10923	4714	inf	0.698536	0.826924	NA
GO:0035774	1	0	10923	4714	inf	0.698536	0.826924	NA
GO:0036038	1	0	10923	4714	inf	0.698536	0.826924	NA
GO:0036064	1	0	10923	4714	inf	0.698536	0.826924	NA
GO:0036265	1	0	10923	4714	inf	0.698536	0.826924	NA
GO:0036370	1	0	10923	4714	inf	0.698536	0.826924	NA
GO:0036502	1	0	10923	4714	inf	0.698536	0.826924	NA
GO:0036513	1	0	10923	4714	inf	0.698536	0.826924	NA
GO:0038063	1	0	10923	4714	inf	0.698536	0.826924	NA
GO:0038166	1	0	10923	4714	inf	0.698536	0.826924	NA
GO:0042119	1	0	10923	4714	inf	0.698536	0.826924	NA
GO:0042147	1	0	10923	4714	inf	0.698536	0.826924	NA
GO:0042391	1	0	10923	4714	inf	0.698536	0.826924	NA
GO:0042392	1	0	10923	4714	inf	0.698536	0.826924	NA
GO:0042555	1	0	10923	4714	inf	0.698536	0.826924	NA
GO:0042622	1	0	10923	4714	inf	0.698536	0.826924	NA
GO:0042626	1	0	10923	4714	inf	0.698536	0.826924	NA
GO:0042627	1	0	10923	4714	inf	0.698536	0.826924	NA
GO:0042699	1	0	10923	4714	inf	0.698536	0.826924	NA
GO:0042734	1	0	10923	4714	inf	0.698536	0.826924	NA
GO:0042775	1	0	10923	4714	inf	0.698536	0.826924	NA
GO:0042795	1	0	10923	4714	inf	0.698536	0.826924	NA
GO:0042796	1	0	10923	4714	inf	0.698536	0.826924	NA
GO:0042797	1	0	10923	4714	inf	0.698536	0.826924	NA
GO:0042800	1	0	10923	4714	inf	0.698536	0.826924	NA
GO:0042805	1	0	10923	4714	inf	0.698536	0.826924	NA
GO:0042819	1	0	10923	4714	inf	0.698536	0.826924	NA
GO:0042823	1	0	10923	4714	inf	0.698536	0.826924	NA
GO:0043021	1	0	10923	4714	inf	0.698536	0.826924	NA
GO:0043024	1	0	10923	4714	inf	0.698536	0.826924	NA
GO:0043138	1	0	10923	4714	inf	0.698536	0.826924	NA
GO:0043195	1	0	10923	4714	inf	0.698536	0.826924	NA
GO:0043274	1	0	10923	4714	inf	0.698536	0.826924	NA
GO:0043328	1	0	10923	4714	inf	0.698536	0.826924	NA
GO:0043330	1	0	10923	4714	inf	0.698536	0.826924	NA
GO:0043405	1	0	10923	4714	inf	0.698536	0.826924	NA
GO:0043424	1	0	10923	4714	inf	0.698536	0.826924	NA
GO:0043484	1	0	10923	4714	inf	0.698536	0.826924	NA
GO:0043527	1	0	10923	4714	inf	0.698536	0.826924	NA
GO:0043937	1	0	10923	4714	inf	0.698536	0.826924	NA
GO:0043966	1	0	10923	4714	inf	0.698536	0.826924	NA
GO:0044238	1	0	10923	4714	inf	0.698536	0.826924	NA
GO:0044295	1	0	10923	4714	inf	0.698536	0.826924	NA
GO:0044325	1	0	10923	4714	inf	0.698536	0.826924	NA
GO:0044341	1	0	10923	4714	inf	0.698536	0.826924	NA
GO:0044547	1	0	10923	4714	inf	0.698536	0.826924	NA
GO:0044774	1	0	10923	4714	inf	0.698536	0.826924	NA
GO:0044780	1	0	10923	4714	inf	0.698536	0.826924	NA
GO:0044806	1	0	10923	4714	inf	0.698536	0.826924	NA
GO:0044877	1	0	10923	4714	inf	0.698536	0.826924	NA
GO:0045036	1	0	10923	4714	inf	0.698536	0.826924	NA
GO:0045040	1	0	10923	4714	inf	0.698536	0.826924	NA
GO:0045041	1	0	10923	4714	inf	0.698536	0.826924	NA
GO:0045211	1	0	10923	4714	inf	0.698536	0.826924	NA
GO:0045214	1	0	10923	4714	inf	0.698536	0.826924	NA
GO:0045444	1	0	10923	4714	inf	0.698536	0.826924	NA
GO:0045582	1	0	10923	4714	inf	0.698536	0.826924	NA
GO:0045596	1	0	10923	4714	inf	0.698536	0.826924	NA
GO:0045742	1	0	10923	4714	inf	0.698536	0.826924	NA
GO:0045745	1	0	10923	4714	inf	0.698536	0.826924	NA
GO:0045765	1	0	10923	4714	inf	0.698536	0.826924	NA
GO:0045777	1	0	10923	4714	inf	0.698536	0.826924	NA
GO:0045785	1	0	10923	4714	inf	0.698536	0.826924	NA
GO:0045823	1	0	10923	4714	inf	0.698536	0.826924	NA
GO:0046177	1	0	10923	4714	inf	0.698536	0.826924	NA
GO:0046316	1	0	10923	4714	inf	0.698536	0.826924	NA
GO:0046600	1	0	10923	4714	inf	0.698536	0.826924	NA
GO:0046604	1	0	10923	4714	inf	0.698536	0.826924	NA
GO:0046621	1	0	10923	4714	inf	0.698536	0.826924	NA
GO:0046653	1	0	10923	4714	inf	0.698536	0.826924	NA
GO:0046739	1	0	10923	4714	inf	0.698536	0.826924	NA
GO:0046854	1	0	10923	4714	inf	0.698536	0.826924	NA
GO:0046856	1	0	10923	4714	inf	0.698536	0.826924	NA
GO:0046870	1	0	10923	4714	inf	0.698536	0.826924	NA
GO:0046906	1	0	10923	4714	inf	0.698536	0.826924	NA
GO:0046912	1	0	10923	4714	inf	0.698536	0.826924	NA
GO:0046975	1	0	10923	4714	inf	0.698536	0.826924	NA
GO:0047750	1	0	10923	4714	inf	0.698536	0.826924	NA
GO:0048006	1	0	10923	4714	inf	0.698536	0.826924	NA
GO:0048007	1	0	10923	4714	inf	0.698536	0.826924	NA
GO:0048247	1	0	10923	4714	inf	0.698536	0.826924	NA
GO:0048280	1	0	10923	4714	inf	0.698536	0.826924	NA
GO:0048367	1	0	10923	4714	inf	0.698536	0.826924	NA
GO:0048534	1	0	10923	4714	inf	0.698536	0.826924	NA
GO:0048731	1	0	10923	4714	inf	0.698536	0.826924	NA
GO:0048788	1	0	10923	4714	inf	0.698536	0.826924	NA
GO:0048791	1	0	10923	4714	inf	0.698536	0.826924	NA
GO:0050649	1	0	10923	4714	inf	0.698536	0.826924	NA
GO:0050658	1	0	10923	4714	inf	0.698536	0.826924	NA
GO:0050667	1	0	10923	4714	inf	0.698536	0.826924	NA
GO:0050778	1	0	10923	4714	inf	0.698536	0.826924	NA
GO:0050803	1	0	10923	4714	inf	0.698536	0.826924	NA
GO:0050806	1	0	10923	4714	inf	0.698536	0.826924	NA
GO:0050825	1	0	10923	4714	inf	0.698536	0.826924	NA
GO:0050872	1	0	10923	4714	inf	0.698536	0.826924	NA
GO:0050873	1	0	10923	4714	inf	0.698536	0.826924	NA
GO:0050911	1	0	10923	4714	inf	0.698536	0.826924	NA
GO:0050982	1	0	10923	4714	inf	0.698536	0.826924	NA
GO:0051017	1	0	10923	4714	inf	0.698536	0.826924	NA
GO:0051085	1	0	10923	4714	inf	0.698536	0.826924	NA
GO:0051429	1	0	10923	4714	inf	0.698536	0.826924	NA
GO:0051431	1	0	10923	4714	inf	0.698536	0.826924	NA
GO:0051539	1	0	10923	4714	inf	0.698536	0.826924	NA
GO:0051604	1	0	10923	4714	inf	0.698536	0.826924	NA
GO:0051646	1	0	10923	4714	inf	0.698536	0.826924	NA
GO:0051764	1	0	10923	4714	inf	0.698536	0.826924	NA
GO:0051881	1	0	10923	4714	inf	0.698536	0.826924	NA
GO:0051895	1	0	10923	4714	inf	0.698536	0.826924	NA
GO:0051920	1	0	10923	4714	inf	0.698536	0.826924	NA
GO:0051930	1	0	10923	4714	inf	0.698536	0.826924	NA
GO:0051983	1	0	10923	4714	inf	0.698536	0.826924	NA
GO:0055038	1	0	10923	4714	inf	0.698536	0.826924	NA
GO:0055064	1	0	10923	4714	inf	0.698536	0.826924	NA
GO:0055075	1	0	10923	4714	inf	0.698536	0.826924	NA
GO:0055078	1	0	10923	4714	inf	0.698536	0.826924	NA
GO:0060041	1	0	10923	4714	inf	0.698536	0.826924	NA
GO:0060076	1	0	10923	4714	inf	0.698536	0.826924	NA
GO:0060091	1	0	10923	4714	inf	0.698536	0.826924	NA
GO:0060124	1	0	10923	4714	inf	0.698536	0.826924	NA
GO:0060394	1	0	10923	4714	inf	0.698536	0.826924	NA
GO:0060537	1	0	10923	4714	inf	0.698536	0.826924	NA
GO:0060697	1	0	10923	4714	inf	0.698536	0.826924	NA
GO:0061564	1	0	10923	4714	inf	0.698536	0.826924	NA
GO:0061809	1	0	10923	4714	inf	0.698536	0.826924	NA
GO:0070052	1	0	10923	4714	inf	0.698536	0.826924	NA
GO:0070197	1	0	10923	4714	inf	0.698536	0.826924	NA
GO:0070314	1	0	10923	4714	inf	0.698536	0.826924	NA
GO:0070412	1	0	10923	4714	inf	0.698536	0.826924	NA
GO:0070449	1	0	10923	4714	inf	0.698536	0.826924	NA
GO:0070453	1	0	10923	4714	inf	0.698536	0.826924	NA
GO:0070513	1	0	10923	4714	inf	0.698536	0.826924	NA
GO:0070531	1	0	10923	4714	inf	0.698536	0.826924	NA
GO:0070765	1	0	10923	4714	inf	0.698536	0.826924	NA
GO:0070897	1	0	10923	4714	inf	0.698536	0.826924	NA
GO:0070945	1	0	10923	4714	inf	0.698536	0.826924	NA
GO:0070989	1	0	10923	4714	inf	0.698536	0.826924	NA
GO:0071004	1	0	10923	4714	inf	0.698536	0.826924	NA
GO:0071013	1	0	10923	4714	inf	0.698536	0.826924	NA
GO:0071218	1	0	10923	4714	inf	0.698536	0.826924	NA
GO:0071228	1	0	10923	4714	inf	0.698536	0.826924	NA
GO:0071276	1	0	10923	4714	inf	0.698536	0.826924	NA
GO:0071280	1	0	10923	4714	inf	0.698536	0.826924	NA
GO:0071294	1	0	10923	4714	inf	0.698536	0.826924	NA
GO:0071705	1	0	10923	4714	inf	0.698536	0.826924	NA
GO:0071723	1	0	10923	4714	inf	0.698536	0.826924	NA
GO:0071816	1	0	10923	4714	inf	0.698536	0.826924	NA
GO:0071818	1	0	10923	4714	inf	0.698536	0.826924	NA
GO:0071858	1	0	10923	4714	inf	0.698536	0.826924	NA
GO:0071895	1	0	10923	4714	inf	0.698536	0.826924	NA
GO:0072354	1	0	10923	4714	inf	0.698536	0.826924	NA
GO:0072487	1	0	10923	4714	inf	0.698536	0.826924	NA
GO:0085020	1	0	10923	4714	inf	0.698536	0.826924	NA
GO:0086010	1	0	10923	4714	inf	0.698536	0.826924	NA
GO:0089718	1	0	10923	4714	inf	0.698536	0.826924	NA
GO:0090266	1	0	10923	4714	inf	0.698536	0.826924	NA
GO:0090398	1	0	10923	4714	inf	0.698536	0.826924	NA
GO:0090503	1	0	10923	4714	inf	0.698536	0.826924	NA
GO:0090563	1	0	10923	4714	inf	0.698536	0.826924	NA
GO:0097163	1	0	10923	4714	inf	0.698536	0.826924	NA
GO:0097178	1	0	10923	4714	inf	0.698536	0.826924	NA
GO:0097187	1	0	10923	4714	inf	0.698536	0.826924	NA
GO:0097190	1	0	10923	4714	inf	0.698536	0.826924	NA
GO:0097500	1	0	10923	4714	inf	0.698536	0.826924	NA
GO:0097501	1	0	10923	4714	inf	0.698536	0.826924	NA
GO:0097526	1	0	10923	4714	inf	0.698536	0.826924	NA
GO:0097550	1	0	10923	4714	inf	0.698536	0.826924	NA
GO:0097746	1	0	10923	4714	inf	0.698536	0.826924	NA
GO:0098656	1	0	10923	4714	inf	0.698536	0.826924	NA
GO:0098662	1	0	10923	4714	inf	0.698536	0.826924	NA
GO:0098700	1	0	10923	4714	inf	0.698536	0.826924	NA
GO:0098703	1	0	10923	4714	inf	0.698536	0.826924	NA
GO:0099078	1	0	10923	4714	inf	0.698536	0.826924	NA
GO:0101020	1	0	10923	4714	inf	0.698536	0.826924	NA
GO:0106035	1	0	10923	4714	inf	0.698536	0.826924	NA
GO:0106274	1	0	10923	4714	inf	0.698536	0.826924	NA
GO:0110158	1	0	10923	4714	inf	0.698536	0.826924	NA
GO:0140672	1	0	10923	4714	inf	0.698536	0.826924	NA
GO:1900025	1	0	10923	4714	inf	0.698536	0.826924	NA
GO:1900075	1	0	10923	4714	inf	0.698536	0.826924	NA
GO:1900118	1	0	10923	4714	inf	0.698536	0.826924	NA
GO:1900376	1	0	10923	4714	inf	0.698536	0.826924	NA
GO:1901642	1	0	10923	4714	inf	0.698536	0.826924	NA
GO:1901894	1	0	10923	4714	inf	0.698536	0.826924	NA
GO:1901895	1	0	10923	4714	inf	0.698536	0.826924	NA
GO:1902081	1	0	10923	4714	inf	0.698536	0.826924	NA
GO:1902476	1	0	10923	4714	inf	0.698536	0.826924	NA
GO:1903076	1	0	10923	4714	inf	0.698536	0.826924	NA
GO:1903401	1	0	10923	4714	inf	0.698536	0.826924	NA
GO:1903424	1	0	10923	4714	inf	0.698536	0.826924	NA
GO:1903425	1	0	10923	4714	inf	0.698536	0.826924	NA
GO:1903711	1	0	10923	4714	inf	0.698536	0.826924	NA
GO:1904151	1	0	10923	4714	inf	0.698536	0.826924	NA
GO:1904257	1	0	10923	4714	inf	0.698536	0.826924	NA
GO:1904263	1	0	10923	4714	inf	0.698536	0.826924	NA
GO:1904491	1	0	10923	4714	inf	0.698536	0.826924	NA
GO:1904684	1	0	10923	4714	inf	0.698536	0.826924	NA
GO:1905502	1	0	10923	4714	inf	0.698536	0.826924	NA
GO:1905515	1	0	10923	4714	inf	0.698536	0.826924	NA
GO:1990113	1	0	10923	4714	inf	0.698536	0.826924	NA
GO:1990114	1	0	10923	4714	inf	0.698536	0.826924	NA
GO:1990115	1	0	10923	4714	inf	0.698536	0.826924	NA
GO:1990166	1	0	10923	4714	inf	0.698536	0.826924	NA
GO:1990573	1	0	10923	4714	inf	0.698536	0.826924	NA
GO:1990726	1	0	10923	4714	inf	0.698536	0.826924	NA
GO:1990817	1	0	10923	4714	inf	0.698536	0.826924	NA
GO:1990904	1	0	10923	4714	inf	0.698536	0.826924	NA
GO:2000300	1	0	10923	4714	inf	0.698536	0.826924	NA
GO:2000781	1	0	10923	4714	inf	0.698536	0.826924	NA
GO:0004190	8	4	10923	4714	0.863033	0.719836	0.851624	NA
GO:0008200	30	15	10923	4714	0.862756	0.739441	0.871606	NA
GO:0001817	4	2	10923	4714	0.863083	0.741622	0.871606	NA
GO:0001961	4	2	10923	4714	0.863083	0.741622	0.871606	NA
GO:0030145	4	2	10923	4714	0.863083	0.741622	0.871606	NA
GO:0032722	4	2	10923	4714	0.863083	0.741622	0.871606	NA
GO:0032733	4	2	10923	4714	0.863083	0.741622	0.871606	NA
GO:0032736	4	2	10923	4714	0.863083	0.741622	0.871606	NA
GO:0032754	4	2	10923	4714	0.863083	0.741622	0.871606	NA
GO:0032755	4	2	10923	4714	0.863083	0.741622	0.871606	NA
GO:0034220	4	2	10923	4714	0.863083	0.741622	0.871606	NA
GO:0050729	4	2	10923	4714	0.863083	0.741622	0.871606	NA
GO:0004556	2	1	10923	4714	0.863108	0.782168	0.914866	NA
GO:0004842	2	1	10923	4714	0.863108	0.782168	0.914866	NA
GO:0005121	2	1	10923	4714	0.863108	0.782168	0.914866	NA
GO:0006414	2	1	10923	4714	0.863108	0.782168	0.914866	NA
GO:0015629	2	1	10923	4714	0.863108	0.782168	0.914866	NA
GO:0021556	2	1	10923	4714	0.863108	0.782168	0.914866	NA
GO:0043169	2	1	10923	4714	0.863108	0.782168	0.914866	NA
GO:0045454	2	1	10923	4714	0.863108	0.782168	0.914866	NA
GO:0007268	7	4	10923	4714	0.755084	0.78653	0.91887	NA
GO:0090026	7	4	10923	4714	0.755084	0.78653	0.91887	NA
GO:0005506	24	13	10923	4714	0.79629	0.801851	0.934536	NA
GO:0008544	5	3	10923	4714	0.719149	0.803281	0.934536	NA
GO:0030168	5	3	10923	4714	0.719149	0.803281	0.934536	NA
GO:0030194	5	3	10923	4714	0.719149	0.803281	0.934536	NA
GO:0030261	5	3	10923	4714	0.719149	0.803281	0.934536	NA
GO:0045910	5	3	10923	4714	0.719149	0.803281	0.934536	NA
GO:0140367	5	3	10923	4714	0.719149	0.803281	0.934536	NA
GO:0042157	10	6	10923	4714	0.71902	0.821331	0.954968	NA
GO:0016829	3	2	10923	4714	0.647253	0.835011	0.969147	NA
GO:0019730	3	2	10923	4714	0.647253	0.835011	0.969147	NA
GO:0047613	3	2	10923	4714	0.647253	0.835011	0.969147	NA
GO:0005769	16	10	10923	4714	0.690052	0.871381	1	NA
GO:0048870	4	3	10923	4714	0.575266	0.872107	1	NA
GO:0005186	7	5	10923	4714	0.603939	0.879903	1	NA
GO:0031175	8	6	10923	4714	0.575111	0.904688	1	NA
GO:0006826	13	9	10923	4714	0.622925	0.905953	1	NA
GO:0003995	1	1	10923	4714	0.431514	0.909133	1	NA
GO:0006352	1	1	10923	4714	0.431514	0.909133	1	NA
GO:0008643	1	1	10923	4714	0.431514	0.909133	1	NA
GO:0010468	1	1	10923	4714	0.431514	0.909133	1	NA
GO:0015035	1	1	10923	4714	0.431514	0.909133	1	NA
GO:0019863	1	1	10923	4714	0.431514	0.909133	1	NA
GO:0030674	1	1	10923	4714	0.431514	0.909133	1	NA
GO:0031625	1	1	10923	4714	0.431514	0.909133	1	NA
GO:0031769	1	1	10923	4714	0.431514	0.909133	1	NA
GO:0043161	1	1	10923	4714	0.431514	0.909133	1	NA
GO:0050660	1	1	10923	4714	0.431514	0.909133	1	NA
GO:0051047	1	1	10923	4714	0.431514	0.909133	1	NA
GO:0051536	1	1	10923	4714	0.431514	0.909133	1	NA
GO:0051793	1	1	10923	4714	0.431514	0.909133	1	NA
GO:0070991	1	1	10923	4714	0.431514	0.909133	1	NA
GO:0003824	2	2	10923	4714	0.431462	0.915215	1	NA
GO:0005216	2	2	10923	4714	0.431462	0.915215	1	NA
GO:0005319	2	2	10923	4714	0.431462	0.915215	1	NA
GO:0019835	2	2	10923	4714	0.431462	0.915215	1	NA
GO:0042030	2	2	10923	4714	0.431462	0.915215	1	NA
GO:0061827	2	2	10923	4714	0.431462	0.915215	1	NA
GO:0004540	115	61	10923	4714	0.811626	0.917072	1	NA
GO:0043542	21	14	10923	4714	0.64667	0.924401	1	NA
GO:0010460	3	3	10923	4714	0.43141	0.9284	1	NA
GO:0031700	3	3	10923	4714	0.43141	0.9284	1	NA
GO:0042595	3	3	10923	4714	0.43141	0.9284	1	NA
GO:1990410	3	3	10923	4714	0.43141	0.9284	1	NA
GO:0002523	12	9	10923	4714	0.574955	0.930529	1	NA
GO:0032496	12	9	10923	4714	0.574955	0.930529	1	NA
GO:0055037	12	9	10923	4714	0.574955	0.930529	1	NA
GO:0070488	12	9	10923	4714	0.574955	0.930529	1	NA
GO:0005126	7	6	10923	4714	0.503176	0.936183	1	NA
GO:0036393	7	6	10923	4714	0.503176	0.936183	1	NA
GO:0001533	4	4	10923	4714	0.431358	0.940933	1	NA
GO:0097208	4	4	10923	4714	0.431358	0.940933	1	NA
GO:0030593	13	10	10923	4714	0.560513	0.943733	1	NA
GO:0070062	36	24	10923	4714	0.646184	0.961972	1	NA
GO:0042632	2	3	10923	4714	0.287581	0.968685	1	NA
GO:0071224	3	4	10923	4714	0.323489	0.970619	1	NA
GO:0071651	3	4	10923	4714	0.323489	0.970619	1	NA
GO:0009617	1	2	10923	4714	0.215711	0.972615	1	NA
GO:0017148	1	2	10923	4714	0.215711	0.972615	1	NA
GO:0030288	1	2	10923	4714	0.215711	0.972615	1	NA
GO:0032780	1	2	10923	4714	0.215711	0.972615	1	NA
GO:0036457	1	2	10923	4714	0.215711	0.972615	1	NA
GO:0061436	1	2	10923	4714	0.215711	0.972615	1	NA
GO:0002281	4	5	10923	4714	0.345013	0.97412	1	NA
GO:0002544	4	5	10923	4714	0.345013	0.97412	1	NA
GO:0006953	4	5	10923	4714	0.345013	0.97412	1	NA
GO:0014002	4	5	10923	4714	0.345013	0.97412	1	NA
GO:0018119	4	5	10923	4714	0.345013	0.97412	1	NA
GO:0035425	4	5	10923	4714	0.345013	0.97412	1	NA
GO:0043032	4	5	10923	4714	0.345013	0.97412	1	NA
GO:0045113	4	5	10923	4714	0.345013	0.97412	1	NA
GO:0002395	6	7	10923	4714	0.369568	0.981258	1	NA
GO:0043129	6	7	10923	4714	0.369568	0.981258	1	NA
GO:1900229	6	7	10923	4714	0.369568	0.981258	1	NA
GO:0016998	87	54	10923	4714	0.692855	0.985072	1	NA
GO:0031638	18	16	10923	4714	0.484663	0.98816	1	NA
GO:0002376	3	5	10923	4714	0.258736	0.988431	1	NA
GO:0004497	3	5	10923	4714	0.258736	0.988431	1	NA
GO:0008233	3	5	10923	4714	0.258736	0.988431	1	NA
GO:0016705	3	5	10923	4714	0.258736	0.988431	1	NA
GO:0016485	2	4	10923	4714	0.21564	0.988828	1	NA
GO:0017196	2	4	10923	4714	0.21564	0.988828	1	NA
GO:0031416	2	4	10923	4714	0.21564	0.988828	1	NA
GO:0016125	1	3	10923	4714	0.143777	0.991748	1	NA
GO:0042582	1	3	10923	4714	0.143777	0.991748	1	NA
GO:0042130	47	35	10923	4714	0.577715	0.994314	1	NA
GO:0045735	28	24	10923	4714	0.502218	0.995116	1	NA
GO:0007165	62	44	10923	4714	0.605879	0.995307	1	NA
GO:0016019	3	6	10923	4714	0.215568	0.995586	1	NA
GO:0016045	3	6	10923	4714	0.215568	0.995586	1	NA
GO:0019732	5	8	10923	4714	0.269395	0.995833	1	NA
GO:0031012	168	102	10923	4714	0.706298	0.997219	1	NA
GO:0032715	3	7	10923	4714	0.184733	0.998358	1	NA
GO:0032717	3	7	10923	4714	0.184733	0.998358	1	NA
GO:0032720	3	7	10923	4714	0.184733	0.998358	1	NA
GO:0043031	3	7	10923	4714	0.184733	0.998358	1	NA
GO:0043204	2	6	10923	4714	0.143699	0.998671	1	NA
GO:0006629	21	22	10923	4714	0.410817	0.998837	1	NA
GO:0060326	167	106	10923	4714	0.674951	0.999193	1	NA
GO:0034760	5	10	10923	4714	0.215424	0.9993	1	NA
GO:0030492	6	11	10923	4714	0.23498	0.999315	1	NA
GO:0031663	7	12	10923	4714	0.251267	0.999355	1	NA
GO:0033604	3	8	10923	4714	0.161607	0.999401	1	NA
GO:0042583	3	8	10923	4714	0.161607	0.999401	1	NA
GO:0046676	3	8	10923	4714	0.161607	0.999401	1	NA
GO:0086030	3	8	10923	4714	0.161607	0.999401	1	NA
GO:0030500	2	7	10923	4714	0.123144	0.999552	1	NA
GO:0070374	2	7	10923	4714	0.123144	0.999552	1	NA
GO:0005802	1	6	10923	4714	0.0718428	0.999774	1	NA
GO:0043005	2	8	10923	4714	0.107728	0.999851	1	NA
GO:0044659	2	9	10923	4714	0.0957381	0.999951	1	NA
GO:0010942	8	16	10923	4714	0.215208	0.999954	1	NA
GO:0061760	8	16	10923	4714	0.215208	0.999954	1	NA
GO:0042381	1	9	10923	4714	0.0478647	0.999994	1	NA
GO:0005198	4	14	10923	4714	0.122984	0.999995	1	NA
GO:0008932	1	10	10923	4714	0.043069	0.999998	1	NA
GO:0044194	4	15	10923	4714	0.11476	0.999998	1	NA
GO:0009253	57	63	10923	4714	0.387267	1	1	NA
GO:0050832	58	68	10923	4714	0.364728	1	1	NA
GO:0016491	26	51	10923	4714	0.218153	1	1	NA
GO:0004860	1	20	10923	4714	0.0214887	1	1	NA
GO:0042056	62	84	10923	4714	0.314647	1	1	NA
GO:0006879	34	63	10923	4714	0.230514	1	1	NA
GO:0005615	1433	829	10923	4714	0.707647	1	1	NA
GO:0031640	5	32	10923	4714	0.0670052	1	1	NA
GO:0008061	99	116	10923	4714	0.362542	1	1	NA
GO:0000082	0	1	10923	4714	0	1	1	NA
GO:0000209	0	2	10923	4714	0	1	1	NA
GO:0000307	0	1	10923	4714	0	1	1	NA
GO:0000910	0	2	10923	4714	0	1	1	NA
GO:0001070	0	2	10923	4714	0	1	1	NA
GO:0001771	0	3	10923	4714	0	1	1	NA
GO:0001772	0	1	10923	4714	0	1	1	NA
GO:0001913	0	3	10923	4714	0	1	1	NA
GO:0002548	0	1	10923	4714	0	1	1	NA
GO:0003746	0	1	10923	4714	0	1	1	NA
GO:0003884	0	1	10923	4714	0	1	1	NA
GO:0004181	0	2	10923	4714	0	1	1	NA
GO:0004363	0	1	10923	4714	0	1	1	NA
GO:0004375	0	1	10923	4714	0	1	1	NA
GO:0004461	0	1	10923	4714	0	1	1	NA
GO:0004519	0	2	10923	4714	0	1	1	NA
GO:0004653	0	1	10923	4714	0	1	1	NA
GO:0004693	0	1	10923	4714	0	1	1	NA
GO:0004726	0	1	10923	4714	0	1	1	NA
GO:0004854	0	1	10923	4714	0	1	1	NA
GO:0005345	0	2	10923	4714	0	1	1	NA
GO:0005577	0	1	10923	4714	0	1	1	NA
GO:0005727	0	7	10923	4714	0	1	1	NA
GO:0005960	0	1	10923	4714	0	1	1	NA
GO:0005989	0	1	10923	4714	0	1	1	NA
GO:0006493	0	1	10923	4714	0	1	1	NA
GO:0006546	0	1	10923	4714	0	1	1	NA
GO:0006562	0	1	10923	4714	0	1	1	NA
GO:0006750	0	1	10923	4714	0	1	1	NA
GO:0007091	0	1	10923	4714	0	1	1	NA
GO:0007585	0	2	10923	4714	0	1	1	NA
GO:0007618	0	1	10923	4714	0	1	1	NA
GO:0008035	0	3	10923	4714	0	1	1	NA
GO:0008374	0	1	10923	4714	0	1	1	NA
GO:0008592	0	1	10923	4714	0	1	1	NA
GO:0008745	0	8	10923	4714	0	1	1	NA
GO:0009249	0	1	10923	4714	0	1	1	NA
GO:0009254	0	2	10923	4714	0	1	1	NA
GO:0009521	0	2	10923	4714	0	1	1	NA
GO:0009749	0	1	10923	4714	0	1	1	NA
GO:0009767	0	2	10923	4714	0	1	1	NA
GO:0010268	0	3	10923	4714	0	1	1	NA
GO:0010389	0	1	10923	4714	0	1	1	NA
GO:0014059	0	2	10923	4714	0	1	1	NA
GO:0015205	0	2	10923	4714	0	1	1	NA
GO:0015768	0	1	10923	4714	0	1	1	NA
GO:0016052	0	8	10923	4714	0	1	1	NA
GO:0016132	0	3	10923	4714	0	1	1	NA
GO:0016168	0	2	10923	4714	0	1	1	NA
GO:0016486	0	4	10923	4714	0	1	1	NA
GO:0016521	0	6	10923	4714	0	1	1	NA
GO:0016539	0	1	10923	4714	0	1	1	NA
GO:0016594	0	1	10923	4714	0	1	1	NA
GO:0016607	0	1	10923	4714	0	1	1	NA
GO:0016755	0	1	10923	4714	0	1	1	NA
GO:0018773	0	1	10923	4714	0	1	1	NA
GO:0019028	0	2	10923	4714	0	1	1	NA
GO:0019031	0	17	10923	4714	0	1	1	NA
GO:0019058	0	1	10923	4714	0	1	1	NA
GO:0019432	0	1	10923	4714	0	1	1	NA
GO:0019464	0	1	10923	4714	0	1	1	NA
GO:0019478	0	1	10923	4714	0	1	1	NA
GO:0019684	0	2	10923	4714	0	1	1	NA
GO:0019871	0	27	10923	4714	0	1	1	NA
GO:0022829	0	3	10923	4714	0	1	1	NA
GO:0030042	0	1	10923	4714	0	1	1	NA
GO:0030153	0	1	10923	4714	0	1	1	NA
GO:0030170	0	1	10923	4714	0	1	1	NA
GO:0030246	0	5	10923	4714	0	1	1	NA
GO:0030301	0	3	10923	4714	0	1	1	NA
GO:0030332	0	1	10923	4714	0	1	1	NA
GO:0030598	0	2	10923	4714	0	1	1	NA
GO:0031023	0	1	10923	4714	0	1	1	NA
GO:0031932	0	1	10923	4714	0	1	1	NA
GO:0032355	0	1	10923	4714	0	1	1	NA
GO:0032570	0	1	10923	4714	0	1	1	NA
GO:0032880	0	8	10923	4714	0	1	1	NA
GO:0032897	0	4	10923	4714	0	1	1	NA
GO:0033736	0	1	10923	4714	0	1	1	NA
GO:0033819	0	1	10923	4714	0	1	1	NA
GO:0034116	0	1	10923	4714	0	1	1	NA
GO:0034366	0	3	10923	4714	0	1	1	NA
GO:0035307	0	1	10923	4714	0	1	1	NA
GO:0036088	0	1	10923	4714	0	1	1	NA
GO:0038203	0	1	10923	4714	0	1	1	NA
GO:0039678	0	1	10923	4714	0	1	1	NA
GO:0042025	0	3	10923	4714	0	1	1	NA
GO:0042151	0	7	10923	4714	0	1	1	NA
GO:0042304	0	1	10923	4714	0	1	1	NA
GO:0042326	0	1	10923	4714	0	1	1	NA
GO:0042475	0	1	10923	4714	0	1	1	NA
GO:0042956	0	1	10923	4714	0	1	1	NA
GO:0043236	0	1	10923	4714	0	1	1	NA
GO:0043295	0	1	10923	4714	0	1	1	NA
GO:0044179	0	17	10923	4714	0	1	1	NA
GO:0044562	0	20	10923	4714	0	1	1	NA
GO:0045017	0	1	10923	4714	0	1	1	NA
GO:0045806	0	1	10923	4714	0	1	1	NA
GO:0046416	0	1	10923	4714	0	1	1	NA
GO:0046527	0	1	10923	4714	0	1	1	NA
GO:0048030	0	1	10923	4714	0	1	1	NA
GO:0048240	0	2	10923	4714	0	1	1	NA
GO:0048242	0	2	10923	4714	0	1	1	NA
GO:0048488	0	2	10923	4714	0	1	1	NA
GO:0050434	0	2	10923	4714	0	1	1	NA
GO:0050796	0	1	10923	4714	0	1	1	NA
GO:0050808	0	2	10923	4714	0	1	1	NA
GO:0050817	0	4	10923	4714	0	1	1	NA
GO:0050918	0	1	10923	4714	0	1	1	NA
GO:0051011	0	2	10923	4714	0	1	1	NA
GO:0051225	0	1	10923	4714	0	1	1	NA
GO:0051428	0	8	10923	4714	0	1	1	NA
GO:0051607	0	4	10923	4714	0	1	1	NA
GO:0051721	0	1	10923	4714	0	1	1	NA
GO:0055052	0	1	10923	4714	0	1	1	NA
GO:0055130	0	1	10923	4714	0	1	1	NA
GO:0070125	0	1	10923	4714	0	1	1	NA
GO:0070527	0	1	10923	4714	0	1	1	NA
GO:0070534	0	1	10923	4714	0	1	1	NA
GO:0070652	0	1	10923	4714	0	1	1	NA
GO:0070979	0	1	10923	4714	0	1	1	NA
GO:0072377	0	1	10923	4714	0	1	1	NA
GO:0090280	0	1	10923	4714	0	1	1	NA
GO:0098025	0	1	10923	4714	0	1	1	NA
GO:0098932	0	1	10923	4714	0	1	1	NA
GO:0099122	0	1	10923	4714	0	1	1	NA
GO:0120020	0	3	10923	4714	0	1	1	NA
GO:0140911	0	11	10923	4714	0	1	1	NA
GO:1900191	0	1	10923	4714	0	1	1	NA
GO:1901214	0	2	10923	4714	0	1	1	NA
GO:1901318	0	4	10923	4714	0	1	1	NA
GO:1901982	0	1	10923	4714	0	1	1	NA
GO:1903136	0	2	10923	4714	0	1	1	NA
GO:1903494	0	1	10923	4714	0	1	1	NA
GO:1903496	0	1	10923	4714	0	1	1	NA
GO:2000852	0	1	10923	4714	0	1	1	NA
GO:2001237	0	1	10923	4714	0	1	1	NA
GO:0098542	5	331	10923	4714	0.00606416	1	1	NA
GO:0019836	1	44	10923	4714	0.00971767	1	1	NA
GO:0090729	1	41	10923	4714	0.0104354	1	1	NA
GO:0006959	7	105	10923	4714	0.0281483	1	1	NA
GO:0006952	307	1798	10923	4714	0.0469003	1	1	NA
GO:0001716	6	43	10923	4714	0.0597021	1	1	NA
GO:0009063	6	43	10923	4714	0.0597021	1	1	NA
GO:0042742	168	967	10923	4714	0.060528	1	1	NA
GO:0001530	25	163	10923	4714	0.064049	1	1	NA
GO:0050829	131	524	10923	4714	0.0970626	1	1	NA
GO:0019731	114	359	10923	4714	0.127942	1	1	NA
GO:0050830	235	577	10923	4714	0.157645	1	1	NA
GO:0051673	52	97	10923	4714	0.227678	1	1	NA
GO:0045087	110	201	10923	4714	0.22841	1	1	NA
GO:0071222	53	97	10923	4714	0.232078	1	1	NA
GO:0005576	1654	2015	10923	4714	0.239018	1	1	NA
GO:0002227	94	144	10923	4714	0.275482	1	1	NA
GO:0061844	251	356	10923	4714	0.287916	1	1	NA
GO:0031731	84	123	10923	4714	0.289263	1	1	NA
GO:0003796	181	193	10923	4714	0.394703	1	1	NA
